take,t_ms,state,tilt_deg,hipV_per_s
1,2553.2,STANDING,0.64,0.000
1,2585.8,STANDING,0.53,0.018
1,2619.2,STANDING,0.47,0.000
1,2652.4,STANDING,0.33,-0.108
1,2685.8,STANDING,0.28,-0.069
1,2719.2,STANDING,0.19,-0.062
1,2752.6,STANDING,0.14,0.001
1,2785.8,STANDING,0.20,-0.004
1,2819.3,STANDING,0.30,-0.047
1,2852.5,STANDING,0.38,-0.097
1,2887.3,STANDING,0.69,-0.120
1,2919.3,STANDING,0.90,-0.182
1,2952.5,STANDING,1.06,-0.182
1,2985.8,STANDING,1.25,-0.146
1,3019.1,STANDING,1.55,-0.185
1,3052.6,STANDING,1.89,-0.267
1,3085.8,STANDING,2.22,-0.195
1,3119.2,STANDING,2.64,-0.277
1,3152.5,STANDING,2.90,-0.356
1,3185.8,STANDING,2.99,-0.404
1,3220.2,STANDING,3.02,-0.367
1,3252.6,STANDING,3.11,-0.297
1,3285.9,STANDING,3.24,-0.324
1,3319.2,STANDING,3.39,-0.400
1,3352.6,STANDING,3.42,-0.372
1,3386.8,STANDING,3.51,-0.410
1,3419.2,STANDING,3.57,-0.468
1,3452.5,STANDING,3.61,-0.478
1,3485.8,STANDING,3.64,-0.432
1,3519.2,STANDING,3.70,-0.430
1,3552.5,STANDING,3.70,-0.387
1,3585.8,STANDING,3.67,-0.345
1,3619.2,STANDING,3.60,-0.261
1,3652.5,STANDING,3.46,-0.219
1,3685.8,STANDING,3.35,-0.206
1,3719.2,STANDING,3.27,-0.170
1,3752.5,STANDING,3.09,-0.155
1,3786.7,STANDING,2.91,-0.185
1,3819.2,STANDING,2.69,-0.222
1,3852.5,STANDING,2.52,-0.186
1,3885.9,STANDING,2.26,-0.129
1,3920.3,STANDING,2.13,-0.121
1,3952.5,STANDING,1.93,-0.153
1,3994.6,STANDING,1.85,-0.180
1,4027.5,STANDING,1.87,-0.166
1,4060.8,STANDING,1.85,-0.177
1,4094.2,STANDING,1.79,-0.182
1,4127.5,STANDING,1.68,-0.222
1,4161.8,STANDING,1.60,-0.218
1,4194.2,STANDING,1.57,-0.246
1,4227.6,STANDING,1.42,-0.244
1,4261.9,STANDING,1.28,-0.247
1,4294.2,STANDING,1.14,-0.212
1,4327.5,STANDING,1.11,-0.138
1,4360.9,STANDING,1.10,-0.094
1,4394.2,STANDING,1.13,-0.063
1,4427.5,STANDING,1.29,-0.035
1,4460.9,STANDING,1.50,-0.023
1,4494.2,STANDING,1.65,-0.024
1,4527.5,STANDING,1.77,-0.038
1,4560.9,STANDING,1.88,-0.049
1,4594.2,STANDING,1.96,-0.055
1,4627.9,STANDING,2.01,-0.057
1,4661.9,STANDING,2.04,-0.053
1,4695.3,STANDING,2.02,-0.040
1,4727.5,STANDING,1.92,-0.046
1,4760.9,STANDING,1.68,-0.028
1,4794.5,STANDING,1.37,-0.036
1,4827.8,STANDING,1.17,-0.078
1,4861.2,STANDING,0.90,-0.072
1,4895.3,STANDING,0.77,-0.049
1,4927.9,STANDING,0.81,-0.076
1,4961.1,STANDING,0.85,-0.140
1,4993.2,STANDING,0.83,-0.130
1,5027.5,STANDING,0.87,-0.129
1,5052.6,STANDING,0.87,-0.153
1,5094.4,STANDING,0.93,-0.133
1,5127.8,STANDING,0.90,-0.116
1,5161.1,STANDING,0.89,-0.087
1,5194.7,STANDING,0.75,-0.065
1,5228.3,STANDING,0.62,-0.069
1,5260.9,STANDING,0.41,-0.039
1,5294.4,STANDING,0.46,-0.045
1,5327.8,STANDING,0.65,-0.022
1,5360.9,STANDING,0.93,-0.023
1,5394.3,STANDING,1.17,-0.033
1,5427.8,STANDING,1.43,-0.028
1,5460.8,STANDING,1.57,-0.013
1,5493.3,STANDING,1.66,-0.006
1,5527.8,STANDING,1.71,-0.009
1,5561.2,STANDING,1.81,-0.017
1,5594.1,STANDING,1.91,-0.021
1,5620.1,STANDING,1.94,-0.016
1,5660.8,STANDING,1.98,-0.013
1,5694.3,STANDING,1.99,-0.011
1,5727.9,STANDING,2.00,-0.006
1,5761.2,STANDING,1.99,-0.003
1,5794.4,STANDING,1.98,-0.001
1,5827.8,STANDING,2.06,0.000
1,5861.1,STANDING,2.17,-0.010
1,5894.4,STANDING,2.26,-0.010
1,5927.7,STANDING,2.30,-0.003
1,5960.9,STANDING,2.40,-0.001
1,5995.2,STANDING,2.62,0.017
1,6027.8,STANDING,2.99,0.010
1,6061.3,STANDING,3.49,0.024
1,6095.1,STANDING,3.95,0.017
1,6127.9,STANDING,4.49,0.048
1,6161.3,STANDING,5.33,0.039
1,6194.2,STANDING,6.40,0.098
1,6227.6,STANDING,7.58,0.137
1,6261.2,STANDING,8.77,0.166
1,6294.1,STANDING,9.82,0.118
1,6327.6,STANDING,11.03,0.096
1,6361.1,STANDING,12.18,0.109
1,6394.4,STANDING,13.03,0.151
1,6427.5,STANDING,13.74,0.181
1,6460.8,STANDING,14.35,0.223
1,6494.5,STANDING,14.91,0.238
1,6527.7,STANDING,15.37,0.251
1,6561.0,STANDING,16.00,0.229
1,6594.3,STANDING,16.73,0.266
1,6627.8,STANDING,17.65,0.310
1,6661.1,STANDING,18.83,0.235
1,6694.3,STANDING,19.96,0.296
1,6727.6,STANDING,21.60,0.246
1,6760.9,STANDING,23.72,0.186
1,6795.2,STANDING,26.38,0.151
1,6827.5,STANDING,29.49,0.208
1,6860.8,STANDING,33.30,0.160
1,6894.3,STANDING,37.34,0.191
1,6927.6,STANDING,40.53,0.277
1,6960.8,STANDING,43.04,0.328
1,6994.2,STANDING,45.60,0.265
1,7027.8,STANDING,47.77,0.250
1,7061.1,STANDING,48.64,0.241
1,7094.1,STANDING,48.20,0.204
1,7127.6,STANDING,46.44,0.246
1,7161.2,STANDING,43.38,0.330
1,7194.5,STANDING,40.36,0.295
1,7227.6,STANDING,37.75,0.259
1,7262.0,STANDING,35.46,0.249
1,7295.2,STANDING,33.48,0.253
1,7327.7,STANDING,31.62,0.181
1,7361.1,STANDING,29.98,0.149
1,7394.3,STANDING,27.61,0.228
1,7427.8,STANDING,25.53,0.220
1,7461.3,STANDING,24.05,0.194
1,7495.3,STANDING,23.25,0.159
1,7527.9,STANDING,22.92,0.140
1,7560.9,STANDING,23.23,0.078
1,7594.4,STANDING,24.58,0.023
1,7627.7,STANDING,26.52,-0.003
1,7660.9,STANDING,28.75,0.014
1,7694.5,STANDING,31.48,0.084
1,7727.9,STANDING,34.81,0.102
1,7761.3,STANDING,38.37,0.057
1,7794.2,STANDING,42.66,0.029
1,7827.5,STANDING,46.91,0.016
1,7861.2,STANDING,51.03,0.009
1,7894.5,STANDING,54.93,-0.017
1,7927.5,STANDING,58.54,-0.040
1,7960.8,STANDING,62.14,-0.056
1,7994.3,STANDING,65.27,-0.061
1,8027.6,STANDING,68.29,-0.057
1,8061.3,STANDING,71.00,-0.057
1,8094.4,STANDING,73.53,-0.034
1,8127.7,STANDING,75.61,-0.009
1,8161.0,STANDING,77.22,-0.005
1,8194.3,STANDING,78.52,-0.001
1,8227.6,STANDING,79.28,0.002
1,8260.9,STANDING,80.03,0.002
1,8294.3,STANDING,80.76,0.000
1,8327.5,STANDING,81.50,0.000
1,8360.9,STANDING,82.20,0.005
1,8394.6,STANDING,82.76,0.004
1,8427.7,STANDING,83.26,0.004
1,8460.9,STANDING,83.59,0.009
1,8494.3,STANDING,83.81,0.019
1,8527.8,STANDING,83.78,0.032
1,8561.0,STANDING,83.53,0.044
1,8595.2,STANDING,83.16,0.049
1,8627.6,STANDING,82.95,0.038
1,8661.2,STANDING,82.93,0.033
1,8695.3,STANDING,83.12,0.019
1,8727.8,STANDING,83.32,0.014
1,8761.2,STANDING,83.53,0.005
1,8794.5,STANDING,83.82,-0.001
1,8827.5,STANDING,84.08,0.001
1,8861.1,STANDING,84.39,-0.012
1,8894.3,STANDING,84.45,0.006
1,8927.7,STANDING,84.53,0.004
1,8961.0,STANDING,84.65,0.003
1,8994.5,STANDING,84.74,0.004
1,9027.8,STANDING,84.82,0.006
1,9061.0,STANDING,84.86,0.005
1,9094.3,STANDING,84.90,0.007
1,9127.6,STANDING,84.92,0.005
1,9161.1,STANDING,84.91,0.004
1,9194.1,STANDING,84.87,0.005
1,9227.6,STANDING,84.83,0.004
1,9261.1,STANDING,84.78,0.004
1,9294.3,STANDING,84.73,0.002
1,9327.6,STANDING,84.69,0.001
1,9361.1,STANDING,84.68,-0.003
1,9394.3,STANDING,84.68,-0.004
1,9427.9,STANDING,84.80,-0.018
1,9461.0,STANDING,84.91,-0.016
1,9495.2,STANDING,85.18,-0.026
1,9527.6,STANDING,85.33,-0.014
1,9561.0,STANDING,85.34,-0.007
1,9594.2,STANDING,85.26,0.001
1,9627.8,STANDING,85.14,0.004
1,9661.0,STANDING,84.95,0.007
1,9694.4,STANDING,84.76,0.009
1,9727.9,STANDING,84.51,0.013
1,9760.9,STANDING,84.26,0.015
1,9794.3,STANDING,83.99,0.016
1,9827.7,STANDING,83.77,0.010
1,9861.9,STANDING,83.56,0.009
1,9894.5,STANDING,83.35,0.008
1,9927.9,STANDING,83.16,0.005
1,9961.3,STANDING,83.00,0.003
1,9994.2,STANDING,82.89,0.002
1,10027.6,STANDING,82.85,-0.004
1,10060.8,STANDING,82.70,0.004
1,10095.2,STANDING,82.32,0.006
1,10127.6,STANDING,82.00,0.005
1,10161.0,STANDING,81.64,0.007
1,10194.4,STANDING,81.19,0.005
1,10227.8,STANDING,80.81,0.005
1,10261.2,STANDING,80.36,0.003
1,10295.0,STANDING,79.95,-0.011
1,10327.5,STANDING,79.64,-0.021
1,10361.1,STANDING,79.37,-0.027
1,10394.2,STANDING,79.27,-0.055
1,10427.6,STANDING,79.08,-0.054
1,10460.9,STANDING,78.68,-0.043
1,10494.2,STANDING,78.11,-0.043
1,10527.7,STANDING,77.48,-0.044
1,10561.0,STANDING,76.95,-0.043
1,10594.4,STANDING,76.53,-0.042
1,10627.6,STANDING,76.21,-0.045
1,10661.3,STANDING,75.87,-0.041
1,10694.2,STANDING,75.36,-0.022
1,10727.9,STANDING,74.77,-0.016
1,10761.1,STANDING,74.19,-0.020
1,10794.2,STANDING,73.61,-0.040
1,10827.5,STANDING,73.07,-0.035
1,10861.3,STANDING,72.52,-0.029
1,10894.4,STANDING,71.87,-0.019
1,10927.6,STANDING,71.05,-0.025
1,10961.3,STANDING,70.16,-0.012
1,10994.5,STANDING,68.99,-0.006
1,11027.6,STANDING,68.16,-0.014
1,11061.1,STANDING,67.55,-0.009
1,11094.2,STANDING,67.36,-0.012
1,11127.7,STANDING,67.17,-0.019
1,11161.1,STANDING,67.29,-0.034
1,11194.2,STANDING,67.47,-0.038
1,11227.5,STANDING,67.77,-0.035
1,11260.9,STANDING,68.45,-0.057
1,11295.2,STANDING,69.63,-0.090
1,11327.5,STANDING,70.98,-0.078
1,11361.2,STANDING,72.75,-0.098
1,11394.2,STANDING,74.74,-0.080
1,11427.5,STANDING,76.67,-0.069
1,11452.7,STANDING,78.67,-0.175
1,11494.3,STANDING,80.92,-0.140
1,11527.7,STANDING,83.32,-0.124
1,11560.9,STANDING,85.65,-0.108
1,11594.4,STANDING,87.14,-0.090
1,11627.6,STANDING,88.00,-0.054
1,11661.2,STANDING,87.97,-0.054
1,11694.4,STANDING,87.21,-0.039
1,11727.6,STANDING,87.17,-0.003
1,11760.9,STANDING,86.76,-0.012
1,11794.2,STANDING,86.28,-0.012
1,11827.8,STANDING,85.96,-0.002
1,11861.0,STANDING,86.09,0.014
1,11894.2,STANDING,86.50,0.027
1,11927.5,STANDING,87.09,0.032
1,11960.9,STANDING,87.74,0.020
1,11994.4,STANDING,88.62,-0.019
1,12027.5,STANDING,88.84,-0.064
1,12060.8,STANDING,88.93,-0.094
1,12094.4,STANDING,88.99,-0.134
1,12127.7,STANDING,87.25,-0.110
1,12161.0,STANDING,84.71,-0.069
1,12194.5,STANDING,80.52,-0.046
1,12227.9,STANDING,76.56,-0.033
1,12261.2,STANDING,73.04,-0.040
1,12295.2,STANDING,70.42,-0.025
1,12327.6,STANDING,67.25,-0.008
1,12360.9,STANDING,63.97,-0.039
1,12394.3,STANDING,60.98,-0.064
1,12427.7,STANDING,57.80,-0.053
1,12461.0,STANDING,54.07,0.016
1,12494.5,STANDING,49.92,0.009
1,12527.9,STANDING,46.25,-0.062
1,12560.9,STANDING,41.99,-0.075
1,12594.1,STANDING,37.18,-0.046
1,12627.9,STANDING,32.19,-0.057
1,12660.8,STANDING,27.08,0.080
1,12694.6,STANDING,21.90,-0.014
1,12728.5,STANDING,16.72,0.035
1,12760.9,STANDING,11.84,0.153
1,12794.3,STANDING,7.51,0.207
1,12827.8,STANDING,4.68,0.109
1,12861.0,STANDING,3.15,0.015
1,12894.2,STANDING,2.33,-0.026
1,12928.6,STANDING,2.03,-0.095
1,12961.2,STANDING,1.96,-0.207
1,12994.6,STANDING,2.07,-0.328
1,13027.5,STANDING,2.10,-0.474
1,13060.8,STANDING,1.90,-0.435
1,13094.2,STANDING,2.02,-0.429
1,13127.8,STANDING,1.92,-0.359
1,13162.0,STANDING,1.80,-0.349
1,13194.5,STANDING,1.89,-0.323
1,13227.7,STANDING,2.00,-0.293
1,13261.0,STANDING,2.21,-0.284
1,13294.2,STANDING,2.43,-0.255
1,13327.9,STANDING,2.57,-0.226
1,13360.8,STANDING,2.59,-0.193
1,13394.2,STANDING,2.58,-0.160
1,13427.6,STANDING,2.52,-0.123
1,13461.0,STANDING,2.43,-0.070
1,13494.2,STANDING,2.38,-0.046
1,13527.5,STANDING,2.22,-0.059
1,13560.9,STANDING,2.11,-0.035
1,13594.2,STANDING,2.01,0.002
1,13627.6,STANDING,2.00,0.008
1,13661.1,STANDING,2.01,0.022
1,13694.3,STANDING,2.06,0.019
1,13727.5,STANDING,2.14,0.020
1,13761.2,STANDING,2.25,0.041
1,13794.5,STANDING,2.35,0.106
1,13827.5,STANDING,2.45,0.102
1,13861.2,STANDING,2.52,0.119
1,13894.2,STANDING,2.54,0.125
1,13927.5,STANDING,2.58,0.110
1,13960.9,STANDING,2.65,0.114
1,13994.4,STANDING,2.63,0.139
1,14027.5,STANDING,2.68,0.142
1,14061.2,STANDING,2.81,0.122
1,14095.3,STANDING,2.92,0.133
1,14128.6,STANDING,3.07,0.155
1,14161.0,STANDING,3.20,0.188
1,14194.5,STANDING,3.36,0.196
1,14228.5,STANDING,3.51,0.157
1,14261.2,STANDING,3.53,0.154
1,14294.3,STANDING,3.52,0.168
1,14327.8,STANDING,3.52,0.217
1,14361.3,STANDING,3.49,0.207
1,14394.3,STANDING,3.57,0.194
1,14427.8,STANDING,3.59,0.237
1,14461.2,STANDING,3.59,0.260
1,14494.4,STANDING,3.53,0.304
1,14527.6,STANDING,3.37,0.278
1,14561.1,STANDING,3.17,0.233
1,14594.2,STANDING,2.91,0.232
1,14627.8,STANDING,2.63,0.139
1,14661.0,STANDING,2.47,0.124
1,14695.3,STANDING,2.35,0.181
1,14727.7,STANDING,2.11,0.283
1,14762.0,STANDING,1.95,0.275
1,14794.3,STANDING,1.74,0.187
1,14827.7,STANDING,1.72,0.047
1,14861.1,STANDING,1.85,-0.006
1,14894.2,STANDING,2.01,-0.015
1,14927.5,STANDING,2.27,-0.028
1,14961.1,STANDING,2.48,-0.034
1,14995.3,STANDING,2.69,-0.202
1,15027.7,STANDING,3.00,-0.376
1,15061.0,STANDING,3.46,-0.460
1,15095.3,STANDING,3.83,-0.302
1,15127.8,STANDING,4.20,-0.141
1,15160.8,STANDING,4.28,0.071
1,15194.2,STANDING,4.23,0.062
1,15227.5,STANDING,4.06,0.249
1,15261.3,STANDING,3.96,0.171
1,15294.2,STANDING,3.80,0.407
1,15327.5,FALLING,3.51,0.531
1,15360.8,FALLING,2.74,0.588
1,15394.2,FALLING,1.99,0.329
1,15427.5,FALLING,1.30,0.180
1,15460.8,FALLING,0.85,0.047
1,15494.2,FALLING,0.62,-0.004
1,15527.6,FALLING,0.50,-0.013
1,15560.9,FALLING,0.45,-0.026
1,15594.2,FALLING,0.42,0.106
1,15628.0,FALLING,0.47,0.063
1,15660.9,FALLING,0.48,0.103
1,15694.2,FALLING,0.53,0.049
1,15727.8,FALLING,0.56,0.075
1,15760.9,FALLING,0.59,0.047
1,15794.5,FALLING,0.68,0.087
1,15827.8,FALLING,0.87,0.038
1,15861.1,FALLING,0.99,0.085
1,15894.2,FALLING,0.99,0.047
1,15927.5,FALLING,1.06,-0.035
1,15961.0,FALLING,1.12,-0.016
1,15994.3,FALLING,1.27,-0.044
1,16027.5,FALLING,1.31,0.025
1,16060.9,FALLING,1.31,0.021
1,16094.2,FALLING,1.33,-0.004
1,16127.9,FALLING,1.39,-0.025
1,16160.8,FALLING,1.41,-0.016
1,16194.2,FALLING,1.45,0.022
1,16227.6,FALLING,1.47,0.012
1,16261.0,FALLING,1.47,0.018
1,16294.6,FALLING,1.46,0.088
1,16327.6,STANDING,1.43,0.113
1,16361.0,STANDING,1.32,0.063
1,16394.3,STANDING,1.20,0.180
1,16427.5,STANDING,1.08,0.229
1,16460.8,STANDING,1.02,0.114
1,16494.2,STANDING,0.95,0.056
1,16527.5,STANDING,0.90,0.023
1,16552.6,STANDING,0.70,0.012
1,16594.3,STANDING,0.53,0.002
1,16627.9,STANDING,0.43,0.033
1,16661.3,STANDING,0.41,-0.005
1,16694.5,STANDING,0.52,-0.003
1,16727.6,STANDING,0.60,-0.047
1,16761.2,STANDING,0.56,-0.050
1,16794.3,STANDING,0.45,-0.004
1,16827.6,STANDING,0.70,-0.080
1,16861.0,STANDING,1.35,-0.199
1,16894.3,STANDING,2.17,-0.108
1,16927.7,STANDING,2.70,-0.133
1,16961.2,STANDING,2.72,-0.180
1,16994.5,STANDING,2.62,-0.138
1,17027.8,STANDING,2.49,-0.130
1,17060.9,STANDING,2.33,-0.092
1,17094.5,STANDING,2.28,-0.098
1,17127.6,STANDING,2.15,-0.077
1,17161.2,STANDING,2.11,-0.138
1,17194.2,STANDING,2.08,-0.123
1,17227.8,STANDING,2.04,-0.103
1,17261.1,STANDING,2.00,-0.120
1,17294.3,STANDING,1.95,-0.071
1,17327.5,STANDING,1.88,-0.039
1,17360.9,STANDING,1.69,-0.029
1,17394.4,STANDING,1.45,-0.013
1,17427.5,STANDING,1.19,-0.026
1,17460.8,STANDING,0.88,-0.087
1,17494.2,STANDING,0.55,-0.160
1,17527.9,STANDING,0.35,-0.348
1,17560.9,STANDING,0.30,-0.370
1,17594.2,STANDING,0.27,-0.367
1,17628.0,STANDING,0.40,-0.334
1,17661.9,STANDING,0.59,-0.291
1,17694.4,STANDING,0.82,-0.224
1,17727.7,STANDING,0.90,-0.188
1,17761.0,STANDING,1.04,-0.166
1,17794.2,STANDING,1.07,-0.149
1,17826.6,STANDING,1.24,-0.192
1,17859.9,STANDING,1.33,-0.218
1,17894.4,STANDING,1.43,-0.254
1,17927.0,STANDING,1.45,-0.299
1,17961.2,STANDING,1.40,-0.304
1,17994.3,STANDING,1.32,-0.255
1,18027.8,STANDING,1.27,-0.230
1,18061.2,STANDING,1.20,-0.248
1,18094.3,STANDING,1.03,-0.240
1,18127.6,STANDING,0.94,-0.181
1,18160.9,STANDING,0.87,-0.104
1,18194.5,STANDING,0.88,-0.050
1,18227.7,STANDING,1.06,-0.010
1,18261.2,STANDING,1.39,-0.018
1,18294.3,STANDING,1.72,-0.058
1,18327.8,STANDING,2.13,-0.046
1,18360.8,STANDING,2.53,-0.069
1,18394.2,STANDING,2.85,-0.072
1,18427.8,STANDING,3.20,-0.064
1,18460.8,STANDING,3.54,-0.066
1,18494.5,STANDING,3.83,-0.054
1,18527.8,STANDING,3.99,-0.052
1,18561.1,STANDING,4.20,-0.023
1,18594.2,STANDING,4.30,-0.010
1,18627.6,STANDING,4.45,-0.014
1,18661.3,STANDING,4.36,-0.079
1,18694.2,STANDING,4.23,-0.081
1,18727.6,STANDING,4.03,-0.141
1,18760.8,STANDING,3.87,-0.189
1,18794.5,STANDING,3.81,-0.239
1,18827.5,STANDING,3.78,-0.227
1,18861.0,STANDING,3.73,-0.173
1,18894.3,STANDING,3.65,-0.187
1,18927.7,STANDING,3.47,-0.148
1,18961.0,STANDING,3.22,-0.128
1,18994.4,STANDING,2.86,-0.101
1,19027.7,STANDING,2.45,-0.082
1,19061.0,STANDING,1.90,-0.067
1,19094.3,STANDING,1.22,-0.032
1,19127.9,STANDING,0.94,-0.019
1,19161.0,STANDING,1.18,-0.019
1,19194.3,STANDING,1.80,-0.001
1,19227.8,STANDING,2.71,0.006
1,19261.0,STANDING,4.00,0.026
1,19295.0,STANDING,5.23,0.045
1,19327.8,STANDING,6.44,0.150
1,19360.9,STANDING,7.59,0.160
1,19394.2,STANDING,8.75,0.150
1,19427.5,STANDING,10.02,0.094
1,19459.9,STANDING,11.39,0.086
1,19495.5,STANDING,12.93,0.106
1,19527.5,STANDING,14.85,0.075
1,19561.1,STANDING,16.71,0.110
1,19594.2,STANDING,18.93,0.054
1,19627.8,STANDING,21.08,0.073
1,19660.9,STANDING,23.50,0.092
1,19695.3,STANDING,25.52,0.165
1,19727.5,STANDING,28.35,0.174
1,19760.8,STANDING,31.01,0.304
1,19794.2,STANDING,34.29,0.099
1,19827.5,STANDING,37.02,0.230
1,19860.9,STANDING,39.37,0.284
1,19894.6,STANDING,41.74,0.309
1,19927.6,STANDING,43.71,0.258
1,19960.9,FALLING,43.21,0.477
1,19994.2,FALLING,43.33,0.358
1,20027.8,FALLING,43.79,0.424
1,20061.0,FALLING,44.98,0.396
1,20094.4,FALLING,47.04,0.236
1,20127.5,FALLING,49.47,0.102
1,20160.9,FALLING,51.60,0.135
1,20194.3,FALLING,53.37,0.139
1,20227.7,FALLING,55.34,0.098
1,20261.2,FALLING,55.79,0.106
1,20294.4,FALLING,54.62,0.116
1,20327.7,FALLING,52.48,0.171
1,20361.0,FALLING,49.43,0.241
1,20394.5,FALLING,45.72,0.255
1,20427.5,FALLING,42.30,0.284
1,20460.9,FALLING,39.08,0.216
1,20495.3,FALLING,36.85,0.116
1,20527.6,FALLING,34.95,0.115
1,20561.3,FALLING,33.18,0.143
1,20594.2,FALLING,32.12,0.118
1,20627.7,FALLING,30.97,0.131
1,20661.1,FALLING,29.91,0.144
1,20695.4,FALLING,28.10,0.264
1,20727.8,FALLING,27.12,0.165
1,20760.8,FALLING,26.18,0.146
1,20794.3,FALLING,25.27,0.117
1,20827.5,FALLING,23.99,0.130
1,20862.0,FALLING,23.06,0.111
1,20894.2,FALLING,22.46,0.115
1,20927.7,FALLING,22.22,0.084
1,20960.9,FALLING,22.09,0.088
1,20994.6,STANDING,22.45,0.066
1,21027.5,STANDING,23.16,0.041
1,21061.1,STANDING,24.12,0.034
1,21094.6,STANDING,25.34,0.032
1,21127.8,STANDING,26.84,0.026
1,21160.9,STANDING,28.79,0.009
1,21194.3,STANDING,30.72,-0.008
1,21227.6,STANDING,32.60,-0.032
1,21261.1,STANDING,35.45,-0.114
1,21295.3,STANDING,38.58,-0.089
1,21327.9,STANDING,41.97,-0.072
1,21360.9,STANDING,45.57,-0.053
1,21394.4,STANDING,49.01,-0.044
1,21427.9,STANDING,52.48,-0.040
1,21460.8,STANDING,55.59,-0.031
1,21494.5,STANDING,58.12,-0.022
1,21527.6,STANDING,60.28,-0.019
1,21561.2,STANDING,62.22,-0.038
1,21594.4,STANDING,64.24,-0.038
1,21627.8,STANDING,66.38,-0.022
1,21661.1,STANDING,68.55,-0.013
1,21694.3,STANDING,70.60,-0.004
1,21727.6,STANDING,72.64,0.002
1,21762.0,STANDING,74.28,0.008
1,21795.4,STANDING,75.51,0.017
1,21828.7,STANDING,76.26,0.021
1,21862.2,STANDING,76.83,0.017
1,21894.5,STANDING,77.29,0.011
1,21927.9,STANDING,77.70,0.008
1,21961.0,STANDING,77.95,0.008
1,21994.2,STANDING,78.12,0.010
1,22027.5,STANDING,78.26,0.004
1,22060.8,STANDING,78.60,0.006
1,22094.2,STANDING,78.76,0.023
1,22127.7,STANDING,78.56,0.046
1,22161.1,STANDING,78.69,0.029
1,22195.3,STANDING,78.74,0.027
1,22227.6,STANDING,78.82,0.024
1,22260.9,STANDING,78.96,0.016
1,22294.2,STANDING,79.21,0.016
1,22327.8,STANDING,79.47,0.016
1,22361.3,STANDING,79.70,0.014
1,22394.5,STANDING,79.79,0.010
1,22427.8,STANDING,79.86,0.007
1,22461.2,STANDING,79.91,0.004
1,22494.5,STANDING,79.95,0.003
1,22527.9,STANDING,79.98,0.001
1,22560.8,STANDING,80.05,0.000
1,22594.5,STANDING,80.04,0.002
1,22627.9,STANDING,80.05,-0.001
1,22661.1,STANDING,80.06,-0.000
1,22694.4,STANDING,80.07,0.000
1,22727.5,STANDING,80.09,0.000
1,22761.2,STANDING,80.11,0.000
1,22794.5,STANDING,80.12,0.001
1,22828.6,STANDING,80.13,0.000
1,22861.0,STANDING,80.13,-0.000
1,22894.2,STANDING,80.14,-0.001
1,22928.6,STANDING,80.14,-0.005
1,22961.3,STANDING,80.11,-0.003
1,22994.3,STANDING,80.19,-0.012
1,23027.5,STANDING,80.21,-0.007
1,23061.2,STANDING,80.21,-0.006
1,23094.2,STANDING,80.12,-0.000
1,23127.5,STANDING,80.02,-0.000
1,23160.9,STANDING,79.95,0.001
1,23194.2,STANDING,79.82,0.001
1,23227.6,STANDING,79.71,-0.000
1,23260.9,STANDING,79.59,-0.000
1,23294.5,STANDING,79.41,-0.000
1,23327.6,STANDING,79.25,-0.003
1,23361.1,STANDING,79.14,-0.002
1,23394.2,STANDING,78.96,-0.001
1,23427.8,STANDING,78.69,-0.001
1,23462.0,STANDING,78.29,0.003
1,23494.4,STANDING,77.77,0.002
1,23527.7,STANDING,77.26,0.004
1,23561.0,STANDING,76.63,0.003
1,23594.3,STANDING,76.01,0.001
1,23628.7,STANDING,75.49,-0.005
1,23661.1,STANDING,75.19,-0.005
1,23694.2,STANDING,74.79,-0.004
1,23728.6,STANDING,74.17,-0.006
1,23760.9,STANDING,73.40,-0.004
1,23794.4,STANDING,72.34,-0.010
1,23827.5,STANDING,71.28,-0.018
1,23860.9,STANDING,70.18,-0.023
1,23894.3,STANDING,69.13,-0.022
1,23927.8,STANDING,68.18,-0.018
1,23961.0,STANDING,67.42,-0.017
1,23994.7,STANDING,66.90,-0.020
1,24027.7,STANDING,66.39,-0.028
1,24061.1,STANDING,65.93,-0.027
1,24094.3,STANDING,65.38,-0.037
1,24127.7,STANDING,64.63,-0.031
1,24161.1,STANDING,63.77,-0.034
1,24194.2,STANDING,62.83,-0.033
1,24227.9,STANDING,62.42,-0.067
1,24261.0,STANDING,62.05,-0.080
1,24294.5,STANDING,61.49,-0.062
1,24327.5,STANDING,61.05,-0.058
1,24361.1,STANDING,61.00,-0.047
1,24394.2,STANDING,61.13,-0.030
1,24427.6,STANDING,61.68,-0.055
1,24461.2,STANDING,62.98,-0.106
1,24494.3,STANDING,64.74,-0.136
1,24527.5,STANDING,67.14,-0.161
1,24561.2,STANDING,69.97,-0.170
1,24594.3,STANDING,73.37,-0.165
1,24627.8,STANDING,77.70,-0.200
1,24662.0,STANDING,81.97,-0.178
1,24694.3,STANDING,84.37,-0.156
1,24728.6,STANDING,84.47,-0.201
1,24761.0,STANDING,83.38,-0.124
1,24794.3,STANDING,82.40,-0.091
1,24827.6,STANDING,81.45,-0.047
1,24861.1,STANDING,81.19,-0.044
1,24894.2,STANDING,80.89,-0.044
1,24927.8,STANDING,80.07,-0.082
1,24961.4,STANDING,79.15,-0.065
1,24994.2,STANDING,79.00,-0.024
1,25027.9,STANDING,79.40,0.009
1,25060.9,STANDING,80.03,0.020
1,25094.5,STANDING,80.71,0.024
1,25127.8,STANDING,81.54,0.026
1,25161.0,STANDING,82.20,0.031
1,25194.5,STANDING,83.28,0.041
1,25227.6,STANDING,84.38,0.018
1,25261.2,STANDING,85.18,-0.010
1,25294.4,STANDING,85.48,-0.033
1,25327.5,STANDING,85.59,-0.051
1,25361.3,STANDING,85.36,-0.080
1,25394.2,STANDING,84.85,-0.096
1,25427.9,STANDING,85.82,-0.084
1,25461.2,STANDING,87.01,-0.070
1,25494.2,STANDING,87.90,-0.058
1,25528.0,STANDING,88.62,-0.045
1,25561.9,STANDING,88.34,-0.037
1,25595.4,STANDING,87.44,-0.046
1,25627.8,STANDING,86.68,-0.065
1,25660.9,STANDING,85.55,-0.078
1,25694.3,STANDING,83.25,-0.068
1,25727.9,STANDING,80.70,-0.051
1,25760.9,STANDING,78.21,-0.025
1,25794.3,STANDING,76.34,-0.056
1,25827.6,STANDING,74.08,-0.041
1,25861.0,STANDING,71.75,-0.044
1,25894.3,STANDING,69.05,-0.044
1,25927.7,STANDING,66.48,-0.087
1,25961.2,STANDING,64.25,-0.087
1,25994.5,STANDING,62.01,-0.051
1,26027.8,STANDING,59.39,-0.051
1,26061.1,STANDING,55.85,-0.020
1,26094.2,STANDING,51.14,0.036
1,26127.6,STANDING,45.15,0.096
1,26161.1,STANDING,38.76,0.022
1,26194.4,STANDING,32.27,-0.057
1,26227.8,STANDING,26.03,-0.086
1,26261.9,STANDING,20.06,-0.075
1,26294.4,STANDING,14.54,-0.069
1,26327.8,STANDING,9.47,0.026
1,26361.1,STANDING,6.65,0.041
1,26394.2,STANDING,5.72,-0.046
1,26428.0,STANDING,5.87,-0.145
1,26460.9,STANDING,6.60,-0.301
1,26494.3,STANDING,7.62,-0.382
1,26528.0,STANDING,8.44,-0.323
1,26561.1,STANDING,9.30,-0.317
1,26594.2,STANDING,9.86,-0.291
1,26627.9,STANDING,10.08,-0.301
1,26660.8,STANDING,10.25,-0.304
1,26694.2,STANDING,10.17,-0.240
1,26727.8,STANDING,9.88,-0.194
1,26761.9,STANDING,9.46,-0.094
1,26794.4,STANDING,8.96,-0.049
1,26827.7,STANDING,8.34,-0.042
1,26861.0,STANDING,7.83,-0.045
1,26894.2,STANDING,7.31,-0.025
1,26927.5,STANDING,6.88,-0.005
1,26961.0,STANDING,6.49,0.005
1,26994.3,STANDING,6.09,0.010
1,27027.6,STANDING,5.65,0.014
1,27061.1,STANDING,5.21,0.026
1,27094.4,STANDING,4.79,0.054
1,27127.8,STANDING,4.43,0.074
1,27160.9,STANDING,4.05,0.112
1,27194.2,STANDING,3.73,0.117
1,27228.6,STANDING,3.44,0.170
1,27261.1,STANDING,3.25,0.106
1,27295.4,STANDING,2.98,0.093
1,27327.6,STANDING,2.76,0.058
1,27361.1,STANDING,2.56,0.052
1,27394.4,STANDING,2.32,0.055
1,27427.8,STANDING,2.11,0.128
1,27462.0,STANDING,1.99,0.184
1,27494.3,STANDING,1.79,0.178
1,27527.8,STANDING,1.53,0.248
1,27560.9,STANDING,1.29,0.249
1,27594.4,STANDING,1.13,0.228
1,27627.6,STANDING,1.08,0.212
1,27660.8,STANDING,1.03,0.236
1,27694.2,STANDING,1.02,0.226
1,27727.8,STANDING,1.05,0.220
1,27762.0,STANDING,1.01,0.189
1,27794.4,STANDING,1.00,0.146
1,27827.7,STANDING,1.05,0.180
1,27861.0,STANDING,1.07,0.186
1,27894.4,STANDING,1.16,0.156
1,27927.7,STANDING,1.27,0.107
1,27960.9,STANDING,1.41,0.036
1,27994.4,STANDING,1.53,0.042
1,28027.8,STANDING,1.65,0.075
1,28060.9,STANDING,1.78,0.080
1,28094.2,STANDING,1.79,0.120
1,28127.9,STANDING,1.89,0.165
1,28160.9,STANDING,2.08,0.179
1,28194.2,STANDING,2.28,0.073
1,28227.8,STANDING,2.61,-0.203
1,28261.2,STANDING,3.03,-0.295
1,28294.4,STANDING,3.33,-0.169
1,28327.8,STANDING,3.49,-0.073
1,28361.1,STANDING,3.23,0.136
1,28394.4,STANDING,2.87,0.245
1,28428.6,STANDING,2.56,0.361
1,28460.9,STANDING,2.25,0.354
1,28494.2,STANDING,1.85,0.283
1,28527.8,STANDING,1.45,0.378
1,28561.4,STANDING,0.91,0.218
1,28594.2,STANDING,1.03,0.120
1,28627.5,STANDING,1.01,0.048
1,28661.2,STANDING,0.87,0.013
1,28694.6,STANDING,0.64,0.063
1,28727.6,STANDING,0.45,0.019
1,28761.2,STANDING,0.30,-0.002
1,28794.4,STANDING,0.27,0.074
1,28827.8,STANDING,0.41,0.140
1,28860.9,STANDING,0.53,0.189
1,28894.2,STANDING,0.66,0.132
1,28928.0,STANDING,0.86,0.061
1,28961.0,STANDING,0.96,0.088
1,28994.7,STANDING,1.04,0.096
1,29027.6,STANDING,1.11,0.068
1,29060.8,STANDING,1.08,0.034
1,29094.2,STANDING,0.96,0.048
1,29127.6,STANDING,0.74,0.026
1,29160.9,STANDING,0.59,-0.054
1,29194.5,STANDING,0.45,-0.024
1,29228.7,STANDING,0.48,-0.036
1,29261.0,STANDING,0.51,0.023
1,29294.2,STANDING,0.54,-0.003
1,29328.7,STANDING,0.69,0.032
1,29361.1,STANDING,0.82,0.044
1,29394.6,STANDING,1.24,0.045
1,29427.8,STANDING,2.02,0.005
1,29461.1,STANDING,3.05,0.069
1,29494.5,STANDING,3.98,0.093
1,29528.6,STANDING,4.76,0.022
1,29561.0,STANDING,5.15,-0.024
1,29594.6,STANDING,5.19,0.014
1,29628.0,STANDING,5.05,0.114
1,29660.9,STANDING,4.84,0.171
1,29694.4,STANDING,4.59,0.157
1,29727.9,STANDING,4.36,0.195
1,29761.1,STANDING,4.17,0.111
1,29794.4,STANDING,4.01,0.058
1,29827.7,STANDING,3.88,0.014
1,29861.0,STANDING,3.71,-0.122
1,29894.4,STANDING,3.51,-0.271
1,29927.9,STANDING,3.25,-0.344
1,29961.2,STANDING,2.95,-0.321
1,29994.3,STANDING,2.61,-0.263
1,30027.6,STANDING,2.28,-0.233
1,30060.9,STANDING,2.12,-0.267
1,30095.3,STANDING,2.05,-0.341
1,30128.8,STANDING,2.18,-0.392
1,30161.1,STANDING,2.53,-0.385
1,30195.4,STANDING,2.90,-0.371
1,30227.6,STANDING,3.22,-0.256
1,30260.9,STANDING,3.47,-0.260
1,30294.5,STANDING,3.66,-0.336
1,30327.7,STANDING,3.93,-0.366
1,30361.2,STANDING,4.05,-0.364
1,30394.5,STANDING,4.27,-0.390
1,30427.8,STANDING,4.39,-0.293
1,30461.0,STANDING,4.51,-0.202
1,30494.5,STANDING,4.51,-0.111
1,30527.8,STANDING,4.47,-0.097
1,30561.1,STANDING,4.44,-0.076
1,30594.5,STANDING,4.50,-0.110
1,30628.7,STANDING,4.51,-0.081
1,30661.1,STANDING,4.61,-0.081
1,30694.5,STANDING,4.87,-0.080
1,30728.6,STANDING,5.28,-0.097
1,30760.8,STANDING,5.68,-0.113
1,30794.4,STANDING,5.99,-0.121
1,30827.8,STANDING,6.20,-0.123
1,30861.0,STANDING,6.45,-0.151
1,30894.4,STANDING,6.74,-0.139
1,30927.7,STANDING,7.11,-0.110
1,30962.1,STANDING,7.63,-0.085
1,30994.2,STANDING,7.98,-0.073
1,31027.8,STANDING,8.10,-0.082
1,31061.3,STANDING,8.18,-0.086
1,31094.3,STANDING,8.21,-0.116
1,31127.6,STANDING,8.21,-0.129
1,31161.2,STANDING,8.09,-0.124
1,31194.4,STANDING,7.94,-0.113
1,31227.8,STANDING,7.78,-0.114
1,31261.9,STANDING,7.65,-0.145
1,31294.4,STANDING,7.72,-0.185
1,31328.8,STANDING,7.81,-0.147
1,31362.0,STANDING,7.93,-0.139
1,31394.4,STANDING,8.04,-0.122
1,31427.7,STANDING,8.13,-0.107
1,31461.0,STANDING,8.20,-0.069
1,31494.4,STANDING,8.24,-0.068
1,31528.9,STANDING,8.24,-0.062
1,31560.9,STANDING,8.25,-0.077
1,31594.2,STANDING,8.17,-0.068
1,31627.5,STANDING,8.08,-0.090
1,31661.0,STANDING,8.11,-0.097
1,31694.5,STANDING,7.86,-0.057
1,31727.9,STANDING,7.51,-0.036
1,31760.9,STANDING,6.95,-0.045
1,31794.2,STANDING,6.29,-0.023
1,31827.6,STANDING,5.50,-0.063
1,31861.0,STANDING,4.75,-0.085
1,31894.4,STANDING,4.03,-0.105
1,31927.8,STANDING,3.18,-0.076
1,31961.1,STANDING,2.03,-0.037
1,31994.2,STANDING,2.02,-0.012
1,32027.9,STANDING,2.96,0.010
1,32060.9,STANDING,4.50,0.074
1,32094.5,STANDING,6.11,0.158
1,32127.6,STANDING,7.71,0.216
1,32160.9,STANDING,9.58,0.154
1,32194.5,STANDING,11.48,0.197
1,32227.8,STANDING,13.47,0.208
1,32261.2,STANDING,15.94,0.243
1,32294.4,STANDING,18.61,0.262
1,32328.6,STANDING,20.72,0.281
1,32360.8,STANDING,24.51,0.193
1,32394.5,STANDING,27.16,0.277
1,32427.8,STANDING,28.33,0.386
1,32460.9,STANDING,28.53,0.446
1,32494.4,STANDING,29.00,0.399
1,32527.5,FALLING,27.53,0.623
1,32561.0,FALLING,27.49,0.459
1,32594.3,FALLING,27.87,0.380
1,32627.7,FALLING,28.06,0.334
1,32661.1,FALLING,28.46,0.330
1,32694.3,FALLING,28.54,0.209
1,32728.6,FALLING,29.12,0.138
1,32761.0,FALLING,29.03,0.120
1,32794.3,FALLING,27.94,0.124
1,32828.7,FALLING,27.15,0.077
1,32861.1,FALLING,26.47,0.091
1,32895.3,FALLING,26.48,0.034
1,32927.6,FALLING,26.87,0.007
1,32961.1,FALLING,26.85,-0.070
1,32994.5,FALLING,26.92,-0.062
1,33027.8,FALLING,26.80,-0.030
1,33060.9,FALLING,26.69,-0.025
1,33094.2,FALLING,26.64,-0.006
1,33127.6,FALLING,26.10,-0.005
1,33160.9,FALLING,25.26,-0.002
1,33194.5,FALLING,23.45,-0.050
1,33227.8,FALLING,21.65,-0.010
1,33260.9,FALLING,19.82,0.082
1,33294.2,FALLING,18.09,0.346
1,33327.7,FALLING,16.87,0.306
1,33361.1,FALLING,15.82,0.362
1,33394.3,FALLING,15.14,0.320
1,33427.7,FALLING,14.69,0.287
1,33461.1,FALLING,14.80,0.206
1,33494.2,FALLING,15.53,0.214
1,33528.0,STANDING,16.76,0.224
1,33560.9,STANDING,18.10,0.194
1,33594.6,STANDING,19.71,0.153
1,33627.5,STANDING,21.58,0.098
1,33661.1,STANDING,23.46,0.038
1,33694.5,STANDING,25.00,0.007
1,33727.8,STANDING,26.44,-0.025
1,33760.9,STANDING,28.02,0.014
1,33794.2,STANDING,29.39,-0.011
1,33827.7,STANDING,30.85,-0.009
1,33861.2,STANDING,32.62,0.010
1,33894.5,STANDING,34.64,-0.001
1,33927.7,STANDING,37.22,0.003
1,33961.0,STANDING,40.21,-0.000
1,33994.5,STANDING,43.75,-0.005
1,34028.7,STANDING,47.52,-0.019
1,34061.2,STANDING,51.55,-0.045
1,34094.5,STANDING,55.00,-0.046
1,34128.5,STANDING,58.16,-0.092
1,34169.4,STANDING,61.53,-0.089
1,34194.6,STANDING,64.51,-0.091
1,34236.1,STANDING,67.99,-0.111
1,34261.7,STANDING,70.80,-0.074
1,34295.6,STANDING,73.39,-0.068
1,34327.5,STANDING,75.39,-0.049
1,34368.6,STANDING,77.09,-0.032
1,34393.3,STANDING,78.13,-0.015
1,34427.6,STANDING,78.90,-0.003
1,34460.9,STANDING,79.32,0.015
1,34495.4,STANDING,79.31,0.029
1,34527.9,STANDING,79.16,0.032
1,34562.2,STANDING,78.85,0.036
1,34594.2,STANDING,78.32,0.064
1,34627.9,STANDING,77.97,0.051
1,34661.1,STANDING,77.59,0.039
1,34694.4,STANDING,77.06,0.046
1,34727.6,STANDING,76.29,0.065
1,34761.1,STANDING,75.46,0.068
1,34794.7,STANDING,74.75,0.064
1,34828.0,STANDING,74.30,0.037
1,34861.1,STANDING,74.00,0.032
1,34895.3,STANDING,73.74,0.029
1,34928.7,STANDING,73.59,0.022
1,34961.2,STANDING,73.60,0.010
1,34995.4,STANDING,73.74,0.006
1,35027.8,STANDING,73.95,-0.004
1,35060.9,STANDING,74.11,-0.004
1,35094.5,STANDING,74.22,-0.006
1,35127.5,STANDING,74.52,-0.022
1,35161.1,STANDING,74.86,-0.017
1,35194.5,STANDING,75.25,-0.022
1,35227.5,STANDING,75.73,-0.029
1,35261.1,STANDING,76.39,-0.046
1,35294.5,STANDING,76.75,-0.028
1,35327.6,STANDING,76.98,-0.016
1,35361.1,STANDING,77.12,-0.011
1,35394.3,STANDING,77.23,-0.006
1,35427.6,STANDING,77.25,0.004
1,35461.9,STANDING,77.22,0.009
1,35502.6,STANDING,77.31,0.006
1,35527.6,STANDING,77.37,-0.006
1,35561.3,STANDING,77.32,0.001
1,35594.2,STANDING,77.18,0.014
1,35627.8,STANDING,77.05,0.009
1,35662.1,STANDING,76.91,0.015
1,35694.3,STANDING,76.87,0.003
1,35728.6,STANDING,76.85,-0.004
1,35761.4,STANDING,76.76,0.005
1,35794.5,STANDING,76.74,0.005
1,35827.5,STANDING,76.62,0.012
1,35861.2,STANDING,76.51,0.007
1,35895.2,STANDING,76.38,0.015
1,35927.7,STANDING,76.37,0.004
1,35961.1,STANDING,76.37,0.005
1,35994.5,STANDING,76.31,0.003
1,36027.5,STANDING,76.23,0.002
1,36061.9,STANDING,76.24,0.000
1,36094.2,STANDING,76.18,-0.001
1,36127.9,STANDING,76.12,-0.003
1,36160.3,STANDING,75.89,-0.002
1,36194.5,STANDING,75.60,-0.002
1,36228.6,STANDING,75.12,0.009
1,36261.1,STANDING,74.64,-0.001
1,36294.3,STANDING,74.21,0.000
1,36327.8,STANDING,73.78,-0.001
1,36361.2,STANDING,73.25,-0.003
1,36394.4,STANDING,72.84,-0.009
1,36428.6,STANDING,72.51,-0.010
1,36461.2,STANDING,72.07,-0.014
1,36495.3,STANDING,71.64,-0.010
1,36527.6,STANDING,71.22,-0.013
1,36561.1,STANDING,70.76,-0.022
1,36594.2,STANDING,70.46,-0.033
1,36627.7,STANDING,70.32,-0.043
1,36655.5,STANDING,70.31,-0.064
1,36695.2,STANDING,70.11,-0.060
1,36727.7,STANDING,69.68,-0.066
1,36760.2,STANDING,69.18,-0.067
1,36795.4,STANDING,68.57,-0.047
1,36827.7,STANDING,67.78,-0.031
1,36861.0,STANDING,67.17,-0.038
1,36895.3,STANDING,66.61,-0.035
1,36927.5,STANDING,66.21,-0.024
1,36961.0,STANDING,66.14,-0.020
1,36994.7,STANDING,65.85,-0.009
1,37027.7,STANDING,65.53,-0.003
1,37060.9,STANDING,65.09,0.004
1,37094.5,STANDING,64.35,0.015
1,37128.0,STANDING,63.89,0.020
1,37160.9,STANDING,63.64,0.039
1,37194.2,STANDING,63.67,0.045
1,37227.8,STANDING,64.20,0.027
1,37262.1,STANDING,64.94,0.003
1,37295.3,STANDING,65.96,-0.028
1,37328.7,STANDING,67.66,-0.067
1,37361.2,STANDING,70.32,-0.119
1,37394.5,STANDING,73.39,-0.146
1,37427.7,STANDING,76.09,-0.159
1,37461.2,STANDING,77.82,-0.109
1,37494.9,STANDING,79.74,-0.134
1,37527.7,STANDING,81.01,-0.130
1,37562.0,STANDING,82.47,-0.115
1,37594.7,STANDING,84.22,-0.097
1,37627.7,STANDING,85.31,-0.051
1,37662.0,STANDING,85.94,-0.013
1,37694.4,STANDING,85.73,0.039
1,37727.5,STANDING,85.01,0.033
1,37761.1,STANDING,84.18,0.023
1,37794.2,STANDING,83.48,0.012
1,37828.9,STANDING,82.90,-0.017
1,37860.9,STANDING,81.07,-0.039
1,37894.2,STANDING,79.59,-0.065
1,37927.8,STANDING,78.23,-0.078
1,37961.1,STANDING,76.45,-0.062
1,37994.2,STANDING,73.49,-0.038
1,38027.9,STANDING,70.38,-0.030
1,38061.9,STANDING,66.14,-0.026
1,38095.4,STANDING,62.29,-0.071
1,38127.8,STANDING,59.00,-0.137
1,38161.9,STANDING,55.73,-0.163
1,38194.4,STANDING,52.32,-0.107
1,38227.8,STANDING,48.73,-0.081
1,38261.2,STANDING,44.94,-0.049
1,38295.2,STANDING,41.52,-0.056
1,38327.7,STANDING,38.05,-0.004
1,38361.0,STANDING,34.60,0.050
1,38395.3,STANDING,31.23,0.036
1,38427.8,STANDING,28.18,0.041
1,38462.0,STANDING,25.61,-0.000
1,38494.7,STANDING,23.29,-0.033
1,38527.6,STANDING,20.64,0.001
1,38561.2,STANDING,17.82,0.014
1,38594.2,STANDING,15.08,-0.043
1,38628.7,STANDING,12.37,-0.161
1,38661.0,STANDING,9.96,-0.140
1,38694.2,STANDING,8.17,-0.263
1,38727.5,STANDING,6.75,-0.315
1,38762.1,STANDING,5.44,-0.223
1,38795.5,STANDING,4.37,-0.190
1,38827.9,STANDING,3.42,-0.172
1,38861.0,STANDING,2.46,-0.126
1,38894.5,STANDING,1.67,-0.099
1,38928.6,STANDING,1.14,-0.120
1,38960.9,STANDING,1.09,-0.207
1,38994.3,STANDING,1.25,-0.210
1,39027.8,STANDING,1.62,-0.193
1,39061.2,STANDING,2.19,-0.128
1,39095.4,STANDING,2.57,-0.083
1,39128.6,STANDING,2.87,-0.024
1,39161.1,STANDING,3.08,-0.004
1,39194.2,STANDING,3.13,0.016
1,39228.6,STANDING,3.08,0.024
1,39262.0,STANDING,2.93,0.044
1,39295.3,STANDING,2.78,0.090
1,39327.8,STANDING,2.60,0.182
1,39361.9,STANDING,2.36,0.216
1,39395.4,STANDING,2.12,0.342
1,39428.7,STANDING,1.91,0.339
1,39462.1,STANDING,1.71,0.363
1,39494.5,STANDING,1.52,0.387
1,39527.6,STANDING,1.42,0.333
1,39561.9,STANDING,1.34,0.236
1,39594.4,STANDING,1.32,0.212
1,39627.7,STANDING,1.36,0.211
1,39662.0,STANDING,1.39,0.077
1,39694.2,STANDING,1.77,0.022
1,39727.8,STANDING,2.05,0.002
1,39761.2,STANDING,2.42,-0.121
1,39794.3,STANDING,2.74,-0.159
1,39827.6,STANDING,3.11,-0.072
1,39860.9,STANDING,3.17,0.157
1,39895.3,STANDING,3.02,0.374
1,39927.7,STANDING,2.17,0.259
1,39961.1,STANDING,1.37,0.272
1,39994.4,STANDING,0.83,0.199
1,40027.8,STANDING,0.55,0.125
1,40061.0,STANDING,0.38,0.222
1,40094.5,STANDING,0.25,0.298
1,40127.6,STANDING,0.27,0.300
1,40160.9,STANDING,0.16,0.133
1,40194.2,STANDING,0.14,0.158
1,40227.5,STANDING,0.11,0.088
1,40261.0,STANDING,0.09,0.173
1,40294.4,STANDING,0.06,0.144
1,40327.8,STANDING,0.07,0.058
1,40361.3,STANDING,0.08,0.078
1,40394.2,STANDING,0.14,0.050
1,40427.5,STANDING,0.18,0.024
1,40461.1,STANDING,0.22,0.007
1,40494.4,STANDING,0.25,-0.071
1,40536.1,STANDING,0.32,-0.056
1,40569.3,STANDING,0.31,-0.038
1,40594.3,STANDING,0.31,-0.125
1,40627.9,STANDING,0.31,-0.081
1,40661.0,STANDING,0.35,-0.122
1,40694.5,STANDING,0.39,-0.159
1,40727.8,STANDING,0.56,-0.229
1,40760.9,STANDING,1.26,-0.359
1,40795.6,STANDING,1.97,-0.354
1,40827.6,STANDING,2.64,-0.186
1,40862.2,STANDING,3.09,-0.077
1,40895.3,STANDING,3.40,-0.078
1,40927.8,STANDING,3.39,-0.147
1,40962.0,STANDING,2.95,-0.065
1,40994.5,STANDING,2.45,-0.028
1,41027.6,STANDING,2.00,-0.006
1,41061.2,STANDING,1.68,0.010
1,41094.5,STANDING,1.55,0.018
1,41127.9,STANDING,1.56,0.019
1,41161.2,STANDING,1.63,-0.031
1,41194.5,STANDING,1.62,-0.124
1,41235.9,STANDING,1.58,-0.200
1,41269.4,STANDING,1.59,-0.214
1,41303.0,STANDING,1.62,-0.251
1,41336.4,STANDING,1.72,-0.311
1,41369.3,STANDING,1.82,-0.368
1,41402.6,STANDING,1.89,-0.296
1,41427.7,STANDING,1.95,-0.234
1,41461.0,STANDING,1.99,-0.163
1,41502.7,STANDING,2.05,-0.127
1,41536.1,STANDING,1.99,-0.107
1,41569.7,STANDING,1.88,-0.107
1,41594.3,STANDING,1.66,-0.161
1,41636.3,STANDING,1.46,-0.136
1,41669.3,STANDING,1.21,-0.147
1,41694.3,STANDING,0.85,-0.197
1,41727.6,STANDING,0.56,-0.212
1,41762.1,STANDING,0.48,-0.177
1,41802.6,STANDING,0.76,-0.138
1,41827.6,STANDING,1.06,-0.178
1,41869.3,STANDING,1.47,-0.151
1,41902.7,STANDING,1.77,-0.120
1,41937.0,STANDING,2.05,-0.078
1,41969.4,STANDING,2.25,-0.068
1,42003.0,STANDING,2.34,-0.079
1,42035.9,STANDING,2.32,-0.120
1,42069.5,STANDING,2.37,-0.136
1,42103.0,STANDING,2.55,-0.165
1,42135.9,STANDING,2.75,-0.174
1,42169.5,STANDING,3.00,-0.167
1,42194.6,STANDING,3.39,-0.151
1,42227.5,STANDING,3.89,-0.151
1,42269.7,STANDING,4.43,-0.176
1,42294.3,STANDING,4.86,-0.267
1,42327.6,STANDING,5.37,-0.271
1,42361.9,STANDING,5.76,-0.221
1,42394.6,STANDING,6.07,-0.195
1,42427.6,STANDING,6.31,-0.188
1,42460.9,STANDING,6.48,-0.135
1,42503.6,STANDING,6.62,-0.101
1,42536.3,STANDING,6.70,-0.093
1,42560.9,STANDING,6.72,-0.078
1,42594.5,STANDING,6.72,-0.072
1,42636.0,STANDING,6.69,-0.063
1,42669.3,STANDING,6.70,-0.059
1,42702.7,STANDING,6.71,-0.049
1,42727.6,STANDING,6.63,-0.031
1,42769.3,STANDING,6.46,-0.019
1,42802.7,STANDING,6.23,-0.014
1,42836.2,STANDING,5.89,-0.004
1,42869.5,STANDING,5.59,0.002
1,42902.9,STANDING,5.24,0.004
1,42935.9,STANDING,5.03,0.005
1,42961.0,STANDING,5.08,0.004
1,43002.7,STANDING,5.36,0.008
1,43027.6,STANDING,5.80,0.030
1,43061.1,STANDING,6.45,0.019
1,43094.5,STANDING,7.24,0.018
1,43136.0,STANDING,8.16,0.020
1,43169.2,STANDING,8.98,0.020
1,43202.7,STANDING,9.69,0.013
1,43227.9,STANDING,10.43,-0.025
1,43261.2,STANDING,11.08,-0.024
1,43302.7,STANDING,11.74,-0.033
1,43336.3,STANDING,12.64,-0.028
1,43369.7,STANDING,13.78,-0.020
1,43402.6,STANDING,15.06,-0.015
1,43436.4,STANDING,15.81,0.189
1,43461.0,STANDING,17.08,0.170
1,43503.6,STANDING,18.49,0.236
1,43527.6,STANDING,20.21,0.201
1,43561.9,STANDING,21.60,0.288
1,43594.2,STANDING,23.10,0.314
1,43636.2,STANDING,25.69,0.203
1,43669.7,STANDING,29.28,0.162
1,43703.0,STANDING,32.73,0.265
1,43735.9,STANDING,34.94,0.289
1,43769.3,STANDING,37.10,0.330
1,43794.3,FALLING,39.19,0.541
1,43827.8,FALLING,42.08,0.450
1,43869.4,FALLING,44.28,0.414
1,43902.9,FALLING,48.44,0.232
1,43936.2,FALLING,52.47,0.203
1,43969.5,FALLING,54.40,0.243
1,44002.8,FALLING,54.84,0.256
1,44027.9,FALLING,55.13,0.231
1,44061.2,FALLING,54.80,0.254
1,44102.8,FALLING,53.87,0.218
1,44136.1,FALLING,52.58,0.212
1,44169.7,FALLING,51.58,0.199
1,44203.0,FALLING,49.93,0.241
1,44236.3,FALLING,47.93,0.213
1,44269.7,FALLING,45.63,0.136
1,44294.5,FALLING,42.58,0.193
1,44327.9,FALLING,39.73,0.159
1,44361.9,FALLING,37.17,0.109
1,44394.5,FALLING,34.60,0.273
1,44436.1,FALLING,32.93,0.240
1,44469.7,FALLING,31.77,0.178
1,44494.3,FALLING,31.64,0.187
1,44527.8,FALLING,31.85,0.133
1,44561.1,FALLING,32.89,0.079
1,44595.3,FALLING,34.76,0.017
1,44628.6,FALLING,37.48,-0.001
1,44662.0,FALLING,40.73,-0.005
1,44695.4,FALLING,44.14,-0.007
1,44727.9,FALLING,47.79,-0.012
1,44769.5,FALLING,52.04,-0.008
1,44794.5,STANDING,55.18,0.046
1,44828.7,STANDING,57.88,0.031
1,44861.1,STANDING,60.81,0.022
1,44894.5,STANDING,63.67,0.011
1,44927.9,STANDING,66.71,-0.001
1,44960.9,STANDING,69.85,-0.025
1,45002.8,STANDING,72.75,-0.034
1,45027.9,STANDING,75.60,-0.062
1,45061.2,STANDING,78.49,-0.044
1,45094.4,STANDING,80.84,-0.044
1,45127.9,STANDING,83.05,-0.030
1,45161.1,STANDING,84.47,-0.026
1,45194.2,STANDING,85.27,-0.017
1,45228.8,STANDING,85.72,-0.009
1,45261.1,STANDING,85.91,0.005
1,45294.5,STANDING,85.89,0.016
1,45327.8,STANDING,85.90,0.016
1,45360.9,STANDING,85.91,0.032
1,45402.8,STANDING,85.94,0.033
1,45427.6,STANDING,85.73,0.055
1,45462.1,STANDING,85.51,0.049
1,45494.4,STANDING,85.23,0.042
1,45536.1,STANDING,84.95,0.037
1,45569.5,STANDING,84.59,0.037
1,45594.5,STANDING,84.29,0.040
1,45627.8,STANDING,84.08,0.036
1,45660.9,STANDING,83.98,0.031
1,45694.5,STANDING,84.07,0.021
1,45727.6,STANDING,84.10,0.021
1,45769.2,STANDING,84.23,0.021
1,45794.2,STANDING,84.31,0.020
1,45836.4,STANDING,84.29,0.020
1,45860.9,STANDING,84.24,0.021
1,45895.4,STANDING,84.09,0.022
1,45927.8,STANDING,83.96,0.018
1,45961.0,STANDING,83.84,0.016
1,45995.2,STANDING,83.74,0.010
1,46028.6,STANDING,83.64,0.011
1,46061.2,STANDING,83.58,0.009
1,46094.4,STANDING,83.54,0.007
1,46128.6,STANDING,83.52,0.007
1,46161.2,STANDING,83.53,0.005
1,46194.5,STANDING,83.51,0.007
1,46227.6,STANDING,83.52,0.004
1,46261.1,STANDING,83.60,0.003
1,46294.5,STANDING,83.73,-0.008
1,46327.8,STANDING,83.84,-0.008
1,46361.1,STANDING,83.94,-0.009
1,46394.5,STANDING,84.07,-0.008
1,46436.0,STANDING,84.01,-0.012
1,46469.4,STANDING,83.94,-0.019
1,46502.7,STANDING,83.90,-0.020
1,46536.0,STANDING,83.74,-0.018
1,46569.4,STANDING,83.65,-0.024
1,46602.7,STANDING,83.60,-0.026
1,46636.3,STANDING,83.66,-0.026
1,46669.4,STANDING,83.81,-0.021
1,46702.7,STANDING,83.99,-0.022
1,46736.0,STANDING,84.18,-0.018
1,46769.4,STANDING,84.63,-0.014
1,46802.7,STANDING,84.93,-0.014
1,46836.0,STANDING,85.39,-0.009
1,46869.4,STANDING,85.78,-0.016
1,46903.7,STANDING,86.18,-0.019
1,46936.3,STANDING,86.50,-0.015
1,46960.9,STANDING,86.66,-0.013
1,47003.6,STANDING,86.46,-0.013
1,47036.4,STANDING,86.14,-0.017
1,47060.9,STANDING,85.80,-0.021
1,47094.3,STANDING,85.20,-0.024
1,47127.8,STANDING,84.34,-0.028
1,47162.0,STANDING,83.37,-0.031
1,47195.5,STANDING,82.50,-0.040
1,47228.8,STANDING,81.86,-0.039
1,47269.4,STANDING,81.15,-0.038
1,47302.7,STANDING,80.72,-0.061
1,47336.0,STANDING,80.27,-0.043
1,47369.6,STANDING,79.86,-0.044
1,47403.7,STANDING,79.57,-0.058
1,47437.0,STANDING,79.35,-0.050
1,47469.4,STANDING,79.05,-0.043
1,47502.8,STANDING,78.87,-0.039
1,47536.2,STANDING,79.44,-0.070
1,47569.7,STANDING,80.20,-0.078
1,47602.6,STANDING,81.00,-0.065
1,47627.6,STANDING,81.19,-0.048
1,47669.3,STANDING,80.92,-0.032
1,47702.7,STANDING,80.59,-0.021
1,47736.4,STANDING,80.28,-0.017
1,47769.4,STANDING,79.83,0.009
1,47802.7,STANDING,79.66,0.012
1,47836.3,STANDING,79.45,0.022
1,47869.7,STANDING,79.55,0.020
1,47902.7,STANDING,79.86,0.016
1,47936.3,STANDING,79.95,0.033
1,47969.3,STANDING,80.07,0.028
1,48003.1,STANDING,80.44,0.023
1,48027.5,STANDING,80.89,0.037
1,48062.0,STANDING,81.84,0.022
1,48094.4,STANDING,82.26,0.008
1,48128.7,STANDING,82.50,-0.013
1,48169.4,STANDING,82.71,-0.016
1,48203.0,STANDING,82.96,-0.024
1,48236.4,STANDING,83.14,-0.025
1,48269.5,STANDING,83.15,-0.026
1,48302.7,STANDING,83.16,-0.042
1,48336.2,STANDING,83.14,-0.045
1,48369.3,STANDING,82.66,-0.039
1,48402.7,STANDING,81.81,-0.049
1,48427.6,STANDING,80.68,-0.054
1,48469.4,STANDING,79.01,-0.048
1,48503.0,STANDING,76.85,-0.041
1,48535.9,STANDING,75.08,-0.103
1,48569.2,STANDING,73.69,-0.101
1,48602.6,STANDING,71.57,-0.054
1,48627.6,STANDING,68.94,-0.035
1,48661.0,STANDING,65.95,-0.033
1,48694.4,STANDING,62.76,-0.065
1,48728.8,STANDING,59.70,-0.045
1,48769.6,STANDING,56.84,-0.023
1,48802.8,STANDING,54.15,-0.013
1,48836.0,STANDING,51.41,-0.005
1,48869.3,STANDING,48.64,0.002
1,48902.6,STANDING,45.63,0.018
1,48935.9,STANDING,41.84,0.044
1,48969.3,STANDING,37.55,0.072
1,49002.7,STANDING,33.29,0.103
1,49036.0,STANDING,28.87,0.150
1,49069.2,STANDING,24.49,0.155
1,49102.8,STANDING,20.35,0.109
1,49136.4,STANDING,16.51,0.086
1,49169.3,STANDING,13.00,0.048
1,49203.0,STANDING,10.20,-0.017
1,49236.0,STANDING,7.92,-0.058
1,49269.7,STANDING,6.25,-0.091
1,49302.6,STANDING,4.84,-0.127
1,49336.1,STANDING,3.73,-0.150
1,49369.4,STANDING,2.78,-0.236
1,49402.6,STANDING,1.96,-0.239
1,49435.9,STANDING,1.23,-0.177
1,49469.7,STANDING,0.90,-0.146
1,49502.6,STANDING,0.81,-0.169
1,49536.4,STANDING,0.85,-0.197
1,49569.3,STANDING,0.79,-0.222
1,49603.0,STANDING,0.64,-0.238
1,49635.9,STANDING,0.47,-0.203
1,49669.3,STANDING,0.44,-0.193
1,49694.3,STANDING,0.61,-0.264
1,49736.4,STANDING,0.88,-0.212
1,49761.0,STANDING,1.12,-0.224
1,49802.7,STANDING,1.37,-0.185
1,49836.1,STANDING,1.68,-0.152
1,49869.3,STANDING,1.97,-0.121
1,49902.9,STANDING,2.12,-0.053
1,49935.9,STANDING,2.15,-0.003
1,49969.2,STANDING,2.10,0.016
1,49994.3,STANDING,2.00,0.057
1,50036.1,STANDING,1.84,0.107
1,50069.5,STANDING,1.71,0.087
1,50103.6,STANDING,1.59,0.084
1,50136.0,STANDING,1.47,0.110
1,50169.4,STANDING,1.25,0.184
1,50202.7,STANDING,1.07,0.313
1,50236.1,STANDING,0.87,0.253
1,50268.6,STANDING,0.66,0.210
1,50302.6,STANDING,0.57,0.210
1,50336.4,STANDING,0.51,0.199
1,50360.9,STANDING,0.63,0.153
1,50402.9,STANDING,0.73,0.198
1,50436.0,STANDING,0.95,0.115
1,50470.2,STANDING,1.32,0.066
1,50502.5,STANDING,2.04,-0.091
1,50535.0,STANDING,2.92,-0.270
1,50568.8,STANDING,3.84,-0.267
1,50594.5,STANDING,4.55,-0.190
1,50627.8,STANDING,4.68,0.112
1,50662.0,STANDING,4.39,0.296
1,50702.7,STANDING,3.83,0.255
1,50735.7,STANDING,3.25,0.222
1,50769.3,STANDING,2.81,0.170
1,50803.0,STANDING,2.49,0.209
1,50836.1,STANDING,2.26,0.224
1,50869.4,STANDING,2.11,0.146
1,50903.7,STANDING,1.97,0.262
1,50936.1,STANDING,1.98,0.221
1,50969.4,STANDING,1.97,0.283
1,51003.6,STANDING,1.95,0.259
1,51036.2,STANDING,1.96,0.156
1,51070.2,STANDING,2.02,0.078
1,51101.7,STANDING,2.06,0.065
1,51135.5,STANDING,2.04,0.015
1,51160.9,STANDING,2.03,0.014
1,51194.3,STANDING,1.96,0.068
1,51227.6,STANDING,1.87,0.024
1,51262.1,STANDING,1.73,0.082
1,51294.5,STANDING,1.64,0.040
1,51336.0,STANDING,1.54,0.030
1,51369.3,STANDING,1.48,-0.027
1,51402.8,STANDING,1.44,-0.020
1,51436.0,STANDING,1.42,-0.042
1,51469.4,STANDING,1.42,-0.090
1,51502.7,STANDING,1.43,-0.058
1,51537.0,STANDING,1.50,-0.129
1,51561.0,STANDING,1.51,-0.088
1,51602.7,STANDING,1.44,-0.031
1,51636.1,STANDING,1.39,-0.046
1,51668.8,STANDING,1.35,0.003
1,51702.1,STANDING,1.32,-0.005
1,51737.1,STANDING,1.44,-0.006
1,51769.4,STANDING,1.52,-0.004
1,51802.7,STANDING,1.53,0.035
1,51836.0,STANDING,1.47,0.011
1,51869.4,STANDING,1.39,0.016
1,51902.7,STANDING,1.35,-0.003
1,51937.0,STANDING,1.30,0.052
1,51969.4,STANDING,1.22,0.021
1,52003.0,STANDING,1.18,0.023
1,52036.3,STANDING,1.14,0.023
1,52068.5,STANDING,1.14,0.050
1,52102.7,STANDING,1.11,-0.021
1,52136.0,STANDING,1.06,0.022
1,52169.5,STANDING,1.06,-0.028
1,52203.0,STANDING,1.09,-0.056
1,52236.2,STANDING,1.13,-0.111
1,52269.2,STANDING,1.27,-0.164
1,52303.8,STANDING,1.42,-0.093
1,52335.9,STANDING,1.46,-0.086
1,52361.1,STANDING,1.34,-0.050
1,52402.6,STANDING,0.90,-0.025
1,52436.0,STANDING,0.60,-0.011
1,52469.7,STANDING,0.39,0.010
1,52503.9,STANDING,0.26,0.046
1,52537.0,STANDING,0.24,0.017
1,52569.2,STANDING,0.24,-0.022
1,52602.7,STANDING,0.28,-0.080
1,52627.6,STANDING,0.36,-0.121
1,52669.4,STANDING,0.49,-0.185
1,52702.8,STANDING,0.51,-0.310
1,52736.1,STANDING,0.52,-0.334
1,52769.6,STANDING,0.65,-0.354
1,52802.7,STANDING,0.77,-0.333
1,52837.0,STANDING,0.83,-0.290
1,52870.4,STANDING,0.93,-0.299
1,52902.7,STANDING,1.04,-0.286
1,52936.0,STANDING,1.15,-0.287
1,52969.3,STANDING,1.30,-0.293
1,53003.8,STANDING,1.43,-0.281
1,53037.1,STANDING,1.46,-0.218
1,53069.7,STANDING,1.49,-0.206
1,53102.9,STANDING,1.50,-0.151
1,53136.3,STANDING,1.49,-0.094
1,53169.9,STANDING,1.46,-0.102
1,53202.8,STANDING,1.44,-0.124
1,53236.2,STANDING,1.40,-0.127
1,53270.5,STANDING,1.29,-0.136
1,53303.6,STANDING,1.20,-0.169
1,53337.0,STANDING,1.13,-0.208
1,53369.6,STANDING,1.00,-0.268
1,53402.8,STANDING,0.87,-0.267
1,53437.2,STANDING,0.68,-0.207
1,53469.3,STANDING,0.63,-0.206
1,53502.7,STANDING,0.58,-0.146
1,53536.1,STANDING,0.57,-0.123
1,53569.4,STANDING,0.57,-0.112
1,53602.7,STANDING,0.52,-0.110
1,53637.2,STANDING,0.44,-0.136
1,53670.4,STANDING,0.32,-0.143
1,53702.9,STANDING,0.24,-0.137
1,53736.9,STANDING,0.17,-0.122
1,53769.5,STANDING,0.15,-0.124
1,53802.6,STANDING,0.22,-0.121
1,53836.2,STANDING,0.33,-0.080
1,53869.7,STANDING,0.42,-0.070
1,53902.9,STANDING,0.48,-0.052
1,53936.0,STANDING,0.48,-0.057
1,53961.0,STANDING,0.43,-0.068
1,54003.0,STANDING,0.39,-0.061
1,54027.8,STANDING,0.40,-0.029
1,54069.4,STANDING,0.43,-0.027
1,54102.7,STANDING,0.43,-0.041
1,54136.0,STANDING,0.57,-0.048
1,54169.4,STANDING,0.68,-0.037
1,54203.0,STANDING,0.87,-0.030
1,54236.0,STANDING,0.97,-0.038
1,54270.3,STANDING,1.26,-0.047
1,54302.6,STANDING,1.66,-0.023
1,54336.1,STANDING,2.00,-0.004
1,54369.5,STANDING,2.24,0.033
1,54402.6,STANDING,2.61,0.064
1,54437.1,STANDING,2.83,0.086
1,54469.7,STANDING,2.83,0.099
1,54503.8,STANDING,2.68,0.083
1,54536.3,STANDING,2.57,0.050
1,54570.5,STANDING,2.60,0.060
1,54603.7,STANDING,2.73,0.030
1,54636.1,STANDING,2.87,0.054
1,54669.3,STANDING,2.98,0.039
1,54702.7,STANDING,3.29,0.071
1,54736.0,STANDING,3.70,0.026
1,54769.4,STANDING,4.25,0.030
1,54802.7,STANDING,4.75,0.089
1,54836.4,STANDING,5.49,0.143
1,54869.7,STANDING,6.81,0.138
1,54902.6,STANDING,8.43,0.187
1,54936.1,STANDING,11.95,0.132
1,54969.4,STANDING,15.92,0.196
1,55003.3,STANDING,20.66,0.244
1,55037.2,STANDING,25.06,0.248
1,55069.2,STANDING,31.86,0.307
1,55103.0,STANDING,37.86,0.225
1,55127.6,STANDING,44.94,0.216
1,55169.7,STANDING,46.38,0.258
1,55195.3,STANDING,46.62,0.259
1,55236.3,STANDING,47.63,0.168
1,55269.6,STANDING,47.31,0.262
1,55302.9,STANDING,44.54,0.366
1,55336.4,STANDING,42.52,0.347
1,55369.3,STANDING,40.95,0.328
1,55403.9,STANDING,40.03,0.281
1,55435.9,STANDING,39.44,0.232
1,55469.2,STANDING,38.10,0.243
1,55502.6,STANDING,35.56,0.262
1,55536.1,STANDING,31.24,0.374
1,55570.4,STANDING,26.50,0.433
1,55602.7,STANDING,22.30,0.247
1,55636.1,STANDING,18.59,0.275
1,55669.3,STANDING,15.78,0.273
1,55702.8,STANDING,14.05,0.241
1,55736.1,STANDING,13.58,0.244
1,55769.5,STANDING,14.09,0.209
1,55802.6,STANDING,15.31,0.160
1,55836.3,STANDING,17.07,0.062
1,55869.3,STANDING,19.07,0.084
1,55902.6,STANDING,21.26,0.028
1,55936.0,STANDING,23.39,0.038
1,55969.7,STANDING,25.85,0.008
1,56002.7,STANDING,28.17,0.037
1,56036.9,STANDING,30.84,0.015
1,56069.6,STANDING,34.04,0.020
1,56103.1,STANDING,38.15,0.046
1,56136.4,STANDING,42.73,0.018
1,56169.3,STANDING,47.82,-0.027
1,56203.0,STANDING,52.55,-0.083
1,56236.4,STANDING,57.03,-0.068
1,56269.4,STANDING,60.82,-0.078
1,56303.0,STANDING,64.23,-0.062
1,56336.3,STANDING,67.18,-0.047
1,56369.4,STANDING,70.14,-0.028
1,56403.7,STANDING,72.69,-0.010
1,56436.3,STANDING,74.89,0.009
1,56470.1,STANDING,77.02,0.015
1,56503.0,STANDING,79.08,0.017
1,56536.0,STANDING,80.64,0.026
1,56569.4,STANDING,81.61,0.026
1,56602.7,STANDING,82.52,0.013
1,56636.3,STANDING,83.28,0.016
1,56669.3,STANDING,83.85,0.022
1,56703.0,STANDING,84.23,0.042
1,56736.0,STANDING,84.35,0.056
1,56769.3,STANDING,84.35,0.057
1,56802.8,STANDING,84.21,0.067
1,56836.0,STANDING,84.04,0.062
1,56870.4,STANDING,83.80,0.063
1,56902.7,STANDING,83.57,0.050
1,56936.2,STANDING,83.28,0.041
1,56969.2,STANDING,83.11,0.034
1,57003.9,STANDING,82.79,0.043
1,57037.0,STANDING,82.42,0.044
1,57069.4,STANDING,82.04,0.044
1,57103.8,STANDING,81.74,0.041
1,57136.0,STANDING,81.63,0.020
1,57169.7,STANDING,81.53,0.015
1,57202.7,STANDING,81.50,0.009
1,57236.3,STANDING,81.48,0.004
1,57269.3,STANDING,81.47,0.003
1,57303.0,STANDING,81.47,0.001
1,57337.0,STANDING,81.51,-0.001
1,57369.5,STANDING,81.57,-0.004
1,57403.0,STANDING,81.65,-0.004
1,57436.3,STANDING,81.84,-0.012
1,57469.4,STANDING,82.04,-0.017
1,57503.7,STANDING,82.24,-0.013
1,57536.1,STANDING,82.39,-0.019
1,57569.3,STANDING,82.56,-0.018
1,57602.7,STANDING,82.86,-0.030
1,57636.2,STANDING,83.08,-0.025
1,57669.3,STANDING,83.21,-0.020
1,57702.8,STANDING,83.09,-0.010
1,57737.1,STANDING,82.88,-0.014
1,57769.4,STANDING,82.60,-0.016
1,57802.9,STANDING,82.08,-0.027
1,57837.0,STANDING,81.81,-0.041
1,57869.4,STANDING,81.59,-0.042
1,57902.9,STANDING,81.45,-0.053
1,57936.0,STANDING,80.98,-0.053
1,57969.4,STANDING,80.20,-0.046
1,58002.7,STANDING,79.26,-0.052
1,58036.1,STANDING,78.08,-0.050
1,58069.3,STANDING,76.81,-0.062
1,58102.6,STANDING,75.40,-0.045
1,58136.3,STANDING,74.11,-0.043
1,58169.4,STANDING,72.73,-0.046
1,58203.0,STANDING,70.96,-0.027
1,58235.9,STANDING,69.15,-0.020
1,58269.7,STANDING,67.03,-0.010
1,58303.1,STANDING,64.82,-0.015
1,58336.0,STANDING,62.47,-0.026
1,58369.3,STANDING,60.55,-0.060
1,58402.7,STANDING,59.31,-0.034
1,58436.4,STANDING,58.66,-0.035
1,58469.2,STANDING,58.56,-0.008
1,58503.0,STANDING,58.65,-0.014
1,58537.2,STANDING,58.93,-0.033
1,58569.2,STANDING,59.13,-0.036
1,58602.6,STANDING,59.26,-0.029
1,58635.9,STANDING,60.24,-0.050
1,58660.9,STANDING,61.33,-0.060
1,58703.7,STANDING,63.32,-0.104
1,58736.0,STANDING,65.81,-0.123
1,58769.5,STANDING,68.48,-0.113
1,58803.1,STANDING,72.00,-0.143
1,58835.9,STANDING,77.65,-0.225
1,58870.3,STANDING,82.55,-0.204
1,58902.6,STANDING,85.15,-0.154
1,58935.9,STANDING,85.19,-0.152
1,58961.0,STANDING,84.08,-0.161
1,59002.8,STANDING,82.73,-0.125
1,59036.1,STANDING,81.59,-0.095
1,59069.7,STANDING,81.24,-0.023
1,59102.7,STANDING,80.70,-0.017
1,59135.9,STANDING,80.63,0.009
1,59169.3,STANDING,80.96,0.038
1,59202.6,STANDING,81.23,0.029
1,59235.9,STANDING,81.62,0.021
1,59261.0,STANDING,82.10,-0.024
1,59302.8,STANDING,83.09,-0.049
1,59336.4,STANDING,85.56,-0.081
1,59369.7,STANDING,87.01,-0.115
1,59402.8,STANDING,86.39,-0.161
1,59436.3,STANDING,83.58,-0.158
1,59469.7,STANDING,79.86,-0.154
1,59502.9,STANDING,77.59,-0.207
1,59536.0,STANDING,73.21,-0.127
1,59569.5,STANDING,67.94,-0.057
1,59603.0,STANDING,62.06,-0.041
1,59635.9,STANDING,56.46,-0.024
1,59670.5,STANDING,51.00,-0.016
1,59702.6,STANDING,45.62,-0.051
1,59736.0,STANDING,40.64,-0.076
1,59769.3,STANDING,35.87,-0.069
1,59803.0,STANDING,30.56,-0.025
1,59836.3,STANDING,24.95,0.117
1,59869.2,STANDING,19.91,0.146
1,59903.0,STANDING,15.02,0.121
1,59935.9,STANDING,10.83,0.077
1,59969.6,STANDING,7.25,0.060
1,60003.0,STANDING,4.41,0.028
1,60036.0,STANDING,3.10,-0.044
1,60069.4,STANDING,2.46,-0.180
1,60102.9,STANDING,2.20,-0.258
1,60136.2,STANDING,2.00,-0.166
1,60169.7,STANDING,2.06,-0.203
1,60203.6,STANDING,2.45,-0.217
1,60236.0,STANDING,2.86,-0.228
1,60269.4,STANDING,3.12,-0.203
1,60302.9,STANDING,3.24,-0.236
1,60336.0,STANDING,3.28,-0.265
1,60369.4,STANDING,3.21,-0.250
1,60402.7,STANDING,2.95,-0.249
1,60437.1,STANDING,2.59,-0.218
1,60469.4,STANDING,2.19,-0.168
1,60502.9,STANDING,1.74,-0.094
1,60537.1,STANDING,1.30,-0.033
1,60569.4,STANDING,0.89,-0.003
1,60603.0,STANDING,0.54,0.018
1,60636.0,STANDING,0.46,0.023
1,60669.6,STANDING,0.59,0.086
1,60702.6,STANDING,0.95,0.159
1,60736.0,STANDING,1.40,0.118
1,60769.6,STANDING,1.75,0.113
1,60802.6,STANDING,1.99,0.118
1,60836.3,STANDING,2.18,0.096
1,60869.4,STANDING,2.23,0.155
1,60902.9,STANDING,2.26,0.126
1,60936.3,STANDING,2.38,0.128
1,60969.3,STANDING,2.36,0.127
1,61002.7,STANDING,2.27,0.122
1,61036.3,STANDING,2.12,0.120
1,61069.3,STANDING,2.00,0.119
1,61102.9,STANDING,1.84,0.140
1,61136.3,STANDING,1.62,0.139
1,61169.3,STANDING,1.32,0.148
1,61202.7,STANDING,0.89,0.177
1,61236.0,STANDING,0.66,0.252
1,61270.6,STANDING,0.79,0.272
1,61302.9,STANDING,1.05,0.302
1,61336.4,STANDING,1.31,0.330
1,61369.7,STANDING,1.45,0.295
1,61403.0,STANDING,1.43,0.269
1,61436.4,STANDING,1.27,0.299
1,61469.3,STANDING,1.22,0.318
1,61503.6,STANDING,1.23,0.330
1,61536.4,STANDING,1.28,0.282
1,61569.3,STANDING,1.49,0.187
1,61603.0,STANDING,1.68,0.037
1,61636.2,STANDING,1.76,-0.032
1,61669.3,STANDING,1.84,-0.043
1,61702.6,STANDING,2.13,-0.094
1,61736.0,STANDING,2.75,-0.060
1,61760.9,STANDING,3.16,-0.030
1,61802.8,STANDING,3.19,0.118
1,61836.1,STANDING,3.30,0.243
1,61869.4,STANDING,3.20,0.315
1,61902.7,STANDING,3.22,0.330
1,61937.0,STANDING,3.08,0.383
1,61969.4,STANDING,3.00,0.415
1,62002.7,STANDING,2.78,0.396
1,62036.1,STANDING,2.58,0.202
1,62069.5,STANDING,2.38,0.303
1,62102.6,STANDING,2.20,0.245
1,62137.0,STANDING,1.95,0.272
1,62169.3,STANDING,1.74,0.082
1,62202.8,STANDING,1.60,0.206
1,62237.1,STANDING,1.52,0.135
1,62269.3,STANDING,1.52,0.162
1,62302.6,STANDING,1.59,0.119
1,62336.0,STANDING,1.78,0.134
1,62370.3,STANDING,1.94,0.127
1,62402.6,STANDING,2.06,0.065
1,62436.0,STANDING,2.29,0.027
1,62469.3,STANDING,2.45,0.081
1,62503.1,STANDING,2.56,0.112
1,62536.2,STANDING,2.80,0.156
1,62569.6,STANDING,2.85,0.087
1,62602.8,STANDING,2.88,0.041
1,62636.0,STANDING,3.01,-0.324
1,62661.3,STANDING,2.98,-0.194
1,62702.9,STANDING,2.92,-0.085
1,62736.0,STANDING,2.74,-0.048
1,62769.8,STANDING,2.42,-0.060
1,62803.9,STANDING,1.99,-0.096
1,62836.3,STANDING,1.80,-0.098
1,62869.3,STANDING,1.62,-0.097
1,62902.6,STANDING,1.55,-0.215
1,62936.2,STANDING,1.55,-0.282
1,62969.3,STANDING,2.14,-0.237
1,63002.6,STANDING,2.57,-0.284
1,63036.0,STANDING,2.80,-0.128
1,63069.3,STANDING,3.06,-0.034
1,63103.1,STANDING,3.34,0.051
1,63136.1,STANDING,3.64,0.111
1,63169.5,STANDING,3.99,0.082
1,63203.0,STANDING,4.26,0.071
1,63236.0,STANDING,4.45,0.084
1,63269.4,STANDING,4.52,0.094
1,63302.7,STANDING,4.59,0.014
1,63336.4,STANDING,4.61,0.112
1,63369.3,STANDING,4.47,0.086
1,63402.6,STANDING,4.22,0.059
1,63436.3,STANDING,3.94,0.038
1,63469.2,STANDING,3.66,0.012
1,63503.1,STANDING,3.54,-0.078
1,63536.4,STANDING,3.40,-0.205
1,63569.7,STANDING,3.17,-0.177
1,63603.0,STANDING,2.90,-0.233
1,63636.3,STANDING,2.56,-0.292
1,63669.8,STANDING,2.19,-0.360
1,63702.6,STANDING,1.91,-0.394
1,63737.1,STANDING,1.81,-0.430
1,63769.7,STANDING,1.83,-0.415
1,63803.1,STANDING,2.07,-0.417
1,63836.3,STANDING,2.28,-0.390
1,63868.1,STANDING,2.51,-0.431
1,63900.1,STANDING,2.75,-0.454
1,63940.2,STANDING,2.88,-0.385
1,63964.4,STANDING,2.95,-0.404
1,63998.9,STANDING,2.94,-0.385
1,64031.7,STANDING,2.87,-0.348
1,64065.3,STANDING,2.86,-0.311
1,64098.6,STANDING,2.86,-0.283
1,64131.7,STANDING,2.88,-0.240
1,64165.3,STANDING,2.83,-0.151
1,64198.4,STANDING,2.80,-0.086
1,64231.9,STANDING,2.80,-0.042
1,64265.2,STANDING,2.90,-0.006
1,64298.4,STANDING,3.08,0.010
1,64331.9,STANDING,3.42,-0.029
1,64365.3,STANDING,3.74,-0.089
1,64398.8,STANDING,4.04,-0.120
1,64432.0,STANDING,4.28,-0.127
1,64465.2,STANDING,4.36,-0.114
1,64498.6,STANDING,4.38,-0.112
1,64531.7,STANDING,4.39,-0.151
1,64565.3,STANDING,4.20,-0.185
1,64598.7,STANDING,4.02,-0.205
1,64632.0,STANDING,3.66,-0.218
1,64665.1,STANDING,3.25,-0.190
1,64698.7,STANDING,2.82,-0.254
1,64731.1,STANDING,2.48,-0.330
1,64764.4,STANDING,2.13,-0.314
1,64798.7,STANDING,1.92,-0.269
1,64831.8,STANDING,1.69,-0.237
1,64865.3,STANDING,1.50,-0.176
1,64899.5,STANDING,1.40,-0.113
1,64931.9,STANDING,1.42,-0.104
1,64965.2,STANDING,1.33,-0.109
1,64999.5,STANDING,1.29,-0.143
1,65031.9,STANDING,1.26,-0.122
1,65065.2,STANDING,1.35,-0.081
1,65099.4,STANDING,1.44,-0.060
1,65132.0,STANDING,1.38,-0.035
1,65164.5,STANDING,1.15,-0.034
1,65198.7,STANDING,0.95,-0.046
1,65231.9,STANDING,0.82,-0.037
1,65265.3,STANDING,0.69,-0.037
1,65299.4,STANDING,0.71,-0.047
1,65331.7,STANDING,0.80,-0.077
1,65365.3,STANDING,0.90,-0.097
1,65398.5,STANDING,1.05,-0.116
1,65431.7,STANDING,1.19,-0.120
1,65466.1,STANDING,1.32,-0.085
1,65498.6,STANDING,1.47,-0.072
1,65532.9,STANDING,1.64,-0.060
1,65565.3,STANDING,1.73,-0.048
1,65606.9,STANDING,1.83,-0.033
1,65639.2,STANDING,1.98,-0.019
1,65666.2,STANDING,2.15,-0.016
1,65698.4,STANDING,2.27,-0.015
1,65732.0,STANDING,2.25,-0.010
1,65766.1,STANDING,2.16,-0.008
1,65798.6,STANDING,2.08,-0.009
1,65831.7,STANDING,2.13,-0.010
1,65865.1,STANDING,2.19,-0.006
1,65898.4,STANDING,2.35,-0.002
1,65931.8,STANDING,2.55,0.021
1,65966.2,STANDING,2.69,0.031
1,65998.7,STANDING,2.87,0.023
1,66032.3,STANDING,3.00,0.011
1,66065.3,STANDING,3.08,0.005
1,66098.4,STANDING,3.13,-0.000
1,66132.1,STANDING,3.07,-0.000
1,66165.3,STANDING,3.02,-0.002
1,66198.4,STANDING,2.95,-0.002
1,66231.8,STANDING,2.91,-0.003
1,66265.2,STANDING,2.83,-0.006
1,66299.4,STANDING,2.65,-0.013
1,66332.2,STANDING,2.49,-0.020
1,66365.1,STANDING,2.36,-0.011
1,66398.8,STANDING,2.26,-0.001
1,66432.0,STANDING,2.21,0.006
1,66465.2,STANDING,2.22,0.011
1,66498.5,STANDING,2.24,0.007
1,66532.0,STANDING,2.26,0.004
1,66565.4,STANDING,2.25,0.001
1,66598.7,STANDING,2.25,-0.007
1,66631.8,STANDING,2.23,-0.014
1,66666.2,STANDING,2.19,-0.021
1,66698.5,STANDING,2.18,-0.021
1,66732.8,STANDING,2.17,-0.019
1,66765.4,STANDING,2.15,-0.011
1,66798.4,STANDING,2.12,-0.005
1,66832.1,STANDING,2.10,-0.003
1,66865.1,STANDING,2.10,-0.009
1,66898.4,STANDING,2.10,-0.009
1,66931.7,STANDING,2.11,-0.008
1,66964.2,STANDING,2.12,-0.007
1,66998.5,STANDING,2.12,-0.005
1,67031.0,STANDING,2.12,-0.002
1,67073.5,STANDING,2.12,-0.001
1,67098.7,STANDING,2.11,-0.001
1,67131.9,STANDING,2.11,-0.001
1,67165.3,STANDING,2.11,-0.002
1,67198.7,STANDING,2.11,-0.002
1,67231.8,STANDING,2.11,-0.002
1,67265.1,STANDING,2.10,0.001
1,67298.7,STANDING,2.11,0.006
1,67332.0,STANDING,2.14,0.057
1,67365.3,STANDING,2.10,0.168
1,67398.7,STANDING,2.07,0.266
1,67431.7,STANDING,2.05,0.350
1,67465.3,STANDING,2.13,0.385
1,67499.7,STANDING,2.20,0.360
1,67531.7,STANDING,2.40,0.335
1,67565.1,STANDING,2.72,0.306
1,67598.4,STANDING,2.94,0.271
1,67632.0,STANDING,3.14,0.266
1,67665.4,STANDING,3.13,0.240
1,67699.5,STANDING,3.12,0.216
1,67733.0,STANDING,3.02,0.146
1,67765.3,STANDING,2.91,0.134
1,67798.4,STANDING,2.77,0.075
1,67831.7,STANDING,2.62,0.048
1,67865.5,STANDING,2.48,0.050
1,67898.4,STANDING,2.37,0.024
1,67932.3,STANDING,2.25,0.008
1,67965.1,STANDING,2.14,0.000
1,67998.5,STANDING,2.04,-0.008
1,68032.5,STANDING,1.95,0.001
1,68065.3,STANDING,1.87,-0.005
1,68098.8,STANDING,1.80,-0.004
1,68132.0,STANDING,1.75,-0.006
1,68166.1,STANDING,1.71,-0.006
1,68198.6,STANDING,1.68,-0.006
1,68232.0,STANDING,1.65,0.003
1,68265.3,STANDING,1.64,-0.003
1,68299.6,STANDING,1.64,-0.000
1,68331.9,STANDING,1.63,-0.009
1,68365.5,STANDING,1.59,-0.004
1,68398.5,STANDING,1.55,-0.014
1,68432.8,STANDING,1.53,-0.008
1,68465.2,STANDING,1.54,-0.011
1,68498.7,STANDING,1.58,-0.010
1,68540.3,STANDING,1.64,-0.009
1,68565.4,STANDING,1.71,-0.018
1,68599.5,STANDING,1.82,-0.029
1,68632.8,STANDING,1.93,-0.030
1,68665.2,STANDING,2.02,-0.029
1,68698.4,STANDING,2.08,-0.040
1,68732.0,STANDING,2.11,-0.023
1,68764.7,STANDING,2.09,-0.019
1,68798.5,STANDING,2.06,-0.011
1,68831.9,STANDING,2.03,-0.012
1,68866.3,STANDING,2.09,-0.012
1,68897.8,STANDING,2.14,-0.011
1,68940.3,STANDING,2.21,-0.012
1,68972.9,STANDING,2.24,-0.012
1,68997.5,STANDING,2.25,-0.008
1,69031.9,STANDING,2.22,-0.006
1,69066.2,STANDING,2.18,-0.004
1,69106.9,STANDING,2.16,-0.003
1,69130.9,STANDING,2.13,-0.004
1,69165.3,STANDING,2.12,-0.003
1,69198.6,STANDING,2.09,-0.003
1,69231.9,STANDING,2.09,-0.006
1,69266.3,STANDING,2.07,-0.002
1,69298.6,STANDING,2.06,-0.003
1,69332.0,STANDING,2.01,-0.002
1,69365.3,STANDING,2.01,-0.003
1,69399.5,STANDING,1.99,-0.006
1,69431.9,STANDING,1.99,0.002
1,69465.4,STANDING,1.97,-0.003
1,69498.4,STANDING,1.97,0.005
1,69532.8,STANDING,1.98,-0.008
1,69565.2,STANDING,1.98,-0.007
1,69598.7,STANDING,1.99,-0.001
1,69632.8,STANDING,1.98,0.002
1,69666.2,STANDING,1.96,0.001
1,69698.6,STANDING,1.95,0.000
1,69733.0,STANDING,1.96,-0.026
1,69766.2,STANDING,1.94,-0.037
1,69798.6,STANDING,1.93,-0.039
1,69831.9,STANDING,1.92,-0.051
1,69866.2,STANDING,1.92,-0.064
1,69899.5,STANDING,1.93,-0.075
1,69932.9,STANDING,2.00,-0.089
1,69966.2,STANDING,2.11,-0.123
1,69998.7,STANDING,2.21,-0.119
1,70031.9,STANDING,2.33,-0.140
1,70065.5,STANDING,2.47,-0.145
1,70098.5,STANDING,2.57,-0.146
1,70132.0,STANDING,2.70,-0.152
1,70165.3,STANDING,2.82,-0.167
1,70198.7,STANDING,2.98,-0.195
1,70231.9,STANDING,3.01,-0.188
1,70265.3,STANDING,2.97,-0.154
1,70298.7,STANDING,3.00,-0.123
1,70332.0,STANDING,3.08,-0.110
1,70366.3,STANDING,3.21,-0.141
1,70398.7,STANDING,3.35,-0.162
1,70432.9,STANDING,3.56,-0.179
1,70466.3,STANDING,3.94,-0.171
1,70498.1,STANDING,4.31,-0.131
1,70532.0,STANDING,4.55,-0.097
1,70565.3,STANDING,4.80,-0.068
1,70598.6,STANDING,5.08,-0.038
1,70640.2,STANDING,5.33,0.007
1,70672.5,STANDING,5.41,0.021
1,70698.5,STANDING,5.34,0.020
1,70732.9,STANDING,5.26,0.016
1,70765.3,STANDING,5.30,0.050
1,70798.7,STANDING,5.23,0.058
1,70832.0,STANDING,5.13,0.061
1,70865.5,STANDING,5.03,0.049
1,70899.6,STANDING,4.95,0.045
1,70932.1,STANDING,5.00,0.034
1,70965.3,STANDING,5.20,0.069
1,70998.7,STANDING,5.35,0.137
1,71032.3,STANDING,5.43,0.138
1,71065.4,STANDING,5.49,0.154
1,71098.5,STANDING,5.57,0.148
1,71131.1,STANDING,5.58,0.146
1,71165.1,STANDING,5.51,0.126
1,71199.5,STANDING,5.36,0.131
1,71231.8,STANDING,5.13,0.089
1,71265.4,STANDING,5.07,0.068
1,71299.1,STANDING,5.03,0.026
1,71333.0,STANDING,5.15,0.005
1,71365.2,STANDING,5.11,-0.002
1,71398.5,STANDING,5.16,0.007
1,71432.1,STANDING,5.10,0.049
1,71465.2,STANDING,5.14,0.055
1,71498.4,STANDING,5.29,0.094
1,71531.8,STANDING,5.32,0.125
1,71565.4,STANDING,5.34,0.137
1,71599.7,STANDING,5.50,0.111
1,71631.8,STANDING,5.75,0.179
1,71665.1,STANDING,6.12,0.183
1,71698.5,STANDING,6.46,0.160
1,71732.1,STANDING,6.79,0.199
1,71765.4,STANDING,6.89,0.223
1,71798.5,STANDING,6.96,0.269
1,71833.0,STANDING,7.00,0.238
1,71865.4,STANDING,6.91,0.286
1,71898.4,STANDING,6.68,0.288
1,71931.8,STANDING,6.53,0.261
1,71965.2,STANDING,6.37,0.189
1,71999.6,STANDING,6.44,0.152
1,72032.2,STANDING,6.42,0.121
1,72065.1,STANDING,6.56,0.184
1,72098.7,STANDING,6.77,0.217
1,72131.8,STANDING,6.78,0.132
1,72165.4,STANDING,6.52,0.143
1,72199.6,STANDING,6.14,0.313
1,72232.9,STANDING,5.92,0.394
1,72265.3,STANDING,6.09,0.192
1,72298.6,STANDING,6.11,0.130
1,72333.0,STANDING,6.11,0.139
1,72365.3,STANDING,5.84,0.247
1,72399.7,STANDING,5.85,0.216
1,72432.2,STANDING,6.10,0.141
1,72465.6,STANDING,6.61,0.266
1,72498.4,STANDING,6.66,0.131
1,72533.1,STANDING,6.20,0.057
1,72565.4,STANDING,6.14,-0.220
1,72599.8,STANDING,6.45,-0.232
1,72631.8,STANDING,7.01,-0.157
1,72665.4,STANDING,6.96,-0.156
1,72698.7,STANDING,6.99,-0.037
1,72732.9,STANDING,7.37,-0.012
1,72765.6,STANDING,7.56,-0.178
1,72798.7,STANDING,7.56,-0.178
1,72831.9,STANDING,7.56,-0.178
1,72865.2,STANDING,7.56,-0.178
1,72898.9,STANDING,7.56,-0.178
1,72931.8,STANDING,7.56,-0.178
1,72966.2,STANDING,7.56,-0.178
1,72998.5,STANDING,7.56,-0.178
1,73031.8,STANDING,7.56,-0.178
1,73066.2,STANDING,7.56,-0.178
1,73098.4,STANDING,7.56,-0.178
1,73131.8,STANDING,7.56,-0.178
1,73166.2,STANDING,7.56,-0.178
1,73198.5,STANDING,7.56,-0.178
1,73231.8,STANDING,7.56,-0.178
1,73265.2,STANDING,7.56,-0.178
1,73298.5,STANDING,7.56,-0.178
1,73331.8,STANDING,7.56,-0.178
1,73365.1,STANDING,7.56,-0.178
1,73398.5,STANDING,7.56,-0.178
1,73431.8,STANDING,7.56,-0.178
1,73465.2,STANDING,7.56,-0.178
1,73498.5,STANDING,7.56,-0.178
1,73531.8,STANDING,7.56,-0.178
1,73565.1,STANDING,7.56,-0.178
1,73598.4,STANDING,7.56,-0.178
1,73631.8,STANDING,7.56,-0.178
1,73665.1,STANDING,7.80,0.143
1,73698.9,STANDING,7.80,0.143
1,73732.0,STANDING,8.31,-0.807
1,73765.2,STANDING,9.45,-2.598
1,73798.5,STANDING,9.45,-2.598
1,73831.9,STANDING,9.45,-2.598
1,73866.2,STANDING,9.45,-2.598
1,73898.9,STANDING,9.45,-2.598
1,73931.8,STANDING,5.91,-1.796
1,73965.1,STANDING,3.98,-1.312
1,73998.8,STANDING,3.15,-0.916
1,74031.8,STANDING,2.89,-0.540
1,74065.4,STANDING,2.78,-0.328
1,74098.6,STANDING,2.86,-0.172
1,74131.8,STANDING,2.94,-0.060
1,74165.4,STANDING,3.17,-0.043
1,74198.6,STANDING,3.29,-0.063
1,74232.1,STANDING,3.40,-0.055
1,74266.2,STANDING,3.56,-0.170
1,74298.7,STANDING,4.02,-0.336
1,74331.9,STANDING,4.33,-0.411
1,74365.2,STANDING,4.48,-0.393
1,74398.7,STANDING,4.55,-0.337
1,74432.8,STANDING,4.55,-0.286
1,74465.4,STANDING,4.60,-0.250
1,74498.7,STANDING,4.67,-0.179
1,74532.0,STANDING,4.66,-0.158
1,74565.4,STANDING,4.61,-0.175
1,74598.5,STANDING,4.60,-0.202
1,74632.0,STANDING,4.37,-0.194
1,74665.3,STANDING,4.21,-0.247
1,74698.6,STANDING,3.97,-0.225
1,74732.1,STANDING,3.77,-0.211
1,74765.3,STANDING,3.77,-0.204
1,74798.8,STANDING,3.96,-0.216
1,74832.1,STANDING,4.26,-0.275
1,74865.2,STANDING,4.51,-0.304
1,74898.8,STANDING,4.69,-0.337
1,74931.8,STANDING,4.81,-0.350
1,74965.1,STANDING,4.89,-0.346
1,74998.5,STANDING,4.93,-0.294
1,75031.8,STANDING,5.03,-0.259
1,75065.4,STANDING,5.12,-0.218
1,75098.9,STANDING,5.20,-0.226
1,75132.0,STANDING,5.40,-0.208
1,75165.2,STANDING,5.57,-0.192
1,75206.9,STANDING,5.71,-0.137
1,75231.8,STANDING,5.91,-0.099
1,75265.2,STANDING,6.17,-0.102
1,75299.6,STANDING,6.44,-0.049
1,75332.1,STANDING,6.64,-0.012
1,75366.5,STANDING,6.86,-0.011
1,75398.5,STANDING,7.06,-0.019
1,75432.9,STANDING,7.25,-0.023
1,75465.2,STANDING,7.51,-0.037
1,75499.5,STANDING,7.72,-0.070
1,75532.2,STANDING,7.96,-0.085
1,75565.2,STANDING,8.11,-0.083
1,75599.5,STANDING,8.20,-0.086
1,75633.0,STANDING,8.28,-0.059
1,75665.4,STANDING,8.25,-0.029
1,75699.6,STANDING,8.16,-0.030
1,75732.1,STANDING,8.15,-0.075
1,75765.3,STANDING,8.22,-0.161
1,75799.5,STANDING,8.39,-0.196
1,75833.0,STANDING,8.64,-0.237
1,75866.2,STANDING,8.79,-0.216
1,75899.6,STANDING,8.85,-0.183
1,75932.1,STANDING,8.73,-0.119
1,75965.3,STANDING,8.62,-0.082
1,76006.9,STANDING,8.43,-0.061
1,76040.3,STANDING,8.26,-0.049
1,76073.7,STANDING,8.12,-0.059
1,76107.2,STANDING,7.97,-0.053
1,76140.6,STANDING,7.82,-0.047
1,76173.9,STANDING,7.62,-0.052
1,76206.8,STANDING,7.24,-0.063
1,76231.9,STANDING,6.84,-0.069
1,76265.1,STANDING,6.43,-0.057
1,76298.5,STANDING,6.02,-0.028
1,76332.1,STANDING,5.56,-0.015
1,76365.1,STANDING,5.14,-0.005
1,76406.9,STANDING,4.72,-0.005
1,76440.6,STANDING,4.39,-0.021
1,76473.9,STANDING,4.24,-0.017
1,76498.5,STANDING,4.20,-0.015
1,76532.1,STANDING,4.08,-0.023
1,76565.4,STANDING,4.00,-0.050
1,76599.5,STANDING,3.86,-0.061
1,76631.8,STANDING,3.80,-0.066
1,76665.4,STANDING,3.84,-0.049
1,76698.5,STANDING,3.84,-0.047
1,76732.0,STANDING,3.87,-0.041
1,76765.5,STANDING,3.88,-0.032
1,76798.5,STANDING,3.89,-0.017
1,76841.2,STANDING,3.90,-0.013
1,76873.9,STANDING,3.90,-0.019
1,76906.9,STANDING,3.80,-0.009
1,76940.2,STANDING,3.62,-0.004
1,76973.6,STANDING,3.42,-0.001
1,77007.2,STANDING,3.27,-0.001
1,77031.8,STANDING,3.16,0.000
1,77065.4,STANDING,3.11,-0.002
1,77098.4,STANDING,3.10,-0.011
1,77140.4,STANDING,3.07,-0.011
1,77165.1,STANDING,3.08,-0.038
1,77206.9,STANDING,3.00,-0.029
1,77231.8,STANDING,2.96,-0.031
1,77273.6,STANDING,2.94,-0.019
1,77307.0,STANDING,2.87,-0.015
1,77340.6,STANDING,2.70,-0.010
1,77366.1,STANDING,2.49,-0.010
1,77398.5,STANDING,2.27,-0.005
1,77432.9,STANDING,2.09,-0.003
1,77465.1,STANDING,2.01,-0.003
1,77499.5,STANDING,2.02,-0.002
1,77531.8,STANDING,2.11,-0.001
1,77566.3,STANDING,2.16,-0.000
1,77607.2,STANDING,2.19,0.000
1,77631.8,STANDING,2.15,-0.003
1,77673.9,STANDING,2.16,-0.002
1,77698.5,STANDING,2.20,0.002
1,77732.0,STANDING,2.25,0.005
1,77765.3,STANDING,2.27,0.004
1,77798.8,STANDING,2.27,0.005
1,77832.0,STANDING,2.26,0.005
1,77865.3,STANDING,2.24,0.008
1,77906.9,STANDING,2.21,0.008
1,77940.3,STANDING,2.18,0.005
1,77973.6,STANDING,2.16,-0.001
1,78006.9,STANDING,2.14,-0.006
1,78040.2,STANDING,2.12,-0.010
1,78073.9,STANDING,2.10,-0.013
1,78106.8,STANDING,2.07,-0.006
1,78131.8,STANDING,2.03,-0.004
1,78165.1,STANDING,1.96,0.006
1,78199.5,STANDING,1.92,0.007
1,78232.0,STANDING,1.90,0.026
1,78265.4,STANDING,1.90,0.114
1,78306.9,STANDING,1.97,0.169
1,78331.8,STANDING,2.00,0.231
1,78365.5,STANDING,2.06,0.249
1,78398.7,STANDING,2.11,0.290
1,78432.1,STANDING,2.12,0.277
1,78465.7,STANDING,2.09,0.231
1,78498.5,STANDING,2.15,0.212
1,78532.8,STANDING,2.15,0.180
1,78565.3,STANDING,2.08,0.168
1,78598.8,STANDING,1.99,0.140
1,78631.8,STANDING,1.89,0.106
1,78665.2,STANDING,1.76,0.084
1,78698.6,STANDING,1.71,0.056
1,78732.1,STANDING,1.58,0.036
1,78765.2,STANDING,1.51,0.009
1,78798.5,STANDING,1.32,-0.008
1,78831.8,STANDING,1.21,-0.016
1,78865.5,STANDING,1.17,-0.017
1,78898.8,STANDING,1.14,-0.013
1,78932.2,STANDING,1.18,-0.005
1,78973.6,STANDING,1.17,0.008
1,78999.5,STANDING,1.17,0.022
1,79032.1,STANDING,1.16,0.018
1,79065.2,STANDING,1.12,0.042
1,79099.7,STANDING,1.07,0.033
1,79132.8,STANDING,1.03,0.036
1,79165.4,STANDING,0.98,0.027
1,79199.6,STANDING,0.93,0.020
1,79240.2,STANDING,0.87,0.012
1,79273.8,STANDING,0.83,0.009
1,79298.6,STANDING,0.79,-0.001
1,79340.2,STANDING,0.76,-0.009
1,79373.6,STANDING,0.73,-0.023
1,79407.3,STANDING,0.72,-0.037
1,79440.6,STANDING,0.69,-0.036
1,79473.5,STANDING,0.65,-0.025
1,79507.2,STANDING,0.64,-0.013
1,79531.8,STANDING,0.62,-0.008
1,79573.6,STANDING,0.62,-0.004
1,79607.0,STANDING,0.61,-0.005
1,79640.5,STANDING,0.60,-0.006
1,79673.9,STANDING,0.59,-0.006
1,79707.2,STANDING,0.58,-0.009
1,79740.2,STANDING,0.58,-0.006
1,79773.5,STANDING,0.59,-0.007
1,79806.8,STANDING,0.60,-0.011
1,79840.6,STANDING,0.63,-0.009
1,79873.4,STANDING,0.68,-0.007
1,79907.1,STANDING,0.76,-0.010
1,79940.4,STANDING,0.85,-0.004
1,79973.5,STANDING,0.96,-0.005
1,80007.2,STANDING,1.09,-0.000
1,80040.6,STANDING,1.21,-0.009
1,80073.5,STANDING,1.38,-0.006
1,80106.9,STANDING,1.56,-0.006
1,80140.1,STANDING,1.76,-0.005
1,80173.4,STANDING,1.95,-0.004
1,80206.8,STANDING,2.10,-0.005
1,80231.8,STANDING,2.21,-0.012
1,80273.6,STANDING,2.31,-0.008
1,80299.7,STANDING,2.43,-0.026
1,80340.2,STANDING,2.51,-0.022
1,80373.6,STANDING,2.61,-0.046
1,80407.3,STANDING,2.82,-0.063
1,80440.5,STANDING,3.08,-0.076
1,80473.5,STANDING,3.33,-0.084
1,80507.3,STANDING,3.54,-0.087
1,80540.6,STANDING,3.80,-0.126
1,80573.5,STANDING,3.85,-0.123
1,80608.0,STANDING,4.01,-0.130
1,80631.9,STANDING,4.12,-0.156
1,80665.1,STANDING,4.41,-0.161
1,80698.7,STANDING,4.68,-0.122
1,80740.2,STANDING,5.13,-0.111
1,80773.5,STANDING,5.59,-0.078
1,80807.0,STANDING,6.08,-0.103
1,80840.3,STANDING,6.62,-0.094
1,80873.6,STANDING,7.07,-0.084
1,80907.2,STANDING,7.43,-0.063
1,80940.2,STANDING,7.71,-0.021
1,80973.6,STANDING,7.90,0.004
1,80998.5,STANDING,7.99,0.010
1,81032.0,STANDING,8.05,0.012
1,81066.3,STANDING,7.88,0.011
1,81106.9,STANDING,7.69,-0.036
1,81140.3,STANDING,7.52,-0.049
1,81173.6,STANDING,7.22,-0.051
1,81207.8,STANDING,6.91,-0.058
1,81240.2,STANDING,6.61,-0.062
1,81273.7,STANDING,6.27,-0.055
1,81306.9,STANDING,5.84,-0.031
1,81340.7,STANDING,5.64,-0.012
1,81374.5,STANDING,5.49,0.009
1,81407.2,STANDING,5.47,0.060
1,81440.5,STANDING,5.50,0.053
1,81473.9,STANDING,5.45,0.063
1,81507.0,STANDING,5.45,0.047
1,81540.3,STANDING,5.45,0.095
1,81574.0,STANDING,5.40,0.080
1,81606.9,STANDING,5.24,0.070
1,81632.8,STANDING,5.04,0.088
1,81665.5,STANDING,4.90,0.086
1,81698.7,STANDING,4.73,0.104
1,81740.3,STANDING,4.58,0.104
1,81773.6,STANDING,4.56,0.102
1,81806.3,STANDING,4.52,0.094
1,81840.6,STANDING,4.57,0.046
1,81874.0,STANDING,4.64,0.023
1,81906.9,STANDING,4.84,0.010
1,81940.5,STANDING,5.08,0.017
1,81965.2,STANDING,5.19,0.043
1,82006.9,STANDING,5.14,0.039
1,82040.5,STANDING,5.12,0.050
1,82073.9,STANDING,5.04,0.086
1,82107.2,STANDING,5.01,0.102
1,82140.3,STANDING,4.96,0.076
1,82174.7,STANDING,4.94,0.051
1,82206.9,STANDING,4.92,0.036
1,82240.2,STANDING,4.89,0.046
1,82273.5,STANDING,4.99,0.063
1,82307.2,STANDING,5.08,0.109
1,82341.3,STANDING,4.95,0.115
1,82373.5,STANDING,4.84,0.185
1,82407.0,STANDING,4.62,0.241
1,82431.9,STANDING,4.58,0.278
1,82473.6,STANDING,4.68,0.270
1,82507.0,STANDING,4.78,0.274
1,82540.4,STANDING,4.90,0.274
1,82573.5,STANDING,4.96,0.243
1,82607.1,STANDING,4.82,0.182
1,82631.8,STANDING,4.80,0.095
1,82673.6,STANDING,4.85,0.043
1,82708.0,STANDING,5.03,0.010
1,82741.3,STANDING,5.19,-0.004
1,82773.9,STANDING,5.32,0.001
1,82807.9,STANDING,5.53,0.016
1,82831.9,STANDING,5.81,0.079
1,82865.2,STANDING,6.01,0.151
1,82899.6,STANDING,6.21,0.149
1,82933.0,STANDING,6.40,0.218
1,82966.3,STANDING,6.48,0.240
1,82999.5,STANDING,6.52,0.151
1,83032.9,STANDING,6.52,0.128
1,83066.2,STANDING,6.46,0.104
1,83099.5,STANDING,6.40,0.097
1,83132.9,STANDING,6.20,0.175
1,83165.5,STANDING,6.00,0.162
1,83198.5,STANDING,5.78,0.219
1,83231.8,STANDING,5.54,0.224
1,83265.1,STANDING,5.28,0.159
1,83298.5,STANDING,5.03,0.104
1,83341.2,STANDING,4.73,0.058
1,83374.7,STANDING,4.38,0.113
1,83406.8,STANDING,3.93,0.114
1,83431.8,STANDING,3.44,0.112
1,83473.9,STANDING,3.20,0.077
1,83499.5,STANDING,3.33,0.032
1,83540.2,STANDING,3.72,0.012
1,83573.9,STANDING,4.04,0.010
1,83607.9,STANDING,4.36,0.015
1,83640.6,STANDING,4.72,-0.080
1,83673.9,STANDING,4.92,-0.156
1,83706.9,STANDING,5.34,-0.214
1,83740.5,STANDING,5.65,-0.248
1,83773.5,STANDING,5.73,-0.131
1,83807.2,STANDING,5.76,-0.087
1,83840.6,STANDING,5.73,-0.018
1,83873.9,STANDING,5.69,0.125
1,83907.2,STANDING,5.41,0.359
1,83940.3,STANDING,4.96,0.326
1,83973.9,FALLING,4.48,0.513
1,84007.2,FALLING,3.90,0.632
1,84040.6,FALLING,3.45,0.571
1,84073.6,FALLING,3.10,0.706
1,84106.9,FALLING,2.87,0.341
1,84140.2,FALLING,2.66,0.255
1,84173.6,FALLING,2.50,0.042
1,84207.0,FALLING,2.29,-0.039
1,84240.3,FALLING,2.05,-0.072
1,84273.6,FALLING,1.85,-0.080
1,84307.0,FALLING,1.72,-0.153
1,84340.3,FALLING,1.69,-0.127
1,84373.9,FALLING,1.61,-0.033
1,84406.8,FALLING,1.73,-0.065
1,84431.9,FALLING,1.78,0.136
1,84465.2,FALLING,1.81,0.080
1,84498.7,FALLING,1.99,-0.108
1,84540.6,FALLING,2.00,-0.038
1,84573.5,FALLING,2.10,-0.103
1,84606.9,FALLING,1.97,-0.041
1,84640.6,FALLING,1.96,-0.170
1,84673.5,FALLING,1.87,0.050
1,84699.5,FALLING,1.88,-0.042
1,84740.5,FALLING,1.78,0.221
1,84765.2,FALLING,1.74,0.126
1,84806.9,FALLING,1.67,0.103
1,84831.9,FALLING,1.78,-0.121
1,84865.3,FALLING,1.65,0.168
1,84899.1,FALLING,1.66,0.047
1,84931.9,FALLING,1.74,0.212
1,84965.1,FALLING,1.97,0.092
1,84998.5,STANDING,2.12,0.245
1,85031.8,STANDING,2.45,0.118
1,85065.2,STANDING,2.99,-0.090
1,85098.5,STANDING,3.49,-0.218
1,85140.2,STANDING,4.04,-0.171
1,85165.2,STANDING,4.27,-0.250
1,85198.5,STANDING,4.13,-0.245
1,85223.5,STANDING,3.87,-0.152
1,85256.7,STANDING,3.73,-0.084
1,85298.4,STANDING,3.84,-0.050
1,85331.8,STANDING,4.08,-0.106
1,85365.2,STANDING,4.36,-0.188
1,85398.5,STANDING,4.63,-0.248
1,85440.1,STANDING,4.84,-0.264
1,85465.1,STANDING,5.03,-0.311
1,85506.8,STANDING,5.09,-0.244
1,85531.9,STANDING,5.19,-0.212
1,85573.6,STANDING,5.31,-0.232
1,85607.3,STANDING,5.46,-0.293
1,85640.6,STANDING,5.66,-0.324
1,85673.5,STANDING,5.89,-0.380
1,85707.3,STANDING,6.08,-0.363
1,85740.1,STANDING,6.13,-0.214
1,85773.8,STANDING,6.07,-0.150
1,85807.2,STANDING,5.87,-0.107
1,85841.1,STANDING,5.55,-0.088
1,85873.8,STANDING,5.13,-0.070
1,85908.0,STANDING,4.63,-0.105
1,85940.1,STANDING,4.12,-0.123
1,85973.5,STANDING,3.59,-0.083
1,85998.5,STANDING,3.09,-0.083
1,86040.7,STANDING,2.55,-0.103
1,86073.5,STANDING,2.17,-0.123
1,86107.3,STANDING,1.99,-0.075
1,86132.1,STANDING,2.10,-0.073
1,86173.6,STANDING,2.39,-0.073
1,86207.0,STANDING,2.67,-0.055
1,86240.2,STANDING,2.98,-0.047
1,86273.5,STANDING,3.22,-0.177
1,86306.9,STANDING,3.39,-0.153
1,86340.3,STANDING,3.38,-0.132
1,86373.9,STANDING,3.40,-0.185
1,86407.0,STANDING,3.47,-0.231
1,86440.5,STANDING,3.41,-0.261
1,86473.6,STANDING,3.38,-0.233
1,86507.2,STANDING,3.36,-0.220
1,86540.3,STANDING,3.37,-0.194
1,86574.6,STANDING,3.42,-0.174
1,86598.5,STANDING,3.51,-0.188
1,86631.9,STANDING,3.63,-0.161
1,86665.2,STANDING,3.74,-0.119
1,86698.6,STANDING,3.93,-0.126
1,86732.1,STANDING,4.11,-0.127
1,86766.2,STANDING,4.29,-0.091
1,86799.6,STANDING,4.49,-0.070
1,86840.3,STANDING,4.69,-0.057
1,86873.5,STANDING,4.88,-0.061
1,86907.3,STANDING,5.05,-0.046
1,86940.4,STANDING,5.19,-0.050
1,86974.0,STANDING,5.31,-0.030
1,87007.0,STANDING,5.36,-0.017
1,87031.9,STANDING,5.43,-0.055
1,87066.3,STANDING,5.59,-0.102
1,87107.0,STANDING,5.80,-0.124
1,87140.3,STANDING,6.01,-0.117
1,87174.0,STANDING,6.23,-0.132
1,87207.3,STANDING,6.39,-0.110
1,87240.2,STANDING,6.50,-0.081
1,87273.9,STANDING,6.58,-0.069
1,87298.5,STANDING,6.62,-0.053
1,87340.3,STANDING,6.62,-0.042
1,87373.9,STANDING,6.60,-0.029
1,87407.0,STANDING,6.51,-0.024
1,87440.6,STANDING,6.37,-0.028
1,87474.0,STANDING,6.19,-0.021
1,87506.8,STANDING,5.98,-0.020
1,87540.2,STANDING,5.84,-0.021
1,87573.5,STANDING,5.68,-0.020
1,87598.5,STANDING,5.53,-0.024
1,87631.8,STANDING,5.31,-0.045
1,87665.1,STANDING,5.18,-0.053
1,87699.7,STANDING,5.02,-0.049
1,87740.3,STANDING,4.92,-0.044
1,87765.2,STANDING,4.73,-0.027
1,87798.7,STANDING,4.56,-0.012
1,87840.2,STANDING,4.47,-0.005
1,87873.6,STANDING,4.36,-0.002
1,87906.8,STANDING,4.31,0.000
1,87940.2,STANDING,4.19,0.000
1,87965.2,STANDING,4.07,0.000
1,87998.6,STANDING,3.86,-0.002
1,88032.1,STANDING,3.71,-0.009
1,88065.1,STANDING,3.64,-0.006
1,88107.1,STANDING,3.59,0.003
1,88140.6,STANDING,3.56,0.006
1,88173.9,STANDING,3.50,0.010
1,88207.2,STANDING,3.35,0.005
1,88240.6,STANDING,3.17,-0.002
1,88273.9,STANDING,3.04,-0.015
1,88307.9,STANDING,3.00,-0.015
1,88340.2,STANDING,2.94,-0.009
1,88373.5,STANDING,2.84,-0.008
1,88407.0,STANDING,2.71,-0.005
1,88431.8,STANDING,2.58,-0.004
1,88473.6,STANDING,2.43,-0.002
1,88506.8,STANDING,2.35,-0.001
1,88540.6,STANDING,2.32,0.029
1,88565.2,STANDING,2.29,0.099
1,88607.3,STANDING,2.25,0.126
1,88631.9,STANDING,2.20,0.202
1,88673.6,STANDING,2.09,0.246
1,88706.9,STANDING,1.97,0.298
1,88740.3,STANDING,1.89,0.260
1,88773.6,STANDING,1.80,0.274
1,88806.9,STANDING,1.73,0.240
1,88840.5,STANDING,1.64,0.251
1,88873.5,STANDING,1.52,0.229
1,88906.9,STANDING,1.40,0.217
1,88932.1,STANDING,1.31,0.234
1,88973.6,STANDING,1.22,0.170
1,88999.6,STANDING,1.11,0.125
1,89040.6,STANDING,0.93,0.090
1,89073.9,STANDING,0.79,0.059
1,89107.2,STANDING,0.63,0.038
1,89140.2,STANDING,0.52,0.011
1,89173.9,STANDING,0.35,0.004
1,89198.5,STANDING,0.23,-0.014
1,89240.3,STANDING,0.16,-0.008
1,89273.7,STANDING,0.16,-0.012
1,89307.1,STANDING,0.19,-0.008
1,89340.6,STANDING,0.23,-0.008
1,89373.7,STANDING,0.30,-0.003
1,89406.8,STANDING,0.37,-0.004
1,89440.3,STANDING,0.43,-0.002
1,89465.1,STANDING,0.50,-0.002
1,89499.7,STANDING,0.60,-0.001
1,89540.2,STANDING,0.67,0.000
1,89573.6,STANDING,0.74,0.001
1,89607.1,STANDING,0.73,0.003
1,89640.3,STANDING,0.61,0.001
1,89673.9,STANDING,0.47,0.003
1,89706.9,STANDING,0.39,0.001
1,89741.5,STANDING,0.37,-0.001
1,89773.5,STANDING,0.37,-0.004
1,89806.8,STANDING,0.37,-0.001
1,89840.6,STANDING,0.34,-0.001
1,89873.5,STANDING,0.27,0.001
1,89907.2,STANDING,0.18,0.002
1,89941.3,STANDING,0.14,0.009
1,89973.8,STANDING,0.12,0.007
1,90007.2,STANDING,0.19,0.008
1,90040.2,STANDING,0.23,0.009
1,90073.6,STANDING,0.28,-0.003
1,90107.2,STANDING,0.30,-0.018
1,90140.3,STANDING,0.34,-0.038
1,90173.8,STANDING,0.38,-0.030
1,90206.9,STANDING,0.45,-0.034
1,90240.1,STANDING,0.49,-0.020
1,90273.9,STANDING,0.56,-0.029
1,90307.2,STANDING,0.61,-0.013
1,90340.6,STANDING,0.67,-0.009
1,90373.5,STANDING,0.72,0.002
1,90406.8,STANDING,0.76,0.001
1,90440.2,STANDING,0.78,-0.001
1,90473.6,STANDING,0.80,-0.005
1,90506.9,STANDING,0.88,-0.022
1,90540.3,STANDING,1.04,-0.018
1,90573.6,STANDING,1.29,-0.063
1,90607.0,STANDING,1.54,-0.106
1,90640.3,STANDING,1.81,-0.129
1,90673.8,STANDING,2.10,-0.161
1,90706.9,STANDING,2.41,-0.171
1,90740.5,STANDING,2.69,-0.186
1,90774.7,STANDING,3.01,-0.194
1,90806.9,STANDING,3.41,-0.208
1,90840.3,STANDING,3.76,-0.206
1,90873.6,STANDING,4.09,-0.204
1,90906.8,STANDING,4.26,-0.187
1,90940.3,STANDING,4.32,-0.150
1,90973.7,STANDING,4.36,-0.062
1,91007.0,STANDING,4.62,-0.072
1,91040.2,STANDING,4.94,-0.062
1,91073.7,STANDING,5.16,-0.061
1,91106.9,STANDING,5.35,-0.039
1,91140.3,STANDING,5.62,-0.037
1,91174.7,STANDING,5.92,-0.057
1,91207.1,STANDING,6.16,-0.046
1,91240.5,STANDING,6.19,-0.046
1,91273.9,STANDING,6.15,-0.052
1,91306.8,STANDING,6.04,-0.065
1,91340.2,STANDING,5.84,-0.077
1,91365.2,STANDING,5.52,-0.067
1,91406.9,STANDING,5.13,-0.056
1,91440.2,STANDING,4.79,-0.029
1,91473.9,STANDING,4.61,-0.010
1,91507.2,STANDING,4.56,-0.000
1,91540.2,STANDING,4.49,0.019
1,91574.0,STANDING,4.34,0.034
1,91607.2,STANDING,4.25,0.021
1,91640.2,STANDING,4.15,0.014
1,91673.8,STANDING,4.04,0.003
1,91707.0,STANDING,3.96,-0.009
1,91741.3,STANDING,3.86,-0.028
1,91774.6,STANDING,3.72,-0.055
1,91806.8,STANDING,3.68,-0.056
1,91840.3,STANDING,3.79,-0.045
1,91873.5,STANDING,3.97,-0.045
1,91906.9,STANDING,4.20,-0.033
1,91932.2,STANDING,4.50,-0.019
1,91974.5,STANDING,4.75,-0.010
1,91998.8,STANDING,4.91,-0.004
1,92031.9,STANDING,4.87,0.039
1,92073.6,STANDING,4.70,0.040
1,92107.0,STANDING,4.42,0.083
1,92140.4,STANDING,4.21,0.114
1,92173.6,STANDING,4.13,0.125
1,92206.9,STANDING,4.12,0.184
1,92240.3,STANDING,4.17,0.214
1,92273.5,STANDING,4.37,0.138
1,92306.9,STANDING,4.62,0.163
1,92340.1,STANDING,4.97,0.082
1,92374.0,STANDING,5.37,0.061
1,92406.8,STANDING,5.88,0.028
1,92440.5,STANDING,6.23,0.021
1,92474.0,STANDING,6.46,0.022
1,92507.3,STANDING,6.60,0.036
1,92540.1,STANDING,6.75,0.029
1,92565.2,STANDING,6.73,0.018
1,92606.8,STANDING,6.65,0.048
1,92640.2,STANDING,6.68,0.044
1,92665.2,STANDING,6.65,0.021
1,92707.3,STANDING,6.68,0.031
1,92740.6,STANDING,6.72,0.014
1,92774.6,STANDING,6.69,0.040
1,92807.9,STANDING,6.66,0.076
1,92840.5,STANDING,6.65,0.081
1,92873.5,STANDING,6.56,0.200
1,92906.8,STANDING,6.56,0.178
1,92941.2,STANDING,6.47,0.147
1,92973.7,STANDING,6.34,0.167
1,93007.0,STANDING,6.30,0.140
1,93040.1,STANDING,6.08,0.143
1,93073.5,STANDING,5.90,0.227
1,93106.9,STANDING,5.70,0.217
1,93132.1,STANDING,5.44,0.171
1,93173.6,STANDING,5.25,0.138
1,93207.1,STANDING,5.16,0.091
1,93241.3,STANDING,5.06,0.091
1,93274.8,STANDING,4.99,0.152
1,93306.8,STANDING,4.86,0.197
1,93340.7,STANDING,4.71,0.202
1,93373.9,STANDING,4.69,0.184
1,93407.9,STANDING,4.60,0.144
1,93440.4,STANDING,4.61,0.142
1,93473.8,STANDING,4.70,0.110
1,93506.9,STANDING,4.84,0.180
1,93540.2,STANDING,4.93,0.169
1,93573.6,STANDING,4.97,0.230
1,93606.9,STANDING,4.95,0.185
1,93640.6,STANDING,4.87,0.215
1,93673.7,STANDING,4.83,0.175
1,93707.1,STANDING,4.65,0.235
1,93740.7,STANDING,4.57,0.272
1,93774.6,STANDING,4.42,0.278
1,93807.8,STANDING,4.18,0.278
1,93840.4,STANDING,3.94,0.240
1,93873.6,STANDING,3.71,0.145
1,93908.0,STANDING,3.68,0.076
1,93940.3,STANDING,3.71,0.032
1,93973.5,STANDING,3.87,0.008
1,94006.8,STANDING,4.00,0.056
1,94040.7,STANDING,4.21,0.042
1,94073.6,STANDING,4.49,0.013
1,94106.9,STANDING,4.84,-0.062
1,94140.6,STANDING,5.10,-0.093
1,94173.5,STANDING,5.42,-0.106
1,94207.2,STANDING,5.65,-0.083
1,94240.3,STANDING,5.78,0.063
1,94273.8,STANDING,5.62,0.307
1,94306.9,FALLING,5.20,0.474
1,94340.4,FALLING,4.58,0.382
1,94373.5,FALLING,4.03,0.287
1,94406.9,FALLING,3.46,0.202
1,94441.3,FALLING,3.03,0.153
1,94473.6,FALLING,2.75,0.042
1,94506.8,FALLING,2.39,0.098
1,94540.2,FALLING,2.12,0.068
1,94565.2,FALLING,1.93,0.111
1,94607.0,FALLING,1.79,0.130
1,94640.3,FALLING,1.68,0.141
1,94674.6,FALLING,1.63,0.059
1,94707.2,FALLING,1.63,0.080
1,94740.6,FALLING,1.87,0.030
1,94773.6,FALLING,2.03,0.007
1,94806.9,FALLING,2.12,-0.039
1,94840.2,FALLING,2.25,-0.167
1,94873.8,FALLING,2.39,-0.285
1,94906.9,FALLING,2.26,-0.157
1,94940.5,FALLING,2.17,-0.085
1,94973.8,FALLING,2.16,-0.170
1,95007.2,FALLING,2.10,-0.083
1,95040.7,FALLING,1.98,-0.040
1,95073.9,FALLING,1.95,-0.038
1,95108.0,FALLING,1.70,0.006
1,95140.2,FALLING,1.56,0.050
1,95174.5,FALLING,1.55,-0.032
1,95207.3,FALLING,2.02,-0.022
1,95240.5,FALLING,2.67,-0.061
1,95273.7,FALLING,3.17,-0.060
1,95306.9,FALLING,3.53,-0.013
1,95341.3,STANDING,3.67,-0.004
1,95374.0,STANDING,3.68,0.030
1,95407.2,STANDING,3.56,0.032
1,95440.3,STANDING,3.30,0.085
1,95473.6,STANDING,3.09,0.139
1,95506.9,STANDING,2.98,0.080
1,95540.6,STANDING,3.05,0.082
1,95574.7,STANDING,3.24,0.079
1,95607.2,STANDING,3.51,0.046
1,95640.2,STANDING,3.84,-0.024
1,95673.5,STANDING,4.18,-0.172
1,95706.8,STANDING,4.52,-0.198
1,95740.4,STANDING,4.83,-0.228
1,95773.6,STANDING,5.14,-0.305
1,95808.1,STANDING,5.41,-0.314
1,95840.6,STANDING,5.64,-0.405
1,95873.5,STANDING,5.84,-0.359
1,95907.9,STANDING,6.09,-0.448
1,95940.6,STANDING,6.25,-0.338
1,95973.5,STANDING,6.48,-0.303
1,96006.9,STANDING,6.67,-0.261
1,96040.2,STANDING,6.83,-0.222
1,96073.6,STANDING,6.93,-0.182
1,96108.0,STANDING,6.98,-0.138
1,96141.3,STANDING,6.90,-0.101
1,96173.6,STANDING,6.73,-0.098
1,96207.0,STANDING,6.49,-0.135
1,96241.3,STANDING,6.22,-0.172
1,96273.6,STANDING,5.90,-0.201
1,96307.9,STANDING,5.45,-0.198
1,96340.3,STANDING,5.16,-0.214
1,96373.9,STANDING,4.90,-0.185
1,96406.8,STANDING,4.77,-0.159
1,96440.6,STANDING,4.64,-0.158
1,96473.6,STANDING,4.67,-0.152
1,96507.2,STANDING,4.79,-0.213
1,96540.4,STANDING,4.98,-0.233
1,96573.5,STANDING,5.33,-0.275
1,96606.8,STANDING,5.50,-0.237
1,96631.8,STANDING,5.51,-0.260
1,96674.6,STANDING,5.33,-0.164
1,96698.5,STANDING,5.15,-0.139
1,96740.3,STANDING,5.03,-0.080
1,96774.6,STANDING,5.04,-0.072
1,96807.0,STANDING,5.07,-0.061
1,96840.3,STANDING,5.25,-0.050
1,96873.8,STANDING,5.48,-0.054
1,96906.9,STANDING,5.71,-0.063
1,96940.2,STANDING,5.86,-0.083
1,96974.6,STANDING,5.95,-0.080
1,97007.9,STANDING,5.99,-0.064
1,97040.2,STANDING,6.11,-0.031
1,97073.7,STANDING,6.20,-0.032
1,97106.9,STANDING,6.21,-0.023
1,97141.1,STANDING,6.17,-0.010
1,97173.6,STANDING,6.16,-0.003
1,97206.9,STANDING,6.10,-0.007
1,97240.5,STANDING,5.92,-0.022
1,97273.7,STANDING,5.70,-0.027
1,97307.1,STANDING,5.51,-0.046
1,97340.3,STANDING,5.10,-0.134
1,97373.5,STANDING,4.71,-0.123
1,97407.1,STANDING,4.46,-0.116
1,97440.5,STANDING,4.46,-0.107
1,97473.6,STANDING,4.55,-0.111
1,97507.2,STANDING,4.73,-0.105
1,97540.3,STANDING,4.81,-0.074
1,97573.8,STANDING,4.84,-0.073
1,97606.8,STANDING,4.92,-0.080
1,97639.7,STANDING,5.05,-0.096
1,97673.5,STANDING,5.23,-0.076
1,97707.2,STANDING,5.40,-0.055
1,97740.2,STANDING,5.53,-0.035
1,97773.8,STANDING,5.57,-0.036
1,97807.0,STANDING,5.63,-0.045
1,97839.5,STANDING,5.67,-0.025
1,97873.5,STANDING,5.65,-0.009
1,97906.8,STANDING,5.60,-0.003
1,97940.2,STANDING,5.53,-0.001
1,97974.7,STANDING,5.46,0.002
1,98006.8,STANDING,5.33,0.002
1,98041.3,STANDING,5.30,0.003
1,98073.6,STANDING,5.25,0.002
1,98107.9,STANDING,5.15,0.002
1,98140.5,STANDING,4.90,0.004
1,98172.6,STANDING,4.57,0.003
1,98206.0,STANDING,4.32,0.001
1,98240.6,STANDING,4.07,-0.011
1,98272.6,STANDING,3.97,-0.026
1,98307.3,STANDING,3.81,-0.040
1,98341.4,STANDING,3.71,-0.035
1,98374.6,STANDING,3.61,-0.034
1,98407.2,STANDING,3.43,-0.022
1,98440.1,STANDING,3.25,-0.012
1,98473.8,STANDING,3.06,-0.003
1,98507.2,STANDING,2.87,0.006
1,98540.4,STANDING,2.72,0.015
1,98573.7,STANDING,2.53,0.011
1,98606.8,STANDING,2.36,0.007
1,98640.4,STANDING,2.24,0.004
1,98673.7,STANDING,2.16,0.003
1,98706.9,STANDING,2.10,0.002
1,98740.3,STANDING,2.04,0.006
1,98773.6,STANDING,2.00,0.033
1,98807.0,STANDING,2.02,0.080
1,98840.4,STANDING,2.12,0.169
1,98873.6,STANDING,2.29,0.229
1,98907.0,STANDING,2.37,0.321
1,98940.3,STANDING,2.45,0.328
1,98973.6,STANDING,2.51,0.271
1,99006.9,STANDING,2.55,0.333
1,99040.2,STANDING,2.55,0.354
1,99074.6,STANDING,2.47,0.263
1,99107.4,STANDING,2.37,0.255
1,99140.6,STANDING,2.26,0.256
1,99173.7,STANDING,2.13,0.200
1,99207.3,STANDING,2.05,0.143
1,99240.2,STANDING,1.89,0.110
1,99273.5,STANDING,1.73,0.069
1,99307.8,STANDING,1.49,0.034
1,99340.3,STANDING,1.23,0.032
1,99373.6,STANDING,0.98,0.025
1,99407.0,STANDING,0.79,-0.003
1,99440.5,STANDING,0.62,-0.009
1,99474.6,STANDING,0.49,-0.015
1,99507.0,STANDING,0.33,-0.014
1,99540.5,STANDING,0.32,-0.012
1,99573.5,STANDING,0.46,-0.011
1,99606.8,STANDING,0.60,-0.004
1,99640.5,STANDING,0.73,0.005
1,99673.9,STANDING,0.85,0.009
1,99706.9,STANDING,0.97,0.008
1,99740.3,STANDING,1.05,0.007
1,99773.7,STANDING,1.09,0.008
1,99808.0,STANDING,1.12,0.007
1,99840.3,STANDING,1.16,0.004
1,99873.6,STANDING,1.14,0.003
1,99908.1,STANDING,1.16,0.002
1,99940.4,STANDING,1.08,0.001
1,99973.6,STANDING,1.05,0.000
1,100008.0,STANDING,1.10,-0.009
1,100040.3,STANDING,1.11,-0.018
1,100073.6,STANDING,1.11,-0.046
1,100107.2,STANDING,1.07,-0.040
1,100141.4,STANDING,1.07,-0.038
1,100173.8,STANDING,1.07,-0.039
1,100207.3,STANDING,1.07,-0.041
1,100240.2,STANDING,1.06,-0.052
1,100273.7,STANDING,1.03,-0.073
1,100307.2,STANDING,1.00,-0.103
1,100340.3,STANDING,0.90,-0.115
1,100373.6,STANDING,0.77,-0.073
1,100407.1,STANDING,0.55,-0.097
1,100440.7,STANDING,0.45,-0.102
1,100474.2,STANDING,0.59,-0.119
1,100508.0,STANDING,0.99,-0.134
1,100540.2,STANDING,1.51,-0.138
1,100573.6,STANDING,2.05,-0.133
1,100607.2,STANDING,2.65,-0.151
1,100640.5,STANDING,3.31,-0.153
1,100673.5,STANDING,3.91,-0.165
1,100707.0,STANDING,4.39,-0.179
1,100740.4,STANDING,4.65,-0.185
1,100773.6,STANDING,4.82,-0.175
1,100806.9,STANDING,5.01,-0.149
1,100840.6,STANDING,5.26,-0.120
1,100873.5,STANDING,5.42,-0.097
1,100908.0,STANDING,5.72,-0.054
1,100941.4,STANDING,6.01,-0.046
1,100973.9,STANDING,6.38,-0.056
1,101007.0,STANDING,6.70,-0.067
1,101040.5,STANDING,6.81,-0.032
1,101073.6,STANDING,6.75,-0.014
1,101107.9,STANDING,6.55,-0.019
1,101140.2,STANDING,6.29,-0.011
1,101173.6,STANDING,6.08,0.002
1,101207.2,STANDING,5.94,0.007
1,101240.2,STANDING,5.81,0.008
1,101274.7,STANDING,5.75,0.008
1,101308.1,STANDING,5.79,0.007
1,101340.5,STANDING,5.77,0.006
1,101373.8,STANDING,5.83,0.005
1,101407.0,STANDING,5.78,0.005
1,101440.5,STANDING,5.72,0.006
1,101473.6,STANDING,5.75,0.005
1,101507.0,STANDING,5.71,0.017
1,101540.2,STANDING,5.68,0.044
1,101573.9,STANDING,5.58,0.085
1,101606.8,STANDING,5.53,0.120
1,101640.6,STANDING,5.49,0.096
1,101673.5,STANDING,5.48,0.071
1,101707.3,STANDING,5.45,0.067
1,101740.4,STANDING,5.27,0.093
1,101773.6,STANDING,5.07,0.069
1,101807.3,STANDING,4.92,0.060
1,101840.2,STANDING,4.73,0.042
1,101873.9,STANDING,4.47,0.047
1,101906.8,STANDING,4.20,0.029
1,101940.6,STANDING,3.92,0.045
1,101973.6,STANDING,3.68,0.054
1,102007.3,STANDING,3.49,0.056
1,102040.6,STANDING,3.38,0.050
1,102073.6,STANDING,3.29,0.048
1,102107.5,STANDING,3.25,0.032
1,102140.3,STANDING,3.10,0.015
1,102173.9,STANDING,3.02,0.019
1,102206.9,STANDING,2.93,0.019
1,102240.5,STANDING,2.96,0.061
1,102273.6,STANDING,2.96,0.090
1,102307.0,STANDING,3.10,0.076
1,102340.4,STANDING,3.17,0.156
1,102373.6,STANDING,3.27,0.190
1,102407.1,STANDING,3.39,0.191
1,102440.4,STANDING,3.54,0.198
1,102473.6,STANDING,3.81,0.197
1,102507.0,STANDING,4.09,0.182
1,102540.3,STANDING,4.26,0.182
1,102573.8,STANDING,4.39,0.210
1,102607.3,STANDING,4.43,0.212
1,102640.6,STANDING,4.43,0.154
1,102674.0,STANDING,4.50,0.091
1,102707.2,STANDING,4.60,0.105
1,102740.6,STANDING,4.78,0.125
1,102773.6,STANDING,4.92,0.104
1,102806.9,STANDING,5.09,0.176
1,102840.6,STANDING,5.18,0.232
1,102874.0,STANDING,5.33,0.174
1,102907.2,STANDING,5.51,0.215
1,102941.3,STANDING,5.70,0.149
1,102973.7,STANDING,5.83,0.236
1,103006.8,STANDING,5.95,0.215
1,103040.3,STANDING,6.00,0.207
1,103073.9,STANDING,5.97,0.260
1,103107.0,STANDING,5.98,0.190
1,103140.4,STANDING,6.02,0.259
1,103173.6,STANDING,5.91,0.289
1,103207.0,STANDING,5.71,0.291
1,103240.7,STANDING,5.46,0.225
1,103273.8,STANDING,5.26,0.119
1,103307.2,STANDING,5.01,0.084
1,103340.3,STANDING,4.89,0.038
1,103373.7,STANDING,4.82,0.003
1,103407.2,STANDING,4.75,0.007
1,103440.3,STANDING,4.82,-0.015
1,103474.0,STANDING,5.17,-0.039
1,103506.8,STANDING,5.84,-0.053
1,103540.4,STANDING,6.60,-0.094
1,103574.0,STANDING,7.26,-0.028
1,103606.9,STANDING,7.50,0.115
1,103640.2,STANDING,7.49,0.235
1,103673.9,STANDING,7.36,0.317
1,103706.9,STANDING,7.13,0.414
1,103740.5,STANDING,6.80,0.422
1,103773.6,STANDING,6.68,0.186
1,103807.2,STANDING,6.71,0.066
1,103840.4,STANDING,6.81,-0.021
1,103873.7,STANDING,7.04,-0.136
1,103907.1,STANDING,7.26,-0.195
1,103940.5,STANDING,7.43,-0.025
1,103974.6,STANDING,7.29,0.030
1,104007.0,STANDING,7.05,0.121
1,104041.2,STANDING,6.83,0.145
1,104073.8,STANDING,6.63,0.144
1,104107.0,STANDING,6.31,0.150
1,104140.5,STANDING,6.00,0.134
1,104173.7,STANDING,5.82,0.080
1,104207.2,STANDING,5.57,0.059
1,104240.2,STANDING,5.41,0.048
1,104273.5,STANDING,5.18,0.066
1,104306.9,STANDING,5.08,0.032
1,104331.9,STANDING,4.89,0.028
1,104373.6,STANDING,4.76,0.005
1,104407.2,STANDING,4.52,0.001
1,104440.7,STANDING,4.24,0.029
1,104473.7,STANDING,3.95,0.025
1,104507.2,STANDING,3.76,0.061
1,104540.2,STANDING,3.45,0.080
1,104573.8,STANDING,3.19,0.029
1,104607.1,STANDING,3.09,-0.061
1,104640.2,STANDING,3.12,-0.062
1,104673.8,STANDING,3.51,-0.106
1,104707.1,STANDING,4.26,-0.221
1,104740.2,STANDING,5.11,-0.303
1,104773.5,STANDING,5.67,-0.246
1,104807.1,STANDING,5.74,-0.126
1,104841.2,STANDING,5.82,-0.017
1,104873.9,STANDING,5.81,0.051
1,104906.9,STANDING,6.11,0.059
1,104940.6,STANDING,6.33,0.050
1,104974.0,STANDING,6.57,0.048
1,105007.0,STANDING,6.55,0.125
1,105040.2,STANDING,6.58,0.080
1,105073.9,STANDING,6.59,0.025
1,105107.5,STANDING,6.66,-0.053
1,105140.2,STANDING,6.80,-0.174
1,105173.9,STANDING,6.96,-0.286
1,105207.1,STANDING,6.95,-0.299
1,105240.3,STANDING,6.91,-0.271
1,105273.6,STANDING,6.76,-0.223
1,105307.2,STANDING,6.41,-0.226
1,105340.6,STANDING,5.91,-0.240
1,105373.5,STANDING,5.36,-0.286
1,105406.8,STANDING,4.75,-0.273
1,105440.5,STANDING,4.11,-0.258
1,105473.5,STANDING,3.61,-0.200
1,105507.2,STANDING,3.10,-0.194
1,105540.2,STANDING,2.59,-0.165
1,105573.8,STANDING,2.14,-0.097
1,105607.0,STANDING,1.95,-0.078
1,105640.5,STANDING,1.81,-0.116
1,105673.6,STANDING,1.82,-0.141
1,105707.1,STANDING,1.73,-0.156
1,105740.5,STANDING,1.65,-0.188
1,105773.9,STANDING,1.62,-0.276
1,105807.3,STANDING,1.73,-0.318
1,105840.2,STANDING,1.87,-0.317
1,105873.8,STANDING,2.08,-0.313
1,105907.3,STANDING,2.38,-0.307
1,105940.5,STANDING,2.62,-0.257
1,105973.7,STANDING,2.93,-0.197
1,106007.3,STANDING,3.10,-0.110
1,106040.6,STANDING,3.19,-0.116
1,106073.7,STANDING,3.19,-0.082
1,106107.5,STANDING,3.29,-0.050
1,106140.4,STANDING,3.39,-0.046
1,106173.6,STANDING,3.49,-0.066
1,106206.9,STANDING,3.72,-0.078
1,106240.4,STANDING,4.20,-0.120
1,106273.9,STANDING,4.62,-0.101
1,106307.1,STANDING,5.01,-0.123
1,106340.4,STANDING,5.24,-0.186
1,106374.0,STANDING,5.43,-0.124
1,106407.0,STANDING,5.76,-0.154
1,106440.3,STANDING,6.02,-0.159
1,106473.8,STANDING,6.33,-0.156
1,106507.0,STANDING,6.46,-0.136
1,106540.4,STANDING,6.50,-0.132
1,106573.7,STANDING,6.31,-0.093
1,106606.9,STANDING,6.19,-0.119
1,106641.2,STANDING,5.85,-0.095
1,106673.6,STANDING,5.56,-0.096
1,106707.0,STANDING,5.19,-0.085
1,106740.2,STANDING,4.82,-0.080
1,106773.6,STANDING,4.53,-0.050
1,106807.3,STANDING,4.18,-0.034
1,106840.2,STANDING,3.88,-0.029
1,106874.0,STANDING,3.62,-0.031
1,106907.2,STANDING,3.45,-0.035
1,106940.6,STANDING,3.24,-0.029
1,106974.0,STANDING,3.12,-0.026
1,107007.1,STANDING,3.12,-0.029
1,107040.2,STANDING,3.13,-0.013
1,107074.0,STANDING,3.18,-0.009
1,107106.9,STANDING,3.27,-0.006
1,107140.6,STANDING,3.29,-0.009
1,107173.8,STANDING,3.30,-0.017
1,107206.9,STANDING,3.25,-0.013
1,107241.3,STANDING,3.20,-0.008
1,107273.5,STANDING,3.11,-0.004
1,107306.9,STANDING,3.03,-0.001
1,107340.3,STANDING,2.97,-0.000
1,107373.7,STANDING,2.91,-0.001
1,107407.1,STANDING,2.81,-0.002
1,107440.3,STANDING,2.75,-0.005
1,107473.8,STANDING,2.67,-0.010
1,107507.2,STANDING,2.60,-0.021
1,107540.2,STANDING,2.53,-0.016
1,107573.8,STANDING,2.45,-0.018
1,107606.9,STANDING,2.38,-0.018
1,107640.4,STANDING,2.36,-0.018
1,107673.9,STANDING,2.35,0.001
1,107707.3,STANDING,2.34,0.092
1,107740.6,STANDING,2.36,0.198
1,107774.6,STANDING,2.44,0.261
1,107807.2,STANDING,2.54,0.423
1,107840.2,FALLING,2.72,0.456
1,107873.9,FALLING,2.96,0.362
1,107906.9,FALLING,3.33,0.470
1,107941.4,FALLING,3.43,0.395
1,107973.7,FALLING,3.38,0.361
1,108007.2,FALLING,3.30,0.308
1,108040.3,FALLING,3.19,0.269
1,108073.7,FALLING,3.00,0.221
1,108107.2,FALLING,2.66,0.167
1,108140.2,FALLING,2.28,0.146
1,108173.8,FALLING,1.92,0.139
1,108207.2,FALLING,1.61,0.085
1,108240.5,FALLING,1.42,0.060
1,108273.9,FALLING,1.30,0.033
1,108307.3,FALLING,1.20,0.037
1,108340.7,FALLING,1.15,0.007
1,108373.5,FALLING,1.11,0.025
1,108407.0,FALLING,1.09,-0.000
1,108440.5,FALLING,1.03,0.021
1,108473.7,FALLING,0.95,0.002
1,108506.9,FALLING,0.89,-0.007
1,108540.3,FALLING,0.83,-0.008
1,108574.6,FALLING,0.78,-0.013
1,108606.9,FALLING,0.77,-0.015
1,108640.2,FALLING,0.80,-0.056
1,108673.7,FALLING,0.85,-0.147
1,108707.0,FALLING,0.91,-0.161
1,108740.5,FALLING,1.04,-0.211
1,108773.7,FALLING,1.23,-0.189
1,108807.2,FALLING,1.52,-0.186
1,108840.3,STANDING,1.91,-0.199
1,108873.9,STANDING,2.30,-0.198
1,108907.0,STANDING,2.71,-0.208
1,108940.4,STANDING,2.96,-0.161
1,108973.5,STANDING,3.28,-0.137
1,109007.1,STANDING,3.66,-0.156
1,109040.5,STANDING,3.99,-0.167
1,109073.5,STANDING,4.17,-0.172
1,109107.2,STANDING,4.25,-0.162
1,109140.2,STANDING,4.37,-0.150
1,109173.6,STANDING,4.65,-0.140
1,109207.0,STANDING,4.95,-0.141
1,109240.5,STANDING,5.31,-0.129
1,109273.8,STANDING,5.88,-0.129
1,109306.9,STANDING,6.37,-0.144
1,109340.4,STANDING,6.44,-0.129
1,109374.0,STANDING,6.32,-0.116
1,109407.3,STANDING,6.40,-0.093
1,109440.3,STANDING,6.38,-0.056
1,109473.6,STANDING,6.35,0.008
1,109507.0,STANDING,6.22,0.027
1,109540.3,STANDING,6.10,0.027
1,109573.8,STANDING,5.82,0.023
1,109607.2,STANDING,5.44,0.033
1,109640.6,STANDING,5.02,0.041
1,109673.7,STANDING,4.53,0.042
1,109707.3,STANDING,4.22,0.030
1,109740.2,STANDING,3.98,0.046
1,109774.0,STANDING,4.00,0.091
1,109806.9,STANDING,3.94,0.165
1,109840.5,STANDING,4.01,0.119
1,109873.6,STANDING,4.03,0.189
1,109907.2,STANDING,4.10,0.176
1,109940.5,STANDING,4.01,0.174
1,109973.7,STANDING,3.84,0.112
1,110007.3,STANDING,3.65,0.065
1,110040.3,STANDING,3.55,0.025
1,110073.5,STANDING,3.57,0.004
1,110107.3,STANDING,3.72,-0.005
1,110140.6,STANDING,3.77,-0.009
1,110173.9,STANDING,3.63,0.026
1,110207.3,STANDING,3.35,0.085
1,110240.5,STANDING,3.15,0.129
1,110273.7,STANDING,2.93,0.168
1,110306.9,STANDING,2.77,0.169
1,110340.6,STANDING,2.61,0.133
1,110373.9,STANDING,2.46,0.182
1,110406.9,STANDING,2.33,0.200
1,110440.4,STANDING,2.38,0.171
1,110473.5,STANDING,2.43,0.184
1,110506.9,STANDING,2.52,0.193
1,110540.3,STANDING,2.58,0.241
1,110573.5,STANDING,2.63,0.291
1,110607.2,STANDING,2.58,0.303
1,110640.6,STANDING,2.51,0.312
1,110673.6,STANDING,2.47,0.286
1,110707.0,STANDING,2.49,0.274
1,110740.3,STANDING,2.44,0.273
1,110774.0,STANDING,2.51,0.232
1,110807.4,STANDING,2.55,0.197
1,110840.3,STANDING,2.54,0.249
1,110874.0,STANDING,2.57,0.286
1,110907.0,STANDING,2.59,0.318
1,110940.7,STANDING,2.64,0.419
1,110973.8,STANDING,2.68,0.411
1,111007.2,STANDING,2.80,0.433
1,111040.4,STANDING,2.79,0.404
1,111073.7,STANDING,2.69,0.448
1,111107.2,FALLING,2.63,0.510
1,111140.6,FALLING,2.52,0.475
1,111173.9,FALLING,2.34,0.406
1,111206.9,FALLING,2.10,0.206
1,111240.7,FALLING,1.84,0.163
1,111273.6,FALLING,1.52,0.066
1,111307.0,FALLING,1.18,0.132
1,111340.4,FALLING,0.75,0.106
1,111374.0,FALLING,0.51,0.057
1,111407.0,FALLING,0.53,0.060
1,111440.4,FALLING,1.02,0.222
1,111473.7,FALLING,1.35,0.246
1,111507.0,FALLING,1.56,0.287
1,111540.4,FALLING,1.73,0.379
1,111573.7,FALLING,1.83,0.400
1,111607.2,FALLING,1.72,0.394
1,111640.2,FALLING,1.32,0.473
1,111673.8,FALLING,0.95,0.376
1,111706.9,FALLING,0.81,0.289
1,111740.2,FALLING,0.70,0.379
1,111774.0,FALLING,0.76,0.343
1,111807.3,FALLING,0.65,0.523
1,111840.6,FALLING,0.71,0.373
1,111873.8,FALLING,0.50,0.443
1,111907.0,FALLING,0.50,0.334
1,111941.3,FALLING,0.42,0.250
1,111973.6,FALLING,0.80,0.294
1,112007.3,FALLING,0.97,0.556
1,112040.5,FALLING,0.95,0.308
1,112073.9,FALLING,1.44,0.370
1,112107.2,FALLING,1.43,0.496
1,112140.6,STANDING,1.53,0.196
1,112173.5,STANDING,1.60,0.051
1,112207.1,STANDING,1.76,-0.025
1,112240.5,STANDING,1.65,0.160
1,112274.0,STANDING,1.65,0.250
1,112307.2,STANDING,1.51,0.380
1,112340.6,STANDING,1.56,-0.437
1,112373.9,STANDING,1.45,0.282
1,112407.2,STANDING,1.27,0.098
1,112440.5,STANDING,1.22,0.401
1,112473.7,STANDING,1.34,-1.317
1,112507.1,STANDING,1.53,-1.612
1,112540.4,STANDING,1.75,-0.834
1,112573.7,STANDING,1.85,-0.547
1,112607.1,STANDING,2.07,-0.374
1,112640.6,STANDING,2.07,-0.374
1,112673.8,FALLING,1.25,1.189
1,112706.9,FALLING,1.41,-0.829
1,112740.2,FALLING,1.36,-0.787
1,112773.5,FALLING,1.46,-1.533
1,112806.9,FALLING,1.51,-0.054
1,112840.3,FALLING,1.45,-0.894
1,112865.3,FALLING,1.88,-2.376
1,112906.9,FALLING,2.07,-1.913
1,112940.3,FALLING,2.44,-2.286
1,112973.6,FALLING,2.44,-2.286
1,113008.0,FALLING,1.58,0.905
1,113031.9,FALLING,1.10,0.927
1,113073.6,FALLING,0.88,0.700
1,113106.9,FALLING,0.72,1.506
1,113140.3,FALLING,0.71,-0.707
1,113174.7,FALLING,0.78,-0.447
1,113198.6,FALLING,0.77,-2.146
1,113240.3,FALLING,1.18,-1.124
1,113273.6,FALLING,1.47,-1.600
1,113307.9,FALLING,1.47,-1.600
1,113340.2,FALLING,1.02,0.407
1,113367.2,FALLING,1.15,-0.613
1,113406.9,FALLING,1.11,-0.064
1,113440.2,FALLING,1.00,0.014
1,113473.6,FALLING,0.93,-0.265
1,113506.9,FALLING,0.83,-1.276
1,113540.6,FALLING,1.13,-2.912