take,t_ms,state,tilt_deg,hipV_per_s
1,11606.7,STANDING,1.48,0.000
1,11632.2,STANDING,1.42,-0.016
1,11665.7,STANDING,1.34,-0.090
1,11699.2,STANDING,1.24,-0.188
1,11731.5,STANDING,1.24,-0.140
1,11765.9,STANDING,1.30,-0.187
1,11799.2,STANDING,1.37,-0.189
1,11832.4,STANDING,1.46,-0.098
1,11865.7,STANDING,1.56,-0.059
1,11899.1,STANDING,1.62,-0.027
1,11933.2,STANDING,1.67,0.008
1,11965.8,STANDING,1.72,0.012
1,11999.6,STANDING,1.75,-0.109
1,12032.4,STANDING,1.82,-0.142
1,12074.0,STANDING,1.90,-0.065
1,12107.5,STANDING,1.87,0.072
1,12140.7,STANDING,1.76,0.275
1,12165.8,STANDING,1.65,0.156
1,12199.1,STANDING,1.55,0.108
1,12232.5,STANDING,1.47,0.116
1,12265.7,STANDING,1.44,0.051
1,12299.1,STANDING,1.40,0.035
1,12332.4,STANDING,1.30,0.029
1,12366.8,STANDING,1.24,0.010
1,12399.6,STANDING,1.30,-0.189
1,12432.3,STANDING,1.36,-0.431
1,12465.7,STANDING,1.44,-0.090
1,12499.1,STANDING,1.45,0.004
1,12532.4,STANDING,1.41,0.034
1,12565.7,STANDING,1.45,0.083
1,12599.1,STANDING,1.40,0.143
1,12632.4,STANDING,1.35,0.113
1,12665.9,STANDING,1.33,0.000
1,12699.1,STANDING,1.40,-0.036
1,12733.1,STANDING,1.42,-0.029
1,12765.8,STANDING,1.39,0.053
1,12799.4,STANDING,1.35,0.117
1,12832.4,STANDING,1.35,0.189
1,12864.8,STANDING,1.35,0.210
1,12899.1,STANDING,1.43,0.429
1,12932.4,STANDING,1.52,0.282
1,12964.9,STANDING,1.49,0.122
1,13000.1,STANDING,1.43,-0.129
1,13040.8,STANDING,1.40,-0.187
1,13074.1,STANDING,1.37,-0.204
1,13107.4,STANDING,1.33,-0.036
1,13140.8,STANDING,1.27,0.011
1,13174.1,STANDING,1.23,0.012
1,13202.2,STANDING,1.18,-0.002
1,13240.7,STANDING,1.16,-0.003
1,13274.1,STANDING,1.16,-0.011
1,13307.4,STANDING,1.17,0.016
1,13349.1,STANDING,1.20,0.002
1,13382.8,STANDING,1.24,0.039
1,13407.4,STANDING,1.25,-0.034
1,13440.7,STANDING,1.21,-0.039
1,13474.1,STANDING,1.05,-0.030
1,13507.3,STANDING,0.97,0.050
1,13540.7,STANDING,0.93,0.077
1,13573.2,STANDING,0.95,0.085
1,13606.5,STANDING,0.95,0.063
1,13631.5,STANDING,1.03,0.042
1,13674.2,STANDING,0.96,0.057
1,13707.6,STANDING,0.96,0.060
1,13749.0,STANDING,1.00,0.014
1,13773.3,STANDING,1.04,-0.107
1,13807.5,STANDING,1.11,-0.180
1,13840.8,STANDING,1.18,-0.131
1,13873.1,STANDING,1.27,-0.345
1,13907.5,STANDING,1.52,-0.196
1,13940.7,STANDING,1.68,-0.099
1,13982.4,STANDING,1.77,-0.015
1,14002.8,STANDING,1.83,-0.031
1,14040.8,STANDING,1.98,-0.085
1,14074.2,STANDING,2.09,-0.046
1,14107.7,STANDING,2.18,0.036
1,14140.7,STANDING,2.21,0.048
1,14173.2,STANDING,2.21,0.130
1,14207.7,STANDING,2.13,0.335
1,14241.0,STANDING,2.04,0.188
1,14274.0,STANDING,1.86,0.165
1,14307.9,STANDING,1.57,0.069
1,14339.8,STANDING,1.43,0.023
1,14375.1,STANDING,1.36,-0.109
1,14415.9,STANDING,1.32,-0.096
1,14444.0,STANDING,1.33,-0.052
1,14482.8,STANDING,1.35,-0.086
1,14510.6,STANDING,1.42,-0.421
1,14550.1,STANDING,1.47,-0.279
1,14577.3,STANDING,1.58,-0.366
1,14616.2,STANDING,1.63,-0.183
1,14649.6,STANDING,1.84,-0.245
1,14682.7,STANDING,1.98,-0.213
1,14716.0,STANDING,2.11,-0.128
1,14749.1,STANDING,2.08,-0.019
1,14782.8,STANDING,2.12,0.021
1,14815.7,STANDING,2.28,0.039
1,14839.9,STANDING,2.39,0.033
1,14877.3,STANDING,2.44,0.012
1,14916.2,STANDING,2.42,0.070
1,14949.6,STANDING,2.54,0.044
1,14983.5,STANDING,2.65,0.049
1,15015.8,STANDING,2.69,0.179
1,15040.7,STANDING,2.82,0.114
1,15074.1,STANDING,2.72,0.148
1,15107.7,STANDING,2.89,0.091
1,15140.8,STANDING,3.11,0.085
1,15174.1,STANDING,3.57,-0.052
1,15207.4,STANDING,3.96,0.000
1,15241.1,STANDING,4.19,-0.001
1,15274.4,STANDING,4.33,-0.054
1,15308.7,STANDING,4.46,-0.080
1,15340.8,STANDING,4.19,-0.225
1,15374.5,STANDING,3.71,-0.123
1,15407.5,STANDING,3.26,-0.052
1,15440.9,STANDING,2.84,-0.041
1,15474.3,STANDING,2.49,-0.039
1,15507.5,STANDING,2.21,-0.021
1,15541.3,STANDING,2.04,-0.148
1,15574.5,STANDING,1.94,-0.394
1,15607.4,STANDING,1.90,-0.488
1,15641.7,STANDING,1.85,-0.521
1,15674.4,STANDING,1.82,-0.486
1,15707.9,STANDING,1.86,-0.470
1,15740.7,STANDING,1.99,-0.493
1,15774.3,STANDING,1.99,-0.672
1,15807.5,STANDING,1.98,-0.951
1,15840.8,STANDING,2.18,-1.086
1,15874.2,STANDING,2.29,-0.964
1,15907.4,STANDING,1.94,-1.031
1,15941.2,STANDING,1.74,-0.720
1,15974.0,STANDING,1.70,-0.273
1,16007.4,STANDING,1.83,-0.224
1,16040.7,STANDING,1.82,-0.569
1,16074.2,STANDING,1.59,-0.678
1,16107.6,STANDING,1.60,-0.638
1,16140.8,STANDING,1.56,-0.629
1,16174.1,STANDING,1.60,-0.502
1,16208.5,STANDING,1.51,-0.447
1,16241.1,STANDING,1.35,-0.411
1,16274.5,STANDING,1.28,-0.378
1,16307.4,STANDING,1.23,-0.311
1,16341.1,STANDING,1.06,-0.272
1,16374.4,STANDING,0.95,-0.287
1,16407.8,STANDING,0.80,-0.303
1,16440.9,STANDING,0.57,-0.332
1,16474.1,STANDING,0.34,-0.293
1,16507.4,STANDING,0.21,-0.322
1,16541.0,STANDING,0.24,-0.312
1,16574.4,STANDING,0.33,-0.341
1,16608.4,STANDING,0.50,-0.343
1,16640.7,STANDING,0.55,-0.374
1,16674.0,STANDING,0.61,-0.362
1,16707.5,STANDING,0.75,-0.367
1,16741.2,STANDING,0.80,-0.362
1,16774.5,STANDING,0.85,-0.379
1,16807.7,STANDING,0.88,-0.408
1,16841.1,STANDING,0.91,-0.377
1,16874.1,STANDING,0.98,-0.332
1,16907.4,STANDING,1.01,-0.318
1,16940.9,STANDING,0.97,-0.293
1,16974.3,STANDING,0.92,-0.266
1,17007.4,STANDING,0.82,-0.261
1,17040.8,STANDING,0.71,-0.242
1,17074.4,STANDING,0.59,-0.189
1,17107.7,STANDING,0.46,-0.166
1,17140.8,STANDING,0.33,-0.179
1,17174.2,STANDING,0.33,-0.179
1,17207.5,STANDING,0.47,-0.165
1,17240.9,STANDING,0.60,-0.156
1,17274.2,STANDING,0.81,-0.132
1,17307.5,STANDING,1.09,-0.109
1,17340.9,STANDING,1.35,-0.119
1,17374.1,STANDING,1.59,-0.140
1,17407.7,STANDING,1.76,-0.122
1,17441.2,STANDING,1.83,-0.096
1,17474.1,STANDING,1.75,-0.079
1,17507.4,STANDING,1.67,-0.089
1,17541.0,STANDING,1.57,-0.110
1,17574.3,STANDING,1.49,-0.128
1,17607.8,STANDING,1.44,-0.168
1,17641.1,STANDING,1.45,-0.190
1,17674.1,STANDING,1.44,-0.208
1,17707.4,STANDING,1.38,-0.177
1,17740.7,STANDING,1.27,-0.140
1,17774.3,STANDING,1.19,-0.118
1,17807.9,STANDING,1.12,-0.095
1,17841.2,STANDING,1.08,-0.092
1,17875.2,STANDING,1.05,-0.081
1,17907.4,STANDING,1.01,-0.075
1,17941.0,STANDING,0.97,-0.065
1,17974.5,STANDING,0.89,-0.056
1,18007.5,STANDING,0.75,-0.043
1,18040.7,STANDING,0.55,-0.038
1,18074.2,STANDING,0.37,-0.045
1,18107.4,STANDING,0.36,-0.044
1,18140.8,STANDING,0.45,-0.049
1,18174.3,STANDING,0.55,-0.036
1,18207.4,STANDING,0.65,-0.037
1,18240.9,STANDING,0.68,-0.037
1,18274.4,STANDING,0.73,-0.031
1,18307.6,STANDING,0.75,-0.013
1,18340.7,STANDING,0.83,-0.003
1,18374.1,STANDING,0.88,-0.001
1,18407.7,STANDING,0.92,-0.007
1,18441.2,STANDING,0.96,-0.021
1,18474.1,STANDING,1.01,-0.035
1,18507.4,STANDING,1.06,-0.039
1,18541.0,STANDING,1.12,-0.035
1,18574.4,STANDING,1.17,-0.020
1,18607.8,STANDING,1.20,-0.011
1,18641.2,STANDING,1.19,-0.018
1,18674.5,STANDING,1.13,-0.020
1,18707.4,STANDING,1.04,-0.038
1,18740.8,STANDING,0.88,-0.050
1,18774.4,STANDING,0.66,-0.035
1,18807.4,STANDING,0.48,-0.028
1,18840.8,STANDING,0.32,-0.015
1,18874.3,STANDING,0.41,0.003
1,18907.9,STANDING,0.44,0.004
1,18940.8,STANDING,0.50,0.003
1,18974.6,STANDING,0.62,0.006
1,19007.9,STANDING,0.77,0.010
1,19040.7,STANDING,0.96,0.017
1,19074.2,STANDING,1.14,0.010
1,19107.9,STANDING,1.25,0.011
1,19140.7,STANDING,1.38,0.009
1,19174.3,STANDING,1.47,0.010
1,19207.4,STANDING,1.59,0.015
1,19240.7,STANDING,1.66,0.009
1,19274.4,STANDING,1.69,0.005
1,19307.9,STANDING,1.65,0.004
1,19340.9,STANDING,1.60,0.004
1,19374.4,STANDING,1.54,0.000
1,19407.4,STANDING,1.49,0.002
1,19441.1,STANDING,1.45,-0.004
1,19474.4,STANDING,1.39,-0.018
1,19507.5,STANDING,1.31,-0.017
1,19540.9,STANDING,1.26,-0.009
1,19574.2,STANDING,1.21,-0.009
1,19608.5,STANDING,1.12,-0.012
1,19641.9,STANDING,1.01,-0.012
1,19674.4,STANDING,0.89,-0.011
1,19707.4,STANDING,0.80,-0.009
1,19740.8,STANDING,0.71,-0.012
1,19774.2,STANDING,0.65,-0.007
1,19807.6,STANDING,0.57,-0.006
1,19841.0,STANDING,0.49,-0.005
1,19874.0,STANDING,0.45,-0.004
1,19907.4,STANDING,0.40,-0.004
1,19940.8,STANDING,0.36,-0.004
1,19975.2,STANDING,0.34,-0.002
1,20007.7,STANDING,0.31,-0.002
1,20041.2,STANDING,0.27,0.000
1,20074.1,STANDING,0.21,-0.000
1,20107.9,STANDING,0.17,0.004
1,20141.2,STANDING,0.14,-0.001
1,20174.5,STANDING,0.16,0.008
1,20207.4,STANDING,0.17,0.006
1,20240.8,STANDING,0.19,0.003
1,20266.8,STANDING,0.24,0.008
1,20307.6,STANDING,0.29,0.004
1,20340.8,STANDING,0.37,0.007
1,20374.1,STANDING,0.40,0.004
1,20407.4,STANDING,0.44,0.008
1,20441.0,STANDING,0.45,0.004
1,20474.1,STANDING,0.47,0.006
1,20507.5,STANDING,0.47,0.001
1,20541.0,STANDING,0.50,0.004
1,20574.1,STANDING,0.50,0.001
1,20607.8,STANDING,0.51,0.003
1,20640.7,STANDING,0.50,0.001
1,20674.0,STANDING,0.48,0.004
1,20707.8,STANDING,0.46,0.002
1,20741.2,STANDING,0.44,0.002
1,20774.1,STANDING,0.43,0.002
1,20807.5,STANDING,0.41,0.003
1,20841.0,STANDING,0.41,0.007
1,20874.5,STANDING,0.39,0.003
1,20907.4,STANDING,0.38,0.001
1,20940.8,STANDING,0.37,0.001
1,20974.2,STANDING,0.37,0.001
1,21007.5,STANDING,0.37,0.002
1,21041.1,STANDING,0.36,0.007
1,21074.1,STANDING,0.35,0.010
1,21107.4,STANDING,0.33,0.009
1,21140.8,STANDING,0.31,0.006
1,21174.2,STANDING,0.27,0.007
1,21207.7,STANDING,0.23,0.005
1,21241.0,STANDING,0.19,0.013
1,21274.0,STANDING,0.21,0.015
1,21308.5,STANDING,0.18,0.002
1,21341.0,STANDING,0.16,0.001
1,21374.2,STANDING,0.17,0.001
1,21407.4,STANDING,0.17,-0.002
1,21440.8,STANDING,0.20,-0.000
1,21474.2,STANDING,0.20,-0.002
1,21507.6,STANDING,0.23,0.002
1,21540.9,STANDING,0.22,-0.002
1,21574.0,STANDING,0.22,0.001
1,21607.7,STANDING,0.22,-0.002
1,21640.8,STANDING,0.23,-0.002
1,21675.2,STANDING,0.23,-0.001
1,21707.6,STANDING,0.23,0.001
1,21741.8,STANDING,0.22,0.007
1,21774.2,STANDING,0.21,0.007
1,21807.5,STANDING,0.20,0.019
1,21840.9,STANDING,0.13,0.007
1,21874.2,STANDING,0.08,0.006
1,21907.7,STANDING,0.05,0.004
1,21940.8,STANDING,0.04,0.012
1,21974.1,STANDING,0.02,0.007
1,22007.7,STANDING,0.01,0.004
1,22041.2,STANDING,0.01,0.004
1,22074.0,STANDING,0.01,0.002
1,22107.4,STANDING,0.01,0.002
1,22140.9,STANDING,0.01,-0.001
1,22174.2,STANDING,0.03,0.000
1,22208.5,STANDING,0.07,0.002
1,22240.8,STANDING,0.09,-0.003
1,22274.1,STANDING,0.12,-0.001
1,22307.6,STANDING,0.13,0.000
1,22341.0,STANDING,0.15,0.002
1,22374.3,STANDING,0.15,-0.001
1,22408.5,STANDING,0.15,0.003
1,22441.8,STANDING,0.10,-0.002
1,22474.2,STANDING,0.06,-0.002
1,22507.7,STANDING,0.04,-0.002
1,22541.2,STANDING,0.03,-0.002
1,22574.1,STANDING,0.03,0.005
1,22607.5,STANDING,0.02,0.000
1,22641.1,STANDING,0.03,-0.002
1,22674.1,STANDING,0.02,-0.004
1,22707.4,STANDING,0.04,0.002
1,22740.8,STANDING,0.05,-0.003
1,22774.0,STANDING,0.07,-0.001
1,22807.5,STANDING,0.09,0.003
1,22841.3,STANDING,0.06,0.002
1,22874.5,STANDING,0.05,-0.002
1,22907.4,STANDING,0.04,0.002
1,22940.8,STANDING,0.03,0.000
1,22974.1,STANDING,0.03,0.000
1,23007.4,STANDING,0.02,-0.004
1,23040.8,STANDING,0.02,-0.006
1,23074.3,STANDING,0.04,-0.007
1,23107.8,STANDING,0.06,-0.007
1,23140.9,STANDING,0.08,-0.006
1,23174.1,STANDING,0.10,-0.004
1,23207.6,STANDING,0.11,-0.003
1,23241.2,STANDING,0.12,-0.001
1,23274.1,STANDING,0.12,0.005
1,23307.7,STANDING,0.11,0.008
1,23341.4,STANDING,0.11,0.023
1,23374.4,STANDING,0.09,0.014
1,23407.9,STANDING,0.08,0.009
1,23440.8,STANDING,0.08,0.002
1,23474.1,STANDING,0.08,0.004
1,23507.7,STANDING,0.05,0.001
1,23540.8,STANDING,0.03,0.001
1,23574.6,STANDING,0.03,0.001
1,23607.7,STANDING,0.02,0.005
1,23640.8,STANDING,0.02,0.001
1,23674.1,STANDING,0.01,0.009
1,23707.5,STANDING,0.04,0.003
1,23740.7,STANDING,0.04,-0.001
1,23774.0,STANDING,0.06,-0.003
1,23807.5,STANDING,0.06,-0.004
1,23841.9,STANDING,0.06,-0.007
1,23874.3,STANDING,0.04,-0.002
1,23907.4,STANDING,0.04,-0.002
1,23940.8,STANDING,0.04,-0.004
1,23974.5,STANDING,0.04,-0.003
1,24007.4,STANDING,0.03,-0.003
1,24040.8,STANDING,0.05,-0.005
1,24074.4,STANDING,0.05,-0.004
1,24107.8,STANDING,0.06,-0.003
1,24140.9,STANDING,0.06,-0.003
1,24174.5,STANDING,0.07,-0.004
1,24207.5,STANDING,0.07,0.001
1,24241.2,STANDING,0.08,0.000
1,24274.5,STANDING,0.08,0.000
1,24307.5,STANDING,0.08,-0.001
1,24341.0,STANDING,0.10,-0.003
1,24374.1,STANDING,0.11,-0.002
1,24407.7,STANDING,0.12,-0.003
1,24441.3,STANDING,0.13,-0.002
1,24474.5,STANDING,0.14,-0.002
1,24507.9,STANDING,0.15,-0.003
1,24540.7,STANDING,0.16,-0.002
1,24574.1,STANDING,0.16,-0.003
1,24607.9,STANDING,0.17,-0.004
1,24640.7,STANDING,0.17,-0.004
1,24674.4,STANDING,0.17,0.002
1,24707.9,STANDING,0.18,0.002
1,24740.7,STANDING,0.19,0.002
1,24774.3,STANDING,0.20,0.003
1,24807.4,STANDING,0.18,0.005
1,24840.8,STANDING,0.18,0.003
1,24874.6,STANDING,0.17,0.003
1,24907.8,STANDING,0.15,0.002
1,24939.9,STANDING,0.14,0.004
1,24974.2,STANDING,0.15,0.003
1,25006.8,STANDING,0.18,0.002
1,25040.1,STANDING,0.19,0.003
1,25073.5,STANDING,0.22,0.001
1,25107.9,STANDING,0.22,0.007
1,25141.2,STANDING,0.25,0.002
1,25174.3,STANDING,0.27,-0.006
1,25207.6,STANDING,0.28,-0.015
1,25240.9,STANDING,0.28,-0.014
1,25274.2,STANDING,0.28,-0.013
1,25306.7,STANDING,0.28,-0.011
1,25340.3,STANDING,0.27,-0.007
1,25374.5,STANDING,0.27,-0.004
1,25408.6,STANDING,0.27,-0.002
1,25441.1,STANDING,0.27,-0.001
1,25474.1,STANDING,0.28,-0.000
1,25508.5,STANDING,0.30,-0.002
1,25539.9,STANDING,0.30,-0.001
1,25574.3,STANDING,0.30,-0.001
1,25607.6,STANDING,0.31,-0.000
1,25641.1,STANDING,0.31,-0.000
1,25674.2,STANDING,0.31,0.001
1,25707.7,STANDING,0.31,0.001
1,25740.2,STANDING,0.31,0.000
1,25775.1,STANDING,0.33,-0.001
1,25807.7,STANDING,0.36,-0.006
1,25841.0,STANDING,0.38,-0.007
1,25874.2,STANDING,0.39,-0.007
1,25907.9,STANDING,0.40,-0.006
1,25940.9,STANDING,0.42,-0.004
1,25974.1,STANDING,0.44,-0.004
1,26007.5,STANDING,0.46,-0.002
1,26040.8,STANDING,0.48,-0.004
1,26074.2,STANDING,0.50,-0.003
1,26107.6,STANDING,0.51,-0.003
1,26140.9,STANDING,0.53,-0.003
1,26175.2,STANDING,0.53,0.008
1,26207.5,STANDING,0.53,0.014
1,26241.0,STANDING,0.52,0.013
1,26274.2,STANDING,0.52,0.011
1,26307.5,STANDING,0.53,0.007
1,26340.9,STANDING,0.54,0.004
1,26374.2,STANDING,0.54,-0.000
1,26407.7,STANDING,0.54,-0.002
1,26440.8,STANDING,0.53,-0.004
1,26473.2,STANDING,0.53,-0.010
1,26507.5,STANDING,0.52,-0.008
1,26540.8,STANDING,0.50,-0.006
1,26574.1,STANDING,0.47,-0.005
1,26608.5,STANDING,0.45,-0.003
1,26641.1,STANDING,0.44,-0.002
1,26674.4,STANDING,0.42,-0.001
1,26707.4,STANDING,0.42,0.002
1,26741.2,STANDING,0.42,0.002
1,26774.1,STANDING,0.42,0.002
1,26807.6,STANDING,0.42,0.002
1,26841.2,STANDING,0.42,0.002
1,26874.2,STANDING,0.43,0.000
1,26907.6,STANDING,0.42,-0.000
1,26940.9,STANDING,0.41,-0.001
1,26974.6,STANDING,0.39,-0.001
1,27007.6,STANDING,0.37,0.007
1,27040.9,STANDING,0.36,0.008
1,27074.3,STANDING,0.37,-0.001
1,27107.6,STANDING,0.37,-0.000
1,27142.0,STANDING,0.37,-0.000
1,27175.4,STANDING,0.36,0.004
1,27208.6,STANDING,0.36,0.002
1,27240.7,STANDING,0.37,0.003
1,27274.1,STANDING,0.38,0.001
1,27307.5,STANDING,0.38,-0.000
1,27341.2,STANDING,0.37,0.001
1,27375.3,STANDING,0.36,0.000
1,27407.4,STANDING,0.35,0.006
1,27441.0,STANDING,0.34,0.003
1,27474.2,STANDING,0.32,0.003
1,27507.8,STANDING,0.31,0.000
1,27540.7,STANDING,0.30,-0.005
1,27574.1,STANDING,0.26,-0.006
1,27607.7,STANDING,0.23,-0.006
1,27641.3,STANDING,0.22,-0.010
1,27674.4,STANDING,0.21,-0.003
1,27707.4,STANDING,0.20,-0.002
1,27741.1,STANDING,0.19,-0.001
1,27774.4,STANDING,0.19,0.001
1,27807.9,STANDING,0.19,0.002
1,27841.2,STANDING,0.19,0.001
1,27875.4,STANDING,0.20,0.000
1,27907.5,STANDING,0.21,-0.003
1,27941.1,STANDING,0.22,-0.004
1,27974.4,STANDING,0.22,-0.003
1,28007.6,STANDING,0.23,-0.002
1,28040.9,STANDING,0.23,-0.001
1,28074.2,STANDING,0.24,-0.002
1,28107.6,STANDING,0.24,-0.002
1,28140.7,STANDING,0.25,-0.001
1,28175.4,STANDING,0.26,-0.000
1,28208.5,STANDING,0.26,-0.000
1,28241.8,STANDING,0.28,-0.001
1,28274.4,STANDING,0.29,-0.002
1,28307.4,STANDING,0.30,-0.001
1,28340.9,STANDING,0.30,-0.002
1,28374.1,STANDING,0.31,-0.004
1,28407.4,STANDING,0.31,-0.002
1,28440.9,STANDING,0.31,-0.002
1,28474.3,STANDING,0.31,-0.001
1,28507.6,STANDING,0.29,-0.001
1,28540.9,STANDING,0.28,-0.001
1,28574.3,STANDING,0.27,-0.000
1,28607.6,STANDING,0.26,-0.001
1,28640.9,STANDING,0.26,-0.001
1,28674.2,STANDING,0.26,0.000
1,28707.6,STANDING,0.26,0.001
1,28740.9,STANDING,0.26,0.001
1,28775.1,STANDING,0.26,0.000
1,28807.7,STANDING,0.24,-0.000
1,28840.8,STANDING,0.22,0.008
1,28874.3,STANDING,0.20,0.011
1,28907.4,STANDING,0.19,0.015
1,28940.8,STANDING,0.19,0.016
1,28974.6,STANDING,0.20,0.016
1,29007.6,STANDING,0.22,0.011
1,29040.9,STANDING,0.25,0.006
1,29074.3,STANDING,0.26,0.004
1,29107.4,STANDING,0.25,0.003
1,29141.9,STANDING,0.25,0.005
1,29174.5,STANDING,0.24,0.007
1,29208.5,STANDING,0.25,0.003
1,29240.8,STANDING,0.26,-0.001
1,29274.1,STANDING,0.26,-0.001
1,29307.7,STANDING,0.26,-0.001
1,29341.9,STANDING,0.26,-0.000
1,29374.4,STANDING,0.26,0.001
1,29407.6,STANDING,0.25,0.004
1,29441.1,STANDING,0.25,0.003
1,29474.4,STANDING,0.25,-0.002
1,29507.9,STANDING,0.25,0.002
1,29541.1,STANDING,0.24,0.001
1,29575.1,STANDING,0.24,0.001
1,29607.7,STANDING,0.23,-0.002
1,29641.1,STANDING,0.23,-0.006
1,29674.4,STANDING,0.22,-0.003
1,29707.7,STANDING,0.22,-0.003
1,29740.8,STANDING,0.23,-0.002
1,29774.1,STANDING,0.22,-0.003
1,29807.7,STANDING,0.20,-0.004
1,29841.0,STANDING,0.18,-0.003
1,29874.1,STANDING,0.16,-0.002
1,29907.4,STANDING,0.14,-0.001
1,29941.0,STANDING,0.11,-0.001
1,29974.4,STANDING,0.10,-0.001
1,30007.6,STANDING,0.09,0.000
1,30040.8,STANDING,0.08,0.004
1,30074.1,STANDING,0.10,0.004
1,30108.5,STANDING,0.12,0.002
1,30141.2,STANDING,0.12,0.002
1,30174.1,STANDING,0.12,0.004
1,30207.7,STANDING,0.13,0.002
1,30240.8,STANDING,0.14,0.001
1,30274.1,STANDING,0.15,0.002
1,30307.5,STANDING,0.15,0.004
1,30341.2,STANDING,0.15,-0.001
1,30374.4,STANDING,0.16,-0.009
1,30407.8,STANDING,0.17,-0.012
1,30440.8,STANDING,0.15,-0.011
1,30474.1,STANDING,0.15,-0.010
1,30507.4,STANDING,0.14,-0.006
1,30540.8,STANDING,0.14,-0.002
1,30574.3,STANDING,0.15,-0.001
1,30607.6,STANDING,0.16,0.003
1,30640.9,STANDING,0.17,0.001
1,30674.2,STANDING,0.18,-0.001
1,30707.7,STANDING,0.18,-0.001
1,30741.1,STANDING,0.18,0.008
1,30774.6,STANDING,0.19,0.006
1,30807.7,STANDING,0.20,0.003
1,30840.8,STANDING,0.21,0.003
1,30874.3,STANDING,0.21,0.002
1,30907.7,STANDING,0.22,0.001
1,30941.0,STANDING,0.22,0.003
1,30974.5,STANDING,0.22,0.004
1,31007.6,STANDING,0.23,0.003
1,31041.1,STANDING,0.24,0.002
1,31074.1,STANDING,0.24,0.002
1,31107.4,STANDING,0.24,0.003
1,31140.8,STANDING,0.25,0.001
1,31174.3,STANDING,0.24,0.001
1,31207.6,STANDING,0.24,0.002
1,31241.1,STANDING,0.24,0.003
1,31275.2,STANDING,0.25,0.002
1,31307.7,STANDING,0.24,0.001
1,31340.9,STANDING,0.23,0.000
1,31374.4,STANDING,0.23,-0.000
1,31407.7,STANDING,0.22,0.007
1,31441.1,STANDING,0.23,0.004
1,31474.2,STANDING,0.23,0.002
1,31507.5,STANDING,0.23,0.002
1,31541.9,STANDING,0.24,0.000
1,31574.2,STANDING,0.24,-0.002
1,31607.8,STANDING,0.23,-0.001
1,31640.8,STANDING,0.23,-0.001
1,31674.6,STANDING,0.22,-0.001
1,31707.7,STANDING,0.21,-0.000
1,31740.9,STANDING,0.20,-0.001
1,31774.4,STANDING,0.18,-0.002
1,31808.5,STANDING,0.17,-0.001
1,31840.8,STANDING,0.16,0.001
1,31874.4,STANDING,0.15,0.002
1,31907.4,STANDING,0.15,0.002
1,31940.8,STANDING,0.15,0.000
1,31974.4,STANDING,0.14,0.000
1,32007.5,STANDING,0.14,0.001
1,32041.1,STANDING,0.14,0.000
1,32074.2,STANDING,0.13,0.002
1,32108.6,STANDING,0.13,0.002
1,32140.8,STANDING,0.13,0.001
1,32174.1,STANDING,0.12,0.001
1,32207.4,STANDING,0.14,-0.001
1,32241.1,STANDING,0.15,-0.001
1,32274.1,STANDING,0.15,-0.001
1,32307.9,STANDING,0.14,-0.001
1,32342.0,STANDING,0.14,-0.001
1,32374.2,STANDING,0.14,-0.000
1,32407.6,STANDING,0.13,-0.003
1,32440.9,STANDING,0.12,-0.002
1,32474.2,STANDING,0.12,-0.001
1,32507.5,STANDING,0.11,0.000
1,32540.7,STANDING,0.12,-0.000
1,32574.1,STANDING,0.13,-0.000
1,32607.4,STANDING,0.13,-0.000
1,32640.9,STANDING,0.14,-0.001
1,32674.4,STANDING,0.14,-0.004
1,32707.4,STANDING,0.14,-0.002
1,32740.7,STANDING,0.14,-0.004
1,32774.1,STANDING,0.13,-0.002
1,32807.4,STANDING,0.13,-0.004
1,32841.2,STANDING,0.12,-0.002
1,32874.5,STANDING,0.11,-0.001
1,32907.7,STANDING,0.10,0.004
1,32940.7,STANDING,0.12,0.001
1,32974.1,STANDING,0.11,0.000
1,33007.5,STANDING,0.11,0.001
1,33041.8,STANDING,0.10,0.000
1,33074.4,STANDING,0.10,0.001
1,33107.4,STANDING,0.10,-0.000
1,33141.1,STANDING,0.10,-0.000
1,33174.1,STANDING,0.09,-0.001
1,33207.6,STANDING,0.09,-0.001
1,33240.9,STANDING,0.08,-0.001
1,33274.2,STANDING,0.07,0.001
1,33308.6,STANDING,0.07,0.003
1,33340.9,STANDING,0.08,0.002
1,33374.3,STANDING,0.09,0.002
1,33408.6,STANDING,0.09,0.002
1,33441.1,STANDING,0.09,0.002
1,33474.4,STANDING,0.10,0.001
1,33508.5,STANDING,0.10,0.001
1,33540.7,STANDING,0.10,0.000
1,33574.4,STANDING,0.10,-0.000
1,33607.7,STANDING,0.09,0.000
1,33641.1,STANDING,0.08,-0.001
1,33674.2,STANDING,0.07,-0.000
1,33707.4,STANDING,0.07,-0.000
1,33740.8,STANDING,0.06,-0.002
1,33774.6,STANDING,0.05,0.000
1,33807.6,STANDING,0.05,-0.001
1,33841.0,STANDING,0.04,-0.001
1,33874.3,STANDING,0.04,0.000
1,33916.1,STANDING,0.03,-0.001
1,33941.1,STANDING,0.02,0.001
1,33974.1,STANDING,0.02,-0.001
1,34007.7,STANDING,0.02,-0.002
1,34040.8,STANDING,0.02,-0.001
1,34074.1,STANDING,0.03,0.000
1,34107.6,STANDING,0.04,-0.005
1,34140.7,STANDING,0.04,-0.008
1,34174.2,STANDING,0.04,-0.006
1,34207.6,STANDING,0.03,-0.003
1,34240.9,STANDING,0.03,-0.002
1,34274.3,STANDING,0.03,-0.000
1,34307.5,STANDING,0.02,-0.000
1,34340.8,STANDING,0.01,0.001
1,34375.2,STANDING,0.01,0.002
1,34407.8,STANDING,0.01,-0.001
1,34441.1,STANDING,0.01,-0.001
1,34474.2,STANDING,0.01,-0.000
1,34507.4,STANDING,0.01,-0.000
1,34541.1,STANDING,0.01,0.001
1,34574.2,STANDING,0.02,0.001
1,34607.8,STANDING,0.02,0.003
1,34641.0,STANDING,0.03,0.002
1,34675.3,STANDING,0.03,0.001
1,34707.6,STANDING,0.04,-0.000
1,34740.7,STANDING,0.04,0.000
1,34774.1,STANDING,0.05,0.000
1,34807.4,STANDING,0.05,-0.001
1,34840.8,STANDING,0.05,-0.001
1,34874.1,STANDING,0.04,-0.001
1,34907.9,STANDING,0.03,-0.001
1,34940.8,STANDING,0.03,-0.003
1,34974.4,STANDING,0.02,-0.004
1,35007.4,STANDING,0.02,-0.003
1,35041.8,STANDING,0.02,-0.002
1,35075.2,STANDING,0.02,0.000
1,35107.7,STANDING,0.01,-0.001
1,35141.7,STANDING,0.01,0.002
1,35174.4,STANDING,0.01,0.006
1,35208.6,STANDING,0.02,0.002
1,35241.9,STANDING,0.01,0.001
1,35274.2,STANDING,0.01,0.005
1,35307.4,STANDING,0.02,0.004
1,35340.8,STANDING,0.02,0.002
1,35374.4,STANDING,0.02,0.001
1,35407.6,STANDING,0.02,0.002
1,35440.9,STANDING,0.02,0.002
1,35474.4,STANDING,0.02,0.003
1,35507.5,STANDING,0.02,0.004
1,35541.1,STANDING,0.03,0.004
1,35575.1,STANDING,0.04,0.003
1,35607.7,STANDING,0.04,0.003
1,35640.9,STANDING,0.05,0.001
1,35675.1,STANDING,0.05,-0.002
1,35707.9,STANDING,0.04,-0.001
1,35740.8,STANDING,0.03,-0.002
1,35774.4,STANDING,0.02,-0.006
1,35807.6,STANDING,0.02,-0.000
1,35840.7,STANDING,0.02,-0.003
1,35874.1,STANDING,0.01,-0.001
1,35907.5,STANDING,0.03,-0.001
1,35940.8,STANDING,0.03,-0.001
1,35974.6,STANDING,0.02,-0.000
1,36007.4,STANDING,0.02,-0.001
1,36040.9,STANDING,0.03,-0.001
1,36074.4,STANDING,0.05,-0.000
1,36107.4,STANDING,0.05,-0.002
1,36140.9,STANDING,0.06,0.001
1,36174.3,STANDING,0.08,0.001
1,36207.5,STANDING,0.07,-0.004
1,36240.9,STANDING,0.07,-0.002
1,36274.2,STANDING,0.08,-0.001
1,36307.8,STANDING,0.06,-0.009
1,36341.0,STANDING,0.05,-0.010
1,36374.1,STANDING,0.04,-0.007
1,36407.7,STANDING,0.06,-0.004
1,36440.8,STANDING,0.08,-0.003
1,36474.4,STANDING,0.08,-0.002
1,36508.5,STANDING,0.10,0.004
1,36540.9,STANDING,0.11,0.004
1,36574.2,STANDING,0.11,0.002
1,36608.6,STANDING,0.12,0.000
1,36641.0,STANDING,0.12,0.001
1,36674.3,STANDING,0.12,0.001
1,36707.4,STANDING,0.12,0.001
1,36740.8,STANDING,0.11,0.000
1,36774.3,STANDING,0.11,-0.000
1,36807.6,STANDING,0.11,-0.001
1,36841.9,STANDING,0.11,0.007
1,36874.2,STANDING,0.11,0.004
1,36907.6,STANDING,0.12,0.002
1,36941.2,STANDING,0.13,0.001
1,36974.1,STANDING,0.12,-0.004
1,37007.7,STANDING,0.13,0.001
1,37042.0,STANDING,0.13,0.004
1,37074.4,STANDING,0.13,-0.005
1,37107.4,STANDING,0.13,-0.002
1,37140.8,STANDING,0.12,-0.002
1,37174.1,STANDING,0.15,0.001
1,37208.6,STANDING,0.17,0.000
1,37240.7,STANDING,0.17,0.001
1,37275.3,STANDING,0.18,-0.000
1,37307.9,STANDING,0.18,0.000
1,37340.9,STANDING,0.17,0.001
1,37374.1,STANDING,0.17,-0.002
1,37407.5,STANDING,0.20,-0.001
1,37441.3,STANDING,0.21,-0.002
1,37474.1,STANDING,0.22,0.003
1,37508.6,STANDING,0.22,0.003
1,37541.9,STANDING,0.22,-0.002
1,37574.4,STANDING,0.25,0.000
1,37607.4,STANDING,0.26,0.001
1,37640.8,STANDING,0.27,-0.000
1,37675.2,STANDING,0.26,-0.001
1,37707.7,STANDING,0.26,-0.001
1,37740.9,STANDING,0.25,0.001
1,37774.4,STANDING,0.25,0.001
1,37807.5,STANDING,0.24,0.001
1,37840.9,STANDING,0.23,0.001
1,37875.3,STANDING,0.22,0.001
1,37907.5,STANDING,0.23,0.001
1,37940.8,STANDING,0.21,-0.001
1,37974.5,STANDING,0.20,-0.000
1,38007.5,STANDING,0.18,-0.000
1,38040.8,STANDING,0.16,0.001
1,38075.3,STANDING,0.16,0.001
1,38107.7,STANDING,0.15,0.001
1,38140.8,STANDING,0.14,0.003
1,38174.1,STANDING,0.11,0.002
1,38207.6,STANDING,0.09,0.002
1,38240.7,STANDING,0.07,0.001
1,38274.1,STANDING,0.05,0.001
1,38307.8,STANDING,0.04,0.000
1,38341.0,STANDING,0.03,0.008
1,38374.2,STANDING,0.02,0.004
1,38407.5,STANDING,0.02,0.003
1,38441.1,STANDING,0.04,0.002
1,38474.4,STANDING,0.03,0.004
1,38507.4,STANDING,0.04,-0.001
1,38540.8,STANDING,0.03,0.005
1,38574.2,STANDING,0.03,0.004
1,38607.8,STANDING,0.04,0.011
1,38641.0,STANDING,0.03,0.007
1,38674.2,STANDING,0.04,0.004
1,38707.6,STANDING,0.04,-0.002
1,38740.9,STANDING,0.05,0.002
1,38774.2,STANDING,0.03,-0.008
1,38807.7,STANDING,0.03,-0.005
1,38840.8,STANDING,0.02,-0.003
1,38874.1,STANDING,0.02,-0.002
1,38907.5,STANDING,0.03,0.003
1,38941.9,STANDING,0.03,0.001
1,38974.3,STANDING,0.03,0.007
1,39007.6,STANDING,0.02,-0.000
1,39040.9,STANDING,0.01,0.002
1,39074.4,STANDING,0.01,-0.002
1,39107.4,STANDING,0.01,0.004
1,39142.0,STANDING,0.04,-0.001
1,39174.3,STANDING,0.05,-0.003
1,39208.5,STANDING,0.05,-0.003
1,39240.9,STANDING,0.05,-0.002
1,39274.2,STANDING,0.06,0.005
1,39307.7,STANDING,0.06,0.003
1,39342.0,STANDING,0.07,0.002
1,39374.4,STANDING,0.07,0.002
1,39407.6,STANDING,0.10,-0.003
1,39441.9,STANDING,0.12,-0.001
1,39474.4,STANDING,0.13,-0.003
1,39507.5,STANDING,0.14,-0.009
1,39540.7,STANDING,0.11,-0.008
1,39574.2,STANDING,0.09,-0.004
1,39607.7,STANDING,0.09,-0.000
1,39640.8,STANDING,0.08,0.012
1,39674.4,STANDING,0.08,0.006
1,39707.6,STANDING,0.09,0.003
1,39741.1,STANDING,0.10,0.001
1,39774.4,STANDING,0.10,0.002
1,39807.8,STANDING,0.11,-0.004
1,39840.8,STANDING,0.12,-0.004
1,39875.3,STANDING,0.12,-0.007
1,39907.6,STANDING,0.13,-0.004
1,39941.1,STANDING,0.11,-0.002
1,39974.4,STANDING,0.12,-0.003
1,40007.5,STANDING,0.13,-0.009
1,40040.8,STANDING,0.12,-0.008
1,40074.1,STANDING,0.11,-0.002
1,40108.6,STANDING,0.10,0.004
1,40140.8,STANDING,0.10,0.007
1,40174.3,STANDING,0.12,0.000
1,40207.5,STANDING,0.13,-0.006
1,40241.1,STANDING,0.14,-0.006
1,40274.4,STANDING,0.14,-0.007
1,40307.5,STANDING,0.13,-0.005
1,40341.9,STANDING,0.13,-0.004
1,40374.6,STANDING,0.13,-0.002
1,40407.5,STANDING,0.13,-0.002
1,40440.8,STANDING,0.13,0.005
1,40474.3,STANDING,0.12,0.004
1,40508.8,STANDING,0.11,0.005
1,40540.8,STANDING,0.10,0.003
1,40574.3,STANDING,0.09,0.002
1,40608.6,STANDING,0.08,0.001
1,40641.8,STANDING,0.07,0.001
1,40674.5,STANDING,0.09,-0.006
1,40707.7,STANDING,0.10,-0.005
1,40740.8,STANDING,0.11,-0.009
1,40774.1,STANDING,0.11,-0.007
1,40807.7,STANDING,0.13,-0.006
1,40841.9,STANDING,0.15,-0.005
1,40874.1,STANDING,0.16,-0.004
1,40907.7,STANDING,0.16,-0.002
1,40941.0,STANDING,0.17,0.000
1,40974.2,STANDING,0.17,0.000
1,41008.5,STANDING,0.15,-0.002
1,41040.8,STANDING,0.14,-0.002
1,41074.2,STANDING,0.13,-0.002
1,41107.1,STANDING,0.13,-0.001
1,41140.8,STANDING,0.13,-0.000
1,41174.3,STANDING,0.13,0.001
1,41207.7,STANDING,0.13,0.001
1,41241.1,STANDING,0.13,0.000
1,41274.4,STANDING,0.12,0.000
1,41307.7,STANDING,0.12,0.001
1,41340.1,STANDING,0.12,0.002
1,41374.1,STANDING,0.11,0.001
1,41407.7,STANDING,0.11,0.002
1,41440.9,STANDING,0.10,0.006
1,41474.2,STANDING,0.11,0.005
1,41507.8,STANDING,0.11,0.003
1,41540.9,STANDING,0.11,0.003
1,41574.1,STANDING,0.12,0.004
1,41607.4,STANDING,0.12,0.006
1,41641.1,STANDING,0.12,0.007
1,41675.3,STANDING,0.13,0.006
1,41708.5,STANDING,0.13,0.005
1,41740.8,STANDING,0.13,0.004
1,41775.4,STANDING,0.14,0.003
1,41807.6,STANDING,0.14,0.002
1,41841.0,STANDING,0.14,0.002
1,41874.7,STANDING,0.15,0.002
1,41907.8,STANDING,0.15,0.002
1,41941.9,STANDING,0.15,0.003
1,41974.4,STANDING,0.15,0.001
1,42007.8,STANDING,0.15,0.001
1,42041.1,STANDING,0.15,0.000
1,42074.5,STANDING,0.15,0.001
1,42108.3,STANDING,0.15,0.001
1,42140.8,STANDING,0.15,0.009
1,42174.1,STANDING,0.15,0.005
1,42207.4,STANDING,0.16,0.003
1,42249.2,STANDING,0.16,0.001
1,42274.1,STANDING,0.16,0.000
1,42307.6,STANDING,0.16,0.000
1,42340.8,STANDING,0.16,-0.000
1,42374.4,STANDING,0.16,0.000
1,42407.5,STANDING,0.16,0.000
1,42441.0,STANDING,0.17,-0.003
1,42474.2,STANDING,0.16,-0.001
1,42515.9,STANDING,0.19,-0.004
1,42549.4,STANDING,0.20,0.001
1,42574.1,STANDING,0.20,0.000
1,42615.9,STANDING,0.20,0.002
1,42639.9,STANDING,0.20,0.001
1,42674.4,STANDING,0.20,0.001
1,42707.5,STANDING,0.19,0.005
1,42741.0,STANDING,0.25,-0.002
1,42774.1,STANDING,0.29,-0.000
1,42807.7,STANDING,0.31,-0.002
1,42849.4,STANDING,0.31,0.003
1,42883.5,STANDING,0.31,0.002
1,42916.9,STANDING,0.31,0.001
1,42940.9,STANDING,0.30,0.001
1,42973.5,STANDING,0.30,-0.002
1,43006.5,STANDING,0.29,0.001
1,43049.5,STANDING,0.30,-0.002
1,43074.2,STANDING,0.30,0.003
1,43107.7,STANDING,0.34,-0.002
1,43140.8,STANDING,0.37,0.002
1,43174.3,STANDING,0.37,0.002
1,43208.5,STANDING,0.37,-0.002
1,43240.8,STANDING,0.37,0.001
1,43274.2,STANDING,0.36,0.001
1,43308.7,STANDING,0.36,0.001
1,43341.8,STANDING,0.35,0.000
1,43374.1,STANDING,0.35,0.000
1,43407.4,STANDING,0.35,0.001
1,43440.8,STANDING,0.35,-0.002
1,43474.3,STANDING,0.35,-0.003
1,43507.6,STANDING,0.35,0.002
1,43541.1,STANDING,0.36,0.001
1,43574.4,STANDING,0.36,-0.002
1,43608.6,STANDING,0.36,-0.003
1,43641.9,STANDING,0.36,-0.002
1,43674.2,STANDING,0.35,-0.003
1,43707.6,STANDING,0.35,-0.002
1,43741.0,STANDING,0.37,-0.006
1,43774.4,STANDING,0.37,-0.002
1,43807.7,STANDING,0.37,-0.002
1,43841.1,STANDING,0.37,-0.002
1,43875.3,STANDING,0.37,-0.002
1,43907.6,STANDING,0.37,-0.003
1,43941.0,STANDING,0.38,-0.007
1,43974.4,STANDING,0.37,-0.010
1,44007.7,STANDING,0.36,-0.012
1,44042.0,STANDING,0.34,-0.006
1,44074.3,STANDING,0.34,-0.009
1,44107.8,STANDING,0.34,0.004
1,44141.9,STANDING,0.35,0.002
1,44175.1,STANDING,0.35,0.001
1,44208.5,STANDING,0.34,0.001
1,44241.1,STANDING,0.36,-0.001
1,44274.3,STANDING,0.38,-0.001
1,44307.7,STANDING,0.38,-0.004
1,44340.8,STANDING,0.39,-0.003
1,44374.3,STANDING,0.39,-0.002
1,44407.8,STANDING,0.39,0.003
1,44441.1,STANDING,0.39,0.003
1,44474.2,STANDING,0.39,0.003
1,44508.7,STANDING,0.40,0.002
1,44540.9,STANDING,0.40,0.001
1,44575.4,STANDING,0.41,0.001
1,44608.6,STANDING,0.42,0.000
1,44640.8,STANDING,0.42,0.000
1,44675.2,STANDING,0.43,-0.000
1,44707.5,STANDING,0.43,-0.000
1,44740.8,STANDING,0.44,-0.000
1,44774.4,STANDING,0.44,-0.001
1,44807.7,STANDING,0.45,-0.000
1,44841.0,STANDING,0.46,-0.000
1,44875.2,STANDING,0.47,-0.001
1,44907.7,STANDING,0.48,-0.001
1,44941.1,STANDING,0.50,-0.001
1,44974.4,STANDING,0.50,-0.001
1,45007.7,STANDING,0.50,-0.001
1,45041.1,STANDING,0.50,-0.001
1,45074.2,STANDING,0.49,-0.001
1,45107.7,STANDING,0.47,0.004
1,45141.0,STANDING,0.46,0.002
1,45174.1,STANDING,0.44,0.002
1,45208.6,STANDING,0.40,0.001
1,45241.0,STANDING,0.39,-0.002
1,45274.1,STANDING,0.38,0.004
1,45315.9,STANDING,0.39,0.004
1,45340.8,STANDING,0.41,0.003
1,45374.5,STANDING,0.41,0.005
1,45407.6,STANDING,0.42,0.004
1,45449.1,STANDING,0.43,0.006
1,45483.5,STANDING,0.44,0.008
1,45507.5,STANDING,0.45,0.005
1,45540.8,STANDING,0.45,0.003
1,45574.3,STANDING,0.47,0.001
1,45608.6,STANDING,0.48,0.001
1,45641.0,STANDING,0.49,0.001
1,45674.1,STANDING,0.49,0.001
1,45707.5,STANDING,0.50,0.001
1,45741.8,STANDING,0.51,-0.000
1,45774.4,STANDING,0.51,0.002
1,45807.8,STANDING,0.53,-0.000
1,45841.9,STANDING,0.54,-0.002
1,45874.4,STANDING,0.54,-0.002
1,45907.8,STANDING,0.54,-0.004
1,45941.0,STANDING,0.54,-0.004
1,45974.1,STANDING,0.53,-0.003
1,46015.9,STANDING,0.52,-0.003
1,46040.6,STANDING,0.51,-0.006
1,46074.2,STANDING,0.50,-0.010
1,46115.9,STANDING,0.53,-0.008
1,46149.6,STANDING,0.55,-0.004
1,46182.4,STANDING,0.56,-0.005
1,46216.2,STANDING,0.58,-0.005
1,46240.9,STANDING,0.59,-0.004
1,46274.1,STANDING,0.59,0.000
1,46307.5,STANDING,0.59,0.001
1,46341.1,STANDING,0.58,0.000
1,46374.3,STANDING,0.57,0.000
1,46415.8,STANDING,0.57,-0.000
1,46449.1,STANDING,0.57,-0.002
1,46474.1,STANDING,0.57,-0.001
1,46507.9,STANDING,0.57,-0.001
1,46540.8,STANDING,0.56,-0.001
1,46582.6,STANDING,0.57,-0.001
1,46616.3,STANDING,0.57,-0.001
1,46640.9,STANDING,0.58,-0.001
1,46682.6,STANDING,0.58,-0.001
1,46707.5,STANDING,0.58,-0.001
1,46749.3,STANDING,0.57,0.002
1,46774.1,STANDING,0.57,0.003
1,46816.9,STANDING,0.57,0.001
1,46849.7,STANDING,0.57,0.002
1,46875.2,STANDING,0.56,0.001
1,46907.5,STANDING,0.56,0.000
1,46941.0,STANDING,0.54,0.000
1,46974.2,STANDING,0.53,0.001
1,47007.6,STANDING,0.52,-0.000
1,47041.0,STANDING,0.51,0.001
1,47074.1,STANDING,0.50,-0.001
1,47107.8,STANDING,0.48,-0.002
1,47141.8,STANDING,0.47,0.001
1,47182.6,STANDING,0.45,0.001
1,47216.0,STANDING,0.44,0.001
1,47249.3,STANDING,0.43,0.004
1,47274.3,STANDING,0.43,0.005
1,47308.6,STANDING,0.42,0.016
1,47341.0,STANDING,0.41,0.011
1,47375.1,STANDING,0.40,0.013
1,47407.8,STANDING,0.39,0.017
1,47440.8,STANDING,0.41,0.011
1,47482.6,STANDING,0.41,0.008
1,47507.6,STANDING,0.42,0.008
1,47540.8,STANDING,0.42,0.007
1,47575.2,STANDING,0.44,0.003
1,47607.6,STANDING,0.44,0.003
1,47641.0,STANDING,0.43,0.006
1,47675.3,STANDING,0.44,0.003
1,47707.6,STANDING,0.44,0.002
1,47741.0,STANDING,0.43,0.007
1,47774.2,STANDING,0.43,0.006
1,47807.5,STANDING,0.44,0.006
1,47840.8,STANDING,0.49,0.004
1,47874.3,STANDING,0.49,0.008
1,47907.6,STANDING,0.50,0.001
1,47941.0,STANDING,0.47,-0.007
1,47974.3,STANDING,0.43,0.009
1,48007.5,STANDING,0.42,0.006
1,48049.3,STANDING,0.34,0.007
1,48074.4,STANDING,0.32,0.002
1,48107.5,STANDING,0.20,0.005
1,48141.0,STANDING,0.18,-0.003
1,48182.9,STANDING,0.20,0.021
1,48207.5,STANDING,0.18,0.012
1,48240.8,STANDING,0.24,0.013
1,48274.1,STANDING,0.29,0.007
1,48307.5,STANDING,0.40,0.012
1,48349.3,STANDING,0.51,0.019
1,48382.9,STANDING,0.49,0.025
1,48415.9,STANDING,0.30,0.023
1,48449.6,STANDING,0.30,0.033
1,48474.4,STANDING,0.40,0.032
1,48508.6,STANDING,0.39,0.055
1,48542.1,STANDING,0.25,0.110
1,48574.4,STANDING,0.17,0.104
1,48607.5,STANDING,0.11,0.071
1,48649.2,STANDING,0.12,0.105
1,48682.7,STANDING,0.16,0.113
1,48716.0,STANDING,0.23,0.113
1,48740.8,STANDING,0.32,0.126
1,48782.6,STANDING,0.40,0.116
1,48815.9,STANDING,0.46,0.082
1,48840.8,STANDING,0.50,0.107
1,48882.6,STANDING,0.63,0.121
1,48915.9,STANDING,0.70,0.094
1,48949.3,STANDING,0.77,0.138
1,48983.0,STANDING,0.84,0.141
1,49007.5,STANDING,0.91,0.180
1,49050.2,STANDING,0.94,0.168
1,49082.9,STANDING,0.98,0.195
1,49107.5,STANDING,1.01,0.194
1,49149.3,STANDING,1.08,0.174
1,49182.6,STANDING,1.09,0.172
1,49207.5,STANDING,1.06,0.282
1,49241.9,STANDING,1.01,0.278
1,49274.1,STANDING,0.87,0.252
1,49307.5,STANDING,0.73,0.221
1,49341.3,STANDING,0.55,0.213
1,49374.7,STANDING,0.33,0.177
1,49408.7,STANDING,0.23,0.198
1,49440.9,STANDING,0.15,0.211
1,49474.3,STANDING,0.17,0.186
1,49507.7,STANDING,0.23,0.187
1,49541.1,STANDING,0.30,0.193
1,49574.4,STANDING,0.27,0.199
1,49608.7,STANDING,0.19,0.226
1,49641.0,STANDING,0.15,0.193
1,49675.3,STANDING,0.15,0.253
1,49707.6,STANDING,0.15,0.265
1,49741.1,STANDING,0.26,0.213
1,49782.5,STANDING,0.33,0.255
1,49808.6,STANDING,0.48,0.193
1,49840.9,STANDING,0.64,0.292
1,49875.3,STANDING,0.80,0.241
1,49907.5,STANDING,0.91,0.311
1,49941.0,STANDING,0.99,0.291
1,49982.6,STANDING,0.88,0.336
1,50016.0,STANDING,0.54,0.385
1,50041.2,STANDING,0.68,0.396
1,50074.2,STANDING,0.88,0.403
1,50116.0,STANDING,1.07,0.381
1,50149.3,STANDING,1.36,0.335
1,50182.9,STANDING,1.47,0.357
1,50215.8,STANDING,1.55,0.220
1,50240.8,STANDING,1.59,0.257
1,50282.6,STANDING,1.54,0.220
1,50315.9,STANDING,1.39,0.188
1,50349.6,STANDING,1.18,0.154
1,50375.3,STANDING,0.88,0.203
1,50407.4,STANDING,0.61,0.205
1,50449.2,STANDING,0.47,0.211
1,50474.2,STANDING,0.44,0.397
1,50515.9,STANDING,0.58,0.442
1,50549.3,STANDING,0.90,0.334
1,50574.1,STANDING,1.17,0.359
1,50616.8,STANDING,1.60,0.211
1,50640.8,STANDING,1.98,0.389
1,50674.6,STANDING,2.25,0.365
1,50707.7,STANDING,2.44,0.299
1,50741.9,STANDING,2.47,0.248
1,50774.3,STANDING,2.48,0.357
1,50808.6,STANDING,2.18,0.361
1,50841.1,STANDING,1.76,0.325
1,50875.2,STANDING,1.32,0.343
1,50907.5,STANDING,0.81,0.391
1,50940.9,FALLING,0.50,0.529
1,50974.2,FALLING,0.54,0.556
1,51007.5,FALLING,0.80,0.588
1,51040.8,FALLING,0.91,0.584
1,51074.2,FALLING,0.86,0.660
1,51108.4,FALLING,0.66,0.645
1,51140.8,FALLING,0.46,0.671
1,51174.4,FALLING,0.32,0.784
1,51207.5,FALLING,0.36,0.669
1,51241.9,FALLING,0.65,0.552
1,51274.2,FALLING,0.90,0.321
1,51307.6,FALLING,0.92,0.152
1,51341.1,FALLING,0.80,0.389
1,51375.7,FALLING,0.54,0.664
1,51407.5,FALLING,0.37,0.845
1,51441.0,FALLING,0.30,0.881
1,51474.6,FALLING,0.29,0.713
1,51507.4,FALLING,0.28,0.477
1,51540.8,FALLING,0.37,0.216
1,51574.1,FALLING,0.56,0.156
1,51608.5,FALLING,0.88,0.461
1,51641.2,FALLING,1.05,0.291
1,51674.1,FALLING,1.17,0.063
1,51707.7,FALLING,1.28,0.072
1,51749.3,FALLING,1.33,-0.062
1,51782.7,FALLING,1.40,0.056
1,51807.5,FALLING,1.59,0.353
1,51850.1,FALLING,1.76,0.383
1,51874.2,FALLING,1.79,0.399
1,51907.7,FALLING,1.77,0.213
1,51941.1,STANDING,1.72,0.200
1,51982.5,STANDING,1.73,0.380
1,52016.0,STANDING,2.18,0.309
1,52040.9,STANDING,2.50,0.098
1,52074.4,STANDING,2.63,0.058
1,52108.4,STANDING,2.86,0.094
1,52140.8,STANDING,3.17,-0.035
1,52182.9,STANDING,3.32,-0.074
1,52207.5,STANDING,3.34,-0.067
1,52249.4,STANDING,3.42,-0.066
1,52282.7,STANDING,3.24,-0.067
1,52315.8,STANDING,2.93,-0.013
1,52349.2,STANDING,2.57,0.111
1,52382.9,STANDING,2.29,0.165
1,52415.9,STANDING,2.05,0.353
1,52449.6,FALLING,2.01,0.504
1,52482.9,FALLING,2.00,0.489
1,52507.5,FALLING,1.92,0.287
1,52549.3,FALLING,1.85,0.127
1,52582.8,FALLING,1.90,0.067
1,52607.7,FALLING,1.92,-0.030
1,52649.5,FALLING,1.87,-0.027
1,52682.5,FALLING,1.81,0.052
1,52707.5,FALLING,1.76,0.074
1,52740.8,FALLING,1.65,0.126
1,52774.6,FALLING,1.56,0.063
1,52807.7,FALLING,1.36,0.056
1,52849.3,FALLING,1.19,0.075
1,52882.6,FALLING,1.13,0.061
1,52907.5,FALLING,1.11,-0.001
1,52950.2,FALLING,1.19,-0.013
1,52974.2,FALLING,1.26,-0.038
1,53007.7,FALLING,1.23,-0.028
1,53041.0,FALLING,1.23,-0.001
1,53074.4,FALLING,1.31,-0.003
1,53108.5,FALLING,1.42,-0.049
1,53140.8,FALLING,1.48,0.003
1,53175.3,FALLING,1.58,-0.132
1,53215.8,FALLING,1.58,-0.245
1,53240.8,FALLING,1.52,-0.185
1,53274.4,FALLING,1.54,-0.134
1,53315.9,FALLING,1.59,-0.151
1,53349.3,FALLING,1.64,-0.080
1,53374.2,FALLING,1.67,-0.040
1,53415.9,FALLING,1.66,-0.026
1,53440.8,FALLING,1.65,-0.009
1,53482.6,STANDING,1.56,-0.034
1,53516.0,STANDING,1.31,0.108
1,53540.8,STANDING,1.00,0.107
1,53582.6,STANDING,0.75,0.169
1,53615.9,STANDING,0.61,0.237
1,53649.3,STANDING,0.53,0.158
1,53682.9,STANDING,0.53,0.171
1,53707.5,STANDING,0.45,0.090
1,53749.3,STANDING,0.29,0.051
1,53782.6,STANDING,0.29,0.030
1,53816.3,STANDING,0.25,0.012
1,53849.7,STANDING,0.23,0.016
1,53874.2,STANDING,0.19,0.007
1,53915.9,STANDING,0.14,-0.126
1,53940.9,STANDING,0.16,0.041
1,53982.6,STANDING,0.27,0.130
1,54016.3,STANDING,0.44,0.075
1,54049.5,STANDING,0.58,0.062
1,54082.6,STANDING,0.61,0.037
1,54116.3,STANDING,0.57,0.011
1,54149.1,STANDING,0.52,-0.110
1,54174.1,STANDING,0.50,-0.080
1,54215.9,STANDING,0.49,-0.054
1,54241.1,STANDING,0.50,-0.106
1,54274.1,STANDING,0.53,-0.029
1,54316.8,STANDING,0.59,-0.014
1,54349.3,STANDING,0.61,0.073
1,54382.9,STANDING,0.55,0.048
1,54415.8,STANDING,0.37,0.039
1,54449.2,STANDING,0.36,-0.046
1,54475.2,STANDING,0.28,-0.001
1,54507.5,STANDING,0.21,0.024
1,54550.2,STANDING,0.17,0.025
1,54582.5,STANDING,0.16,-0.029
2,54615.9,STANDING,0.10,-0.008
2,54649.2,STANDING,0.11,-0.004
2,54682.5,STANDING,0.09,0.014
2,54716.2,STANDING,0.06,0.034
2,54749.2,STANDING,0.09,0.039
2,54782.9,STANDING,0.12,0.026
2,54816.3,STANDING,0.12,-0.040
2,54849.6,STANDING,0.21,-0.062
2,54882.5,STANDING,0.15,-0.031
2,54907.5,STANDING,0.17,-0.029
2,54949.2,STANDING,0.32,-0.040
2,54974.1,STANDING,0.41,-0.068
2,55007.9,STANDING,0.46,0.001
2,55041.1,STANDING,0.53,0.015
2,55082.9,STANDING,0.57,0.066
2,55107.4,STANDING,0.54,0.018
2,55149.2,STANDING,0.49,0.008
2,55182.6,STANDING,0.41,-0.004
2,55216.0,STANDING,0.35,0.061
2,55249.2,STANDING,0.26,0.030
2,55282.6,STANDING,0.18,0.008
2,55315.9,STANDING,0.20,-0.052
2,55349.6,STANDING,0.19,-0.106
2,55382.5,STANDING,0.21,-0.068
2,55415.8,STANDING,0.23,-0.065
2,55440.8,STANDING,0.22,-0.042
2,55474.1,STANDING,0.19,-0.124
2,55507.5,STANDING,0.20,-0.112
2,55540.8,STANDING,0.20,-0.081
2,55582.4,STANDING,0.15,-0.057
2,55616.2,STANDING,0.13,-0.037
2,55649.2,STANDING,0.10,-0.024
2,55682.5,STANDING,0.20,-0.026
2,55715.8,STANDING,0.21,-0.132
2,55749.3,STANDING,0.16,-0.082
2,55774.2,STANDING,0.21,-0.103
2,55807.4,STANDING,0.25,-0.186
2,55840.8,STANDING,0.26,-0.152
2,55874.4,STANDING,0.26,-0.096
2,55907.5,STANDING,0.27,-0.063
2,55949.3,STANDING,0.23,-0.094
2,55982.6,STANDING,0.18,-0.052
2,56016.2,STANDING,0.14,-0.276
2,56039.9,STANDING,0.08,-0.394
2,56082.9,STANDING,0.13,-0.373
2,56107.5,STANDING,0.19,-0.224
2,56149.3,STANDING,0.38,-0.145
2,56182.5,STANDING,0.54,-0.195
2,56216.3,STANDING,0.69,-0.132
2,56240.8,STANDING,0.79,-0.066
2,56283.7,STANDING,0.91,-0.025
2,56307.5,STANDING,0.96,0.024
2,56340.8,STANDING,0.87,0.023
2,56382.6,STANDING,0.69,0.078
2,56407.5,STANDING,0.63,0.052
2,56449.2,STANDING,0.44,-0.034
2,56483.5,STANDING,0.32,-0.014
2,56516.3,STANDING,0.20,-0.007
2,56549.4,STANDING,0.15,0.001
2,56574.2,STANDING,0.19,-0.004
2,56616.0,STANDING,0.22,-0.079
2,56648.2,STANDING,0.26,-0.079
2,56675.5,STANDING,0.32,-0.432
2,56708.5,STANDING,0.53,-0.422
2,56740.8,STANDING,0.66,-0.288
2,56782.7,STANDING,0.84,-0.240
2,56816.0,STANDING,0.95,-0.169
2,56849.6,STANDING,1.00,-0.202
2,56882.9,STANDING,1.12,-0.310
2,56915.8,STANDING,1.13,-0.252
2,56948.7,STANDING,1.18,-0.191
2,56973.2,STANDING,1.22,-0.263
2,57016.0,STANDING,1.36,-0.285
2,57049.3,STANDING,1.31,-0.233
2,57082.6,STANDING,1.25,-0.343
2,57108.6,STANDING,1.09,-0.388
2,57148.7,STANDING,0.92,-0.453
2,57182.5,STANDING,0.86,-0.436
2,57215.9,STANDING,0.86,-0.593
2,57240.8,STANDING,0.86,-0.294
2,57274.2,STANDING,0.92,-0.445
2,57315.8,STANDING,0.81,-0.505
2,57340.8,STANDING,0.55,-0.542
2,57374.4,STANDING,0.50,-0.513
2,57408.5,STANDING,0.44,-0.613
2,57442.0,STANDING,0.67,-0.667
2,57482.5,STANDING,0.91,-0.717
2,57507.8,STANDING,0.93,-0.700
2,57549.3,STANDING,0.86,-1.019
2,57582.9,STANDING,1.07,-0.658
2,57616.3,STANDING,1.37,-0.491
2,57649.3,STANDING,1.45,-0.388
2,57682.7,STANDING,1.46,-0.309
2,57717.0,STANDING,1.42,-0.395
2,57749.4,STANDING,1.48,-0.491
2,57774.2,STANDING,1.71,-0.507
2,57807.4,STANDING,1.89,-0.487
2,57840.9,STANDING,1.85,-0.498
2,57882.7,STANDING,1.63,-0.449
2,57907.5,STANDING,1.33,-0.506
2,57949.2,STANDING,1.17,-0.496
2,57981.6,STANDING,1.42,-0.462
2,58015.8,STANDING,1.80,-0.438
2,58048.2,STANDING,2.09,-0.367
2,58074.3,STANDING,2.42,-0.390
2,58115.9,STANDING,2.66,-0.344
2,58140.8,STANDING,2.89,-0.370
2,58182.8,STANDING,3.06,-0.334
2,58215.8,STANDING,3.21,-0.358
2,58249.1,STANDING,3.32,-0.344
2,58282.9,STANDING,3.46,-0.315
2,58317.0,STANDING,3.47,-0.282
2,58349.5,STANDING,3.34,-0.327
2,58382.9,STANDING,3.06,-0.328
2,58415.9,STANDING,2.88,-0.309
2,58449.6,STANDING,2.76,-0.270
2,58483.5,STANDING,2.61,-0.300
2,58515.9,STANDING,2.42,-0.295
2,58549.3,STANDING,2.24,-0.272
2,58582.7,STANDING,2.04,-0.249
2,58616.1,STANDING,1.92,-0.284
2,58650.2,STANDING,1.84,-0.271
2,58681.6,STANDING,1.76,-0.237
2,58708.6,STANDING,1.70,-0.233
2,58749.3,STANDING,1.64,-0.196
2,58782.5,STANDING,1.63,-0.166
2,58815.9,STANDING,1.60,-0.158
2,58850.4,STANDING,1.52,-0.172
2,58882.5,STANDING,1.30,-0.201
2,58907.5,STANDING,1.03,-0.254
2,58949.3,STANDING,0.71,-0.235
2,58974.1,STANDING,0.47,-0.218
2,59015.9,STANDING,0.45,-0.178
2,59048.7,STANDING,0.51,-0.191
2,59082.5,STANDING,0.54,-0.210
2,59114.9,STANDING,0.61,-0.215
2,59148.3,STANDING,0.74,-0.208
2,59181.6,STANDING,0.83,-0.188
2,59208.5,STANDING,0.89,-0.191
2,59249.7,STANDING,0.88,-0.149
2,59282.0,STANDING,0.89,-0.165
2,59316.2,STANDING,0.89,-0.161
2,59348.7,STANDING,0.96,-0.144
2,59383.0,STANDING,1.03,-0.135
2,59408.0,STANDING,1.12,-0.199
2,59449.5,STANDING,1.17,-0.200
2,59482.5,STANDING,1.20,-0.160
2,59515.8,STANDING,1.23,-0.097
2,59540.9,STANDING,1.30,-0.091
2,59582.6,STANDING,1.38,-0.080
2,59608.5,STANDING,1.47,-0.069
2,59649.2,STANDING,1.56,-0.050
2,59683.0,STANDING,1.86,-0.043
2,59715.9,STANDING,2.19,-0.041
2,59749.5,STANDING,2.61,-0.026
2,59782.9,STANDING,3.03,-0.015
2,59815.8,STANDING,3.54,-0.005
2,59849.2,STANDING,3.97,-0.005
2,59883.0,STANDING,4.39,-0.025
2,59907.5,STANDING,4.86,-0.036
2,59941.8,STANDING,5.32,-0.030
2,59982.5,STANDING,5.73,-0.046
2,60015.8,STANDING,6.04,-0.031
2,60049.2,STANDING,6.41,-0.049
2,60082.5,STANDING,6.87,-0.028
2,60115.9,STANDING,7.38,-0.013
2,60150.3,STANDING,8.04,-0.003
2,60182.9,STANDING,9.01,0.001
2,60216.0,STANDING,10.07,0.021
2,60249.5,STANDING,11.28,0.037
2,60282.5,STANDING,12.45,0.042
2,60315.8,STANDING,13.79,0.036
2,60349.1,STANDING,15.68,0.023
2,60382.9,STANDING,17.63,0.014
2,60415.8,STANDING,20.10,0.023
2,60449.3,STANDING,22.94,-0.014
2,60483.4,STANDING,26.07,-0.029
2,60515.8,STANDING,29.82,-0.047
2,60550.4,STANDING,34.09,-0.033
2,60574.1,STANDING,38.25,0.027
2,60615.9,STANDING,42.42,0.038
2,60650.4,STANDING,46.09,0.047
2,60674.2,STANDING,49.91,0.086
2,60715.9,STANDING,54.11,0.082
2,60750.3,STANDING,57.73,0.146
2,60783.0,STANDING,60.84,0.166
2,60815.8,STANDING,64.02,0.135
2,60849.1,STANDING,67.73,0.076
2,60883.0,STANDING,70.95,0.033
2,60915.8,STANDING,74.75,0.038
2,60949.7,STANDING,77.58,0.034
2,60982.9,STANDING,80.33,0.013
2,61016.3,STANDING,82.33,0.028
2,61050.2,STANDING,83.60,0.053
2,61083.5,STANDING,84.53,0.081
2,61117.0,STANDING,85.33,0.084
2,61149.3,STANDING,85.60,0.060
2,61182.7,STANDING,86.59,0.051
2,61216.9,STANDING,87.27,0.056
2,61250.4,STANDING,87.84,0.046
2,61283.7,STANDING,88.57,0.039
2,61315.9,STANDING,89.02,0.017
2,61349.6,STANDING,89.38,0.005
2,61382.6,STANDING,89.62,0.041
2,61416.1,STANDING,88.90,0.107
2,61450.1,STANDING,88.23,0.059
2,61482.5,STANDING,87.56,0.025
2,61515.8,STANDING,86.95,0.007
2,61540.8,STANDING,87.70,-0.102
2,61582.9,STANDING,87.71,-0.059
2,61608.6,STANDING,86.87,-0.006
2,61649.5,STANDING,86.26,-0.012
2,61682.5,STANDING,85.83,0.007
2,61707.6,STANDING,85.17,0.033
2,61749.2,STANDING,84.26,0.034
2,61782.6,STANDING,82.50,0.061
2,61816.0,STANDING,80.83,0.067
2,61849.7,STANDING,78.36,0.129
2,61882.9,STANDING,74.61,0.228
2,61916.3,STANDING,69.11,0.327
2,61949.2,STANDING,63.63,0.267
2,61982.9,STANDING,57.38,0.311
2,62007.5,STANDING,52.14,0.311
2,62050.2,STANDING,47.69,0.267
2,62082.6,STANDING,43.88,0.257
2,62116.0,STANDING,40.19,0.246
2,62149.2,STANDING,36.84,0.213
2,62174.2,STANDING,33.92,0.222
2,62215.8,STANDING,31.89,0.188
2,62249.1,STANDING,30.75,0.125
2,62282.6,STANDING,30.71,0.018
2,62316.0,STANDING,31.26,-0.019
2,62349.3,STANDING,32.24,-0.029
2,62382.7,STANDING,33.39,-0.030
2,62416.0,STANDING,34.49,-0.025
2,62449.6,STANDING,35.30,-0.023
2,62482.5,STANDING,36.19,-0.016
2,62516.3,STANDING,36.75,-0.015
2,62550.4,STANDING,37.28,-0.017
2,62583.7,STANDING,37.93,-0.024
2,62616.2,STANDING,39.01,-0.017
2,62649.4,STANDING,40.41,-0.011
2,62682.8,STANDING,42.44,-0.022
2,62715.9,STANDING,45.20,-0.000
2,62749.1,STANDING,48.27,0.010
2,62783.5,STANDING,51.33,0.006
2,62815.8,STANDING,54.96,0.003
2,62849.3,STANDING,58.58,0.001
2,62882.5,STANDING,62.02,0.004
2,62916.2,STANDING,64.99,0.008
2,62940.8,STANDING,67.46,0.006
2,62982.9,STANDING,69.77,0.005
2,63016.1,STANDING,71.50,0.006
2,63049.7,STANDING,72.93,0.012
2,63083.5,STANDING,74.37,0.005
2,63115.8,STANDING,75.90,0.016
2,63149.2,STANDING,77.44,0.014
2,63174.1,STANDING,79.08,0.011
2,63215.9,STANDING,80.75,0.007
2,63241.9,STANDING,82.12,0.005
2,63282.9,STANDING,84.12,0.011
2,63316.3,STANDING,85.44,0.029
2,63349.2,STANDING,86.48,0.023
2,63382.5,STANDING,87.55,0.009
2,63407.6,STANDING,87.84,-0.005
2,63449.3,STANDING,88.05,-0.002
2,63482.5,STANDING,87.68,-0.001
2,63516.9,STANDING,86.98,0.002
2,63550.2,STANDING,86.18,-0.000
2,63574.1,STANDING,85.42,-0.008
2,63616.0,STANDING,84.60,-0.008
2,63649.3,STANDING,83.64,-0.006
2,63682.6,STANDING,82.35,-0.009
2,63715.9,STANDING,81.15,-0.020
2,63749.6,STANDING,79.83,-0.037
2,63783.7,STANDING,78.35,-0.043
2,63815.8,STANDING,77.37,-0.028
2,63849.7,STANDING,76.60,-0.016
2,63883.0,STANDING,75.80,-0.009
2,63915.9,STANDING,75.19,-0.004
2,63949.7,STANDING,74.65,0.001
2,63983.5,STANDING,74.45,0.006
2,64017.0,STANDING,74.66,0.021
2,64049.3,STANDING,75.05,0.026
2,64082.8,STANDING,75.44,0.025
2,64116.1,STANDING,75.94,0.029
2,64149.2,STANDING,76.36,0.019
2,64182.5,STANDING,76.70,0.019
2,64216.3,STANDING,77.01,0.015
2,64249.4,STANDING,77.22,0.010
2,64282.8,STANDING,77.38,0.007
2,64316.0,STANDING,77.62,0.009
2,64349.5,STANDING,77.81,0.010
2,64382.5,STANDING,77.98,0.009
2,64416.0,STANDING,78.08,0.009
2,64449.3,STANDING,78.25,0.018
2,64482.6,STANDING,78.36,0.012
2,64517.1,STANDING,78.44,0.008
2,64549.2,STANDING,78.59,0.010
2,64582.5,STANDING,78.73,0.011
2,64616.0,STANDING,78.90,0.013
2,64649.2,STANDING,79.16,0.006
2,64682.5,STANDING,79.31,0.008
2,64715.9,STANDING,79.43,0.005
2,64749.7,STANDING,79.54,0.003
2,64783.0,STANDING,79.68,0.004
2,64815.8,STANDING,79.81,0.003
2,64849.2,STANDING,80.14,0.001
2,64883.0,STANDING,80.59,0.010
2,64916.3,STANDING,81.20,0.005
2,64949.2,STANDING,81.85,0.001
2,64983.0,STANDING,82.69,-0.004
2,65015.8,STANDING,83.14,-0.003
2,65049.2,STANDING,83.35,-0.006
2,65083.0,STANDING,83.64,0.005
2,65115.8,STANDING,83.83,0.000
2,65149.3,STANDING,84.05,-0.008
2,65182.5,STANDING,84.27,-0.013
2,65216.0,STANDING,84.61,-0.011
2,65249.3,STANDING,84.89,-0.018
2,65282.5,STANDING,84.99,-0.016
2,65315.8,STANDING,85.36,-0.011
2,65349.6,STANDING,85.63,-0.010
2,65382.5,STANDING,86.00,-0.010
2,65416.0,STANDING,86.61,-0.014
2,65449.6,STANDING,87.26,-0.012
2,65483.9,STANDING,87.83,-0.009
2,65515.9,STANDING,88.34,-0.009
2,65549.7,STANDING,88.65,-0.012
2,65582.7,STANDING,88.87,-0.013
2,65616.3,STANDING,88.95,-0.011
2,65649.7,STANDING,89.02,-0.007
2,65682.9,STANDING,89.15,-0.003
2,65716.3,STANDING,88.98,-0.027
2,65749.6,STANDING,89.03,-0.014
2,65782.8,STANDING,89.15,-0.011
2,65816.1,STANDING,89.37,-0.017
2,65850.4,STANDING,89.50,-0.013
2,65883.6,STANDING,89.33,-0.050
2,65915.9,STANDING,88.59,-0.061
2,65949.2,STANDING,87.67,-0.042
2,65983.0,STANDING,86.76,-0.003
2,66016.3,STANDING,86.17,0.012
2,66049.5,STANDING,85.68,0.030
2,66083.5,STANDING,84.30,0.044
2,66116.0,STANDING,82.54,0.054
2,66149.3,STANDING,80.36,0.072
2,66182.7,STANDING,78.05,0.099
2,66215.9,STANDING,76.19,0.092
2,66249.3,STANDING,74.04,0.130
2,66282.6,STANDING,71.06,0.186
2,66315.9,STANDING,69.02,0.154
2,66349.6,STANDING,67.87,0.118
2,66383.0,STANDING,66.78,0.102
2,66416.1,STANDING,66.78,0.102
2,66449.3,STANDING,66.78,0.102
2,66474.2,STANDING,66.91,0.049
2,66507.5,STANDING,67.21,0.065
2,66549.3,STANDING,67.21,0.065
2,66574.4,STANDING,68.72,-0.017
2,66607.5,STANDING,69.05,-0.021
2,66649.3,STANDING,68.90,-0.019
2,66682.6,STANDING,68.13,-0.028
2,66715.9,STANDING,69.27,-0.147
2,66750.3,STANDING,69.33,-0.106
2,66782.9,STANDING,70.47,-0.232
2,66816.2,STANDING,69.65,-0.176
2,66849.2,STANDING,69.53,-0.166
2,66882.5,STANDING,68.25,-0.090
2,66916.2,STANDING,66.42,-0.106
2,66940.9,STANDING,64.19,-0.079
2,66983.6,STANDING,62.79,-0.031
2,67016.1,STANDING,60.88,0.011
2,67049.5,STANDING,57.81,0.034
2,67082.8,STANDING,54.48,0.058
2,67116.3,STANDING,50.95,0.085
2,67149.6,STANDING,47.67,0.082
2,67182.9,STANDING,45.00,0.081
2,67216.3,STANDING,42.32,0.083
2,67250.2,STANDING,39.52,0.058
2,67283.5,STANDING,37.04,0.038
2,67316.0,STANDING,34.87,0.027
2,67349.7,STANDING,32.77,0.018
2,67383.5,STANDING,30.56,0.042
2,67416.5,STANDING,28.45,0.076
2,67449.5,STANDING,26.53,0.087
2,67482.9,STANDING,25.10,0.057
2,67516.1,STANDING,23.86,0.027
2,67549.6,STANDING,22.98,0.013
2,67583.0,STANDING,22.39,0.003
2,67617.0,STANDING,22.35,-0.010
2,67649.2,STANDING,22.75,-0.049
2,67682.9,STANDING,23.24,-0.069
2,67716.3,STANDING,23.44,-0.059
2,67749.2,STANDING,23.03,-0.035
2,67782.5,STANDING,22.15,0.023
2,67817.0,STANDING,20.90,-0.042
2,67849.7,STANDING,19.79,-0.066
2,67883.7,STANDING,18.80,-0.103
2,67916.0,STANDING,18.12,-0.143
2,67949.3,STANDING,17.57,-0.212
2,67982.6,STANDING,17.04,-0.189
2,68016.3,STANDING,16.71,-0.295
2,68049.6,STANDING,16.92,-0.290
2,68082.5,STANDING,17.36,-0.333
2,68115.8,STANDING,17.68,-0.354
2,68149.2,STANDING,18.05,-0.260
2,68183.0,STANDING,17.77,-0.251
2,68207.7,STANDING,17.80,-0.130
2,68249.4,STANDING,17.72,-0.128
2,68282.6,STANDING,17.46,-0.147
2,68316.1,STANDING,16.83,-0.058
2,68349.5,STANDING,16.05,-0.083
2,68382.5,STANDING,15.31,-0.076
2,68416.0,STANDING,14.48,-0.107
2,68449.2,STANDING,13.63,-0.077
2,68482.8,STANDING,12.88,-0.063
2,68516.3,STANDING,12.07,-0.093
2,68549.4,STANDING,11.12,-0.080
2,68583.0,STANDING,10.03,-0.068
2,68616.0,STANDING,8.88,-0.070
2,68649.6,STANDING,7.57,0.000
2,68682.5,STANDING,6.14,0.042
2,68716.0,STANDING,4.96,0.110
2,68749.4,STANDING,4.11,0.124
2,68782.6,STANDING,3.52,0.153
2,68816.3,STANDING,3.15,0.123
2,68849.6,STANDING,2.82,0.092
2,68882.5,STANDING,2.46,0.114
2,68915.9,STANDING,2.08,0.109
2,68949.6,STANDING,1.76,0.120
2,68983.0,STANDING,1.69,0.131
2,69016.2,STANDING,1.54,0.114
2,69049.2,STANDING,1.57,0.114
2,69082.8,STANDING,1.66,0.108
2,69108.6,STANDING,1.73,0.087
2,69149.5,STANDING,1.89,0.072
2,69182.7,STANDING,1.98,0.044
2,69215.9,STANDING,1.98,0.021
2,69249.5,STANDING,1.98,0.047
2,69282.5,STANDING,1.90,0.085
2,69315.8,STANDING,1.87,0.137
2,69349.1,STANDING,1.82,0.196
2,69382.5,STANDING,1.68,0.204
2,69416.2,STANDING,1.51,0.208
2,69450.2,STANDING,1.22,0.208
2,69482.8,STANDING,0.87,0.224
2,69516.2,STANDING,0.58,0.228
2,69549.2,STANDING,0.49,0.192
2,69583.6,STANDING,0.41,0.226
2,69616.3,STANDING,0.52,0.182
2,69649.3,STANDING,0.51,0.257
2,69683.6,STANDING,0.66,0.215
2,69716.3,STANDING,0.86,0.232
2,69749.7,STANDING,1.20,0.205
2,69782.9,STANDING,1.51,0.216
2,69815.8,STANDING,1.67,0.255
2,69849.3,STANDING,1.88,0.254
2,69882.8,STANDING,1.92,0.243
2,69916.2,STANDING,1.83,0.225
2,69949.2,STANDING,1.76,0.234
2,69983.5,STANDING,1.72,0.233
2,70016.9,STANDING,1.74,0.232
2,70049.5,STANDING,1.85,0.220
2,70082.6,STANDING,1.90,0.250
2,70115.9,STANDING,1.93,0.278
2,70149.6,STANDING,1.93,0.270
2,70182.5,STANDING,1.92,0.303
2,70215.9,STANDING,1.86,0.278
2,70249.6,STANDING,1.81,0.308
2,70282.5,STANDING,1.66,0.240
2,70316.0,STANDING,1.45,0.310
2,70349.6,STANDING,1.29,0.240
2,70382.7,STANDING,1.21,0.255
2,70416.0,STANDING,1.22,0.147
2,70449.3,STANDING,1.37,0.098
2,70483.8,STANDING,1.66,0.036
2,70515.8,STANDING,1.91,0.065
2,70549.5,STANDING,2.14,0.121
2,70583.0,STANDING,2.38,0.332
2,70616.2,STANDING,2.60,0.408
2,70649.6,FALLING,2.84,0.635
2,70682.7,FALLING,3.11,0.495
2,70717.0,FALLING,3.31,0.375
2,70749.5,FALLING,3.39,0.302
2,70783.0,FALLING,3.42,0.154
2,70816.0,FALLING,3.61,0.163
2,70849.8,FALLING,3.70,0.216
2,70882.5,FALLING,3.78,0.100
2,70916.3,FALLING,3.83,0.171
2,70949.6,FALLING,3.99,0.162
2,70982.5,FALLING,4.22,0.148
2,71015.8,FALLING,4.36,0.165
2,71049.2,FALLING,4.40,0.275
2,71082.5,FALLING,4.44,0.248
2,71116.1,FALLING,4.50,0.281
2,71150.2,FALLING,4.62,0.261
2,71182.5,FALLING,4.71,0.266
2,71215.8,FALLING,4.59,0.251
2,71249.6,FALLING,4.28,0.169
2,71283.6,FALLING,4.32,0.276
2,71315.8,FALLING,4.26,0.361
2,71349.5,FALLING,4.08,0.432
2,71383.0,FALLING,3.69,0.343
2,71416.0,FALLING,3.43,0.604
2,71449.2,FALLING,3.06,0.426
2,71482.5,FALLING,2.79,0.450
2,71516.0,FALLING,2.71,0.367
2,71549.4,FALLING,2.16,0.142
2,71583.0,FALLING,1.95,0.359
2,71616.0,FALLING,1.90,0.367
2,71649.3,FALLING,1.82,0.379
2,71682.9,STANDING,1.83,0.306
2,71716.2,STANDING,1.89,0.295
2,71749.2,STANDING,1.90,0.195
2,71782.8,STANDING,1.91,0.168
2,71816.3,STANDING,1.87,0.124
2,71849.3,STANDING,1.74,0.161
2,71882.5,STANDING,1.77,0.257
2,71907.5,STANDING,1.81,0.282
2,71949.2,STANDING,1.87,0.285
2,71974.4,STANDING,1.83,0.203
2,72015.9,STANDING,1.84,0.149
2,72049.3,STANDING,1.83,0.250
2,72082.7,STANDING,1.89,0.225
2,72116.2,STANDING,1.93,0.094
2,72149.2,STANDING,1.98,0.168
2,72182.5,STANDING,2.04,0.137
2,72215.9,STANDING,2.07,0.100
2,72249.3,STANDING,2.07,0.093
2,72283.0,STANDING,2.05,0.063
2,72316.8,STANDING,2.02,0.033
2,72350.2,STANDING,1.96,0.008
2,72383.0,STANDING,1.92,-0.005
2,72417.0,STANDING,1.79,-0.037
2,72449.2,STANDING,1.62,-0.021
2,72482.5,STANDING,1.51,-0.013
2,72516.1,STANDING,1.37,-0.026
2,72549.3,STANDING,1.27,0.014
2,72582.6,STANDING,1.30,0.079
2,72616.0,STANDING,1.31,0.173
2,72649.5,STANDING,1.30,0.126
2,72683.5,STANDING,1.30,0.198
2,72716.2,STANDING,1.36,0.287
2,72749.3,STANDING,1.28,0.198
2,72782.7,STANDING,1.20,0.310
2,72815.9,STANDING,1.12,0.235
2,72849.2,STANDING,1.03,0.224
2,72882.5,STANDING,0.97,0.292
2,72916.0,STANDING,0.89,0.275
2,72950.3,STANDING,0.79,0.229
2,72983.6,STANDING,0.71,0.367
2,73016.0,STANDING,0.61,0.320
2,73049.3,STANDING,0.47,0.376
2,73082.8,STANDING,0.36,0.258
2,73116.2,STANDING,0.26,0.312
2,73149.7,STANDING,0.21,0.159
2,73183.6,STANDING,0.19,0.294
2,73216.3,STANDING,0.31,0.330
2,73250.3,STANDING,0.39,0.379
2,73282.5,STANDING,0.40,0.278
2,73316.3,STANDING,0.46,0.087
2,73349.6,STANDING,0.54,0.139
2,73382.5,STANDING,0.61,0.221
2,73416.5,STANDING,0.78,0.120
2,73449.2,STANDING,0.69,0.251
2,73482.6,STANDING,0.52,0.288
2,73515.8,STANDING,0.37,0.361
2,73550.5,STANDING,0.35,0.234
2,73582.5,STANDING,0.34,0.215
2,73616.2,STANDING,0.44,0.110
2,73649.5,STANDING,0.46,0.201
2,73682.9,STANDING,0.47,0.128
2,73717.0,STANDING,0.34,0.066
2,73749.2,STANDING,0.25,0.133
2,73782.9,STANDING,0.17,0.078
2,73816.5,STANDING,0.11,0.110
2,73849.2,STANDING,0.14,0.116
2,73882.7,STANDING,0.19,0.054
2,73915.9,STANDING,0.24,0.043
2,73949.7,STANDING,0.26,0.053
2,73982.5,STANDING,0.28,0.042
2,74016.0,STANDING,0.33,0.026
2,74049.3,STANDING,0.40,0.054
2,74082.8,STANDING,0.41,0.029
2,74115.9,STANDING,0.63,-0.009
2,74149.2,STANDING,0.74,0.058
2,74182.6,STANDING,0.84,-0.041
2,74215.4,STANDING,0.85,-0.015
2,74249.3,STANDING,0.88,-0.010
2,74283.7,STANDING,0.92,-0.039
2,74315.3,STANDING,0.91,-0.032
2,74349.3,STANDING,0.89,-0.053
2,74382.8,STANDING,0.82,0.008
3,74415.8,STANDING,0.79,-0.127
3,74450.2,STANDING,0.70,-0.060
3,74482.5,STANDING,0.70,-0.019
3,74516.2,STANDING,0.71,0.015
3,74548.3,STANDING,0.66,0.022
3,74581.6,STANDING,0.66,0.221
3,74616.3,STANDING,0.66,0.129
3,74650.4,STANDING,0.65,0.088
3,74682.7,STANDING,0.62,0.076
3,74716.2,STANDING,0.57,-0.001
3,74749.5,STANDING,0.53,-0.031
3,74782.7,STANDING,0.49,-0.019
3,74815.2,STANDING,0.53,-0.085
3,74848.3,STANDING,0.61,-0.057
3,74882.5,STANDING,0.69,-0.028
3,74907.6,STANDING,0.71,-0.036
3,74949.3,STANDING,0.71,-0.144
3,74983.5,STANDING,0.66,-0.057
3,75016.0,STANDING,0.57,-0.029
3,75049.6,STANDING,0.55,-0.011
3,75082.4,STANDING,0.55,-0.006
3,75115.8,STANDING,0.49,-0.021
3,75149.7,STANDING,0.45,0.008
3,75182.6,STANDING,0.42,0.002
3,75216.0,STANDING,0.41,-0.015
3,75249.5,STANDING,0.43,0.102
3,75282.8,STANDING,0.43,0.046
3,75315.8,STANDING,0.41,0.018
3,75349.3,STANDING,0.31,-0.002
3,75382.8,STANDING,0.24,-0.103
3,75416.2,STANDING,0.24,-0.077
3,75449.2,STANDING,0.27,-0.082
3,75482.5,STANDING,0.20,-0.150
3,75515.9,STANDING,0.18,-0.088
3,75549.3,STANDING,0.23,-0.049
3,75583.6,STANDING,0.40,0.024
3,75616.2,STANDING,0.52,0.010
3,75648.3,STANDING,0.59,-0.030
3,75682.5,STANDING,0.62,0.014
3,75716.1,STANDING,0.62,-0.076
3,75749.7,STANDING,0.49,-0.017
3,75782.5,STANDING,0.40,-0.093
3,75816.1,STANDING,0.24,0.033
3,75850.5,STANDING,0.18,0.007
3,75882.5,STANDING,0.19,-0.001
3,75915.9,STANDING,0.20,-0.062
3,75949.2,STANDING,0.24,-0.049
3,75982.9,STANDING,0.24,-0.055
3,76016.2,STANDING,0.28,-0.035
3,76049.1,STANDING,0.37,-0.016
3,76082.7,STANDING,0.37,-0.031
3,76116.2,STANDING,0.31,-0.043
3,76149.2,STANDING,0.32,-0.055
3,76183.0,STANDING,0.29,-0.044
3,76216.2,STANDING,0.22,0.006
3,76249.5,STANDING,0.16,-0.005
3,76282.6,STANDING,0.19,-0.042
3,76316.2,STANDING,0.26,-0.022
3,76349.2,STANDING,0.34,-0.009
3,76382.6,STANDING,0.36,-0.005
3,76416.0,STANDING,0.41,-0.001
3,76449.2,STANDING,0.35,-0.002
3,76483.6,STANDING,0.34,0.001
3,76516.1,STANDING,0.35,-0.001
3,76550.4,STANDING,0.45,-0.004
3,76582.5,STANDING,0.53,-0.090
3,76615.8,STANDING,0.53,-0.078
3,76649.4,STANDING,0.47,-0.229
3,76683.6,STANDING,0.43,-0.340
3,76715.8,STANDING,0.27,-0.357
3,76749.6,STANDING,0.32,-0.599
3,76782.9,STANDING,0.41,-0.581
3,76815.9,STANDING,0.65,-0.472
3,76849.7,STANDING,0.81,-0.565
3,76882.5,STANDING,0.84,-0.496
3,76915.9,STANDING,0.89,-0.395
3,76949.4,STANDING,0.86,-0.556
3,76982.8,STANDING,0.86,-0.648
3,77016.1,STANDING,0.82,-0.701
3,77050.3,STANDING,0.77,-0.580
3,77082.0,STANDING,0.69,-0.853
3,77115.9,STANDING,0.62,-0.456
3,77149.7,STANDING,0.56,-0.606
3,77183.8,STANDING,0.47,-0.705
3,77216.3,STANDING,0.30,-0.691
3,77249.7,STANDING,0.33,-0.580
3,77282.5,STANDING,0.43,-0.478
3,77316.3,STANDING,0.70,-0.647
3,77349.3,STANDING,0.76,-0.820
3,77382.8,STANDING,0.46,-0.927
3,77415.9,STANDING,0.44,-1.245
3,77449.6,STANDING,0.50,-1.183
3,77483.8,STANDING,0.40,-0.627
3,77514.9,STANDING,0.27,-0.655
3,77550.4,STANDING,0.41,-0.485
3,77583.7,STANDING,0.26,-0.617
3,77617.1,STANDING,0.41,-0.566
3,77649.3,STANDING,0.90,-0.523
3,77682.7,STANDING,1.52,-0.494
3,77716.0,STANDING,1.93,-0.470
3,77749.4,STANDING,1.94,-0.507
3,77782.7,STANDING,1.86,-0.295
3,77816.0,STANDING,1.76,-0.296
3,77849.7,STANDING,1.72,-0.333
3,77882.8,STANDING,1.78,-0.266
3,77916.3,STANDING,1.86,-0.264
3,77950.5,STANDING,1.89,-0.265
3,77983.7,STANDING,2.02,-0.264
3,78015.8,STANDING,2.17,-0.287
3,78049.6,STANDING,2.31,-0.341
3,78082.5,STANDING,2.61,-0.334
3,78116.0,STANDING,2.90,-0.349
3,78149.2,STANDING,3.14,-0.369
3,78182.7,STANDING,3.39,-0.352
3,78216.0,STANDING,3.55,-0.337
3,78249.3,STANDING,3.72,-0.379
3,78282.6,STANDING,3.91,-0.347
3,78316.0,STANDING,3.90,-0.308
3,78349.6,STANDING,3.80,-0.302
3,78383.0,STANDING,3.62,-0.309
3,78415.8,STANDING,3.31,-0.321
3,78449.7,STANDING,3.00,-0.264
3,78483.0,STANDING,2.71,-0.233
3,78516.1,STANDING,2.48,-0.219
3,78549.3,STANDING,2.29,-0.218
3,78583.0,STANDING,2.02,-0.135
3,78616.3,STANDING,1.74,-0.187
3,78649.7,STANDING,1.46,-0.193
3,78682.9,STANDING,1.03,-0.229
3,78716.3,STANDING,0.64,-0.224
3,78750.4,STANDING,0.55,-0.187
3,78782.9,STANDING,0.64,-0.188
3,78815.9,STANDING,0.91,-0.179
3,78849.7,STANDING,1.23,-0.171
3,78882.5,STANDING,1.67,-0.173
3,78916.3,STANDING,2.02,-0.190
3,78949.7,STANDING,2.37,-0.197
3,78982.5,STANDING,2.57,-0.187
3,79016.3,STANDING,2.65,-0.183
3,79049.2,STANDING,2.59,-0.193
3,79082.5,STANDING,2.60,-0.216
3,79115.9,STANDING,2.66,-0.237
3,79149.5,STANDING,2.67,-0.220
3,79174.3,STANDING,2.73,-0.184
3,79216.1,STANDING,2.68,-0.140
3,79249.3,STANDING,2.52,-0.120
3,79282.6,STANDING,2.32,-0.091
3,79316.0,STANDING,1.96,-0.078
3,79349.6,STANDING,1.58,-0.069
3,79382.5,STANDING,1.17,-0.058
3,79415.9,STANDING,0.90,-0.051
3,79449.2,STANDING,0.82,-0.040
3,79482.8,STANDING,0.72,-0.032
3,79515.9,STANDING,0.68,-0.021
3,79549.2,STANDING,0.69,-0.021
3,79583.0,STANDING,0.67,-0.014
3,79616.2,STANDING,0.45,-0.012
3,79649.7,STANDING,0.28,-0.014
3,79682.5,STANDING,0.20,-0.017
3,79715.9,STANDING,0.29,-0.014
3,79749.6,STANDING,0.27,-0.009
3,79782.6,STANDING,0.36,-0.024
3,79816.1,STANDING,0.39,-0.048
3,79850.3,STANDING,0.34,-0.064
3,79882.5,STANDING,0.38,-0.039
3,79915.9,STANDING,0.31,-0.019
3,79949.4,STANDING,0.45,-0.011
3,79983.6,STANDING,0.83,-0.003
3,80016.0,STANDING,1.42,-0.027
3,80049.4,STANDING,1.98,-0.061
3,80082.7,STANDING,2.31,-0.055
3,80116.1,STANDING,2.92,-0.062
3,80149.3,STANDING,3.69,-0.050
3,80182.8,STANDING,4.83,-0.044
3,80215.9,STANDING,6.41,-0.036
3,80249.2,STANDING,8.37,-0.019
3,80282.5,STANDING,10.58,0.013
3,80316.2,STANDING,12.99,0.025
3,80349.5,STANDING,15.74,0.035
3,80382.7,STANDING,19.09,0.013
3,80416.3,STANDING,23.12,-0.026
3,80449.5,STANDING,27.88,-0.014
3,80482.5,STANDING,32.82,0.005
3,80516.9,STANDING,37.91,0.001
3,80549.3,STANDING,42.79,-0.000
3,80582.8,STANDING,47.81,0.003
3,80616.1,STANDING,52.07,0.007
3,80649.6,STANDING,55.73,0.021
3,80682.7,STANDING,59.27,0.040
3,80716.1,STANDING,61.99,0.052
3,80749.3,STANDING,64.82,0.079
3,80783.0,STANDING,66.74,0.119
3,80815.8,STANDING,68.24,0.136
3,80849.2,STANDING,69.26,0.134
3,80883.0,STANDING,70.07,0.181
3,80916.2,STANDING,70.70,0.158
3,80949.3,STANDING,71.89,0.126
3,80982.8,STANDING,73.43,0.123
3,81016.3,STANDING,75.07,0.052
3,81049.5,STANDING,77.45,0.035
3,81082.9,STANDING,79.98,0.033
3,81116.2,STANDING,82.68,0.036
3,81149.2,STANDING,84.65,0.033
3,81182.5,STANDING,85.16,0.046
3,81215.9,STANDING,85.79,0.089
3,81240.8,STANDING,85.65,0.075
3,81282.7,STANDING,86.04,0.093
3,81316.0,STANDING,86.06,0.064
3,81349.2,STANDING,86.50,0.070
3,81374.2,STANDING,86.02,0.070
3,81416.9,STANDING,85.42,0.039
3,81449.3,STANDING,85.34,0.033
3,81482.7,STANDING,85.69,0.077
3,81515.8,STANDING,86.15,0.072
3,81549.6,STANDING,86.58,0.074
3,81582.6,STANDING,86.42,0.018
3,81616.3,STANDING,86.54,0.015
3,81649.2,STANDING,87.26,0.056
3,81682.9,STANDING,87.94,0.112
3,81715.9,STANDING,87.57,0.121
3,81749.6,STANDING,84.70,0.253
3,81782.8,STANDING,81.19,0.300
3,81816.2,STANDING,77.55,0.319
3,81849.7,STANDING,72.95,0.356
3,81882.6,STANDING,68.47,0.356
3,81915.8,STANDING,64.62,0.336
3,81949.5,STANDING,61.33,0.280
3,81983.0,STANDING,57.96,0.270
3,82016.4,STANDING,53.82,0.298
3,82049.3,STANDING,49.85,0.297
3,82082.9,STANDING,46.57,0.239
3,82116.3,STANDING,44.40,0.142
3,82149.3,STANDING,43.42,0.072
3,82182.8,STANDING,43.60,0.005
3,82215.9,STANDING,44.53,-0.027
3,82249.5,STANDING,45.86,-0.035
3,82283.0,STANDING,47.68,-0.032
3,82315.9,STANDING,50.07,-0.031
3,82349.3,STANDING,52.63,-0.032
3,82382.5,STANDING,54.99,-0.022
3,82415.8,STANDING,57.30,-0.018
3,82449.7,STANDING,60.42,-0.050
3,82483.0,STANDING,63.86,-0.048
3,82516.0,STANDING,66.62,-0.052
3,82549.3,STANDING,69.62,-0.066
3,82582.7,STANDING,72.35,-0.057
3,82617.0,STANDING,74.54,-0.042
3,82649.6,STANDING,76.45,-0.026
3,82682.5,STANDING,77.80,-0.010
3,82716.3,STANDING,78.98,0.005
3,82749.6,STANDING,80.10,0.005
3,82782.5,STANDING,81.30,0.009
3,82816.9,STANDING,82.18,0.021
3,82849.7,STANDING,82.68,0.032
3,82883.0,STANDING,83.32,0.013
3,82916.0,STANDING,84.35,-0.001
3,82949.2,STANDING,85.65,-0.005
3,82982.9,STANDING,87.20,-0.005
3,83016.2,STANDING,88.14,-0.004
3,83049.4,STANDING,88.21,-0.003
3,83082.5,STANDING,87.71,-0.016
3,83116.2,STANDING,87.00,-0.023
3,83149.2,STANDING,86.19,-0.027
3,83182.7,STANDING,85.42,-0.022
3,83216.0,STANDING,84.78,-0.021
3,83249.3,STANDING,84.29,-0.012
3,83283.6,STANDING,84.08,-0.004
3,83315.8,STANDING,83.99,0.001
3,83349.2,STANDING,84.02,0.002
3,83382.5,STANDING,84.19,0.009
3,83415.9,STANDING,84.36,0.007
3,83449.2,STANDING,84.48,0.006
3,83483.0,STANDING,84.58,0.008
3,83515.9,STANDING,84.64,0.006
3,83549.5,STANDING,84.61,0.006
3,83582.6,STANDING,84.67,0.007
3,83615.9,STANDING,84.88,0.013
3,83650.2,STANDING,85.13,0.013
3,83682.5,STANDING,85.13,0.000
3,83715.8,STANDING,85.26,0.010
3,83749.7,STANDING,85.39,0.010
3,83782.7,STANDING,85.52,0.016
3,83816.3,STANDING,85.66,0.014
3,83849.7,STANDING,85.69,0.010
3,83883.0,STANDING,85.68,0.006
3,83916.3,STANDING,85.79,0.001
3,83949.3,STANDING,85.82,-0.002
3,83982.8,STANDING,85.98,0.002
3,84016.0,STANDING,86.61,-0.022
3,84049.5,STANDING,86.94,-0.010
3,84082.5,STANDING,87.32,-0.023
3,84117.0,STANDING,87.54,-0.038
3,84149.3,STANDING,88.50,-0.017
3,84182.9,STANDING,88.96,-0.002
3,84216.2,STANDING,89.28,0.002
3,84249.3,STANDING,89.08,0.008
3,84282.7,STANDING,88.55,0.016
3,84316.1,STANDING,87.59,0.016
3,84349.2,STANDING,86.06,0.034
3,84382.5,STANDING,84.58,0.019
3,84416.1,STANDING,82.96,0.022
3,84441.1,STANDING,81.46,0.032
3,84482.9,STANDING,79.25,0.055
3,84515.9,STANDING,76.87,0.077
3,84549.4,STANDING,74.68,0.086
3,84583.6,STANDING,72.62,0.091
3,84616.3,STANDING,70.44,0.109
3,84649.6,STANDING,68.19,0.106
3,84682.7,STANDING,66.38,0.083
3,84716.2,STANDING,65.24,0.053
3,84749.4,STANDING,64.09,0.069
3,84782.9,STANDING,62.75,0.035
3,84816.1,STANDING,61.41,0.033
3,84849.6,STANDING,60.13,0.023
3,84882.8,STANDING,59.35,0.036
3,84915.9,STANDING,59.12,0.020
3,84949.2,STANDING,59.39,0.009
3,84982.8,STANDING,59.77,0.011
3,85015.9,STANDING,60.17,0.007
3,85049.2,STANDING,60.44,0.020
3,85083.0,STANDING,60.58,0.011
3,85116.1,STANDING,60.79,0.016
3,85149.4,STANDING,60.66,0.005
3,85182.6,STANDING,60.51,-0.003
3,85216.3,STANDING,60.46,-0.019
3,85249.6,STANDING,60.81,-0.062
3,85282.6,STANDING,61.50,-0.083
3,85316.3,STANDING,61.49,-0.067
3,85349.2,STANDING,61.15,-0.067
3,85383.0,STANDING,61.45,-0.083
3,85415.9,STANDING,61.53,-0.078
3,85449.4,STANDING,61.26,-0.047
3,85482.6,STANDING,61.20,-0.044
3,85515.9,STANDING,60.77,-0.023
3,85549.3,STANDING,60.70,-0.026
3,85583.7,STANDING,61.23,-0.057
3,85616.1,STANDING,61.97,-0.097
3,85649.4,STANDING,62.88,-0.103
3,85682.6,STANDING,63.41,-0.074
3,85715.9,STANDING,64.22,-0.093
3,85749.3,STANDING,64.72,-0.071
3,85782.9,STANDING,64.65,-0.050
3,85816.1,STANDING,64.34,-0.039
3,85849.2,STANDING,63.64,-0.012
3,85882.8,STANDING,62.64,0.024
3,85915.9,STANDING,61.56,0.015
3,85949.3,STANDING,60.16,0.034
3,85982.7,STANDING,58.27,0.018
3,86016.0,STANDING,56.34,0.041
3,86049.2,STANDING,54.79,0.042
3,86082.8,STANDING,53.16,0.047
3,86116.0,STANDING,51.58,0.028
3,86149.3,STANDING,49.42,0.067
3,86182.5,STANDING,46.75,0.061
3,86216.3,STANDING,44.17,0.097
3,86249.2,STANDING,41.75,0.080
3,86283.0,STANDING,39.53,0.051
3,86315.8,STANDING,37.51,0.043
3,86349.2,STANDING,35.71,0.037
3,86382.5,STANDING,34.09,0.017
3,86416.2,STANDING,32.49,0.005
3,86449.8,STANDING,30.99,-0.012
3,86482.9,STANDING,29.65,-0.010
3,86516.1,STANDING,28.36,-0.006
3,86549.3,STANDING,27.24,-0.003
3,86583.0,STANDING,26.19,-0.007
3,86616.3,STANDING,25.10,0.013
3,86649.6,STANDING,23.86,0.033
3,86683.0,STANDING,22.45,0.025
3,86716.3,STANDING,20.85,0.054
3,86749.2,STANDING,19.18,-0.021
3,86782.6,STANDING,17.53,-0.014
3,86816.2,STANDING,15.99,-0.016
3,86849.2,STANDING,14.51,-0.007
3,86882.6,STANDING,13.21,0.003
3,86915.9,STANDING,12.05,-0.003
3,86949.3,STANDING,11.17,-0.021
3,86982.7,STANDING,10.41,-0.033
3,87016.0,STANDING,9.90,-0.093
3,87049.3,STANDING,9.45,-0.096
3,87082.6,STANDING,9.32,-0.204
3,87116.2,STANDING,9.35,-0.153
3,87149.3,STANDING,9.56,-0.202
3,87182.6,STANDING,9.74,-0.246
3,87217.0,STANDING,9.84,-0.246
3,87249.3,STANDING,9.81,-0.214
3,87282.6,STANDING,9.36,-0.240
3,87315.8,STANDING,8.61,-0.168
3,87349.6,STANDING,7.58,-0.105
3,87383.0,STANDING,6.83,-0.088
3,87416.0,STANDING,6.22,-0.089
3,87450.0,STANDING,5.61,-0.009
3,87483.0,STANDING,4.99,0.026
3,87516.0,STANDING,4.38,0.077
3,87549.3,STANDING,3.73,0.163
3,87582.7,STANDING,3.08,0.249
3,87616.9,STANDING,2.65,0.260
3,87649.4,STANDING,2.03,0.271
3,87682.7,STANDING,1.37,0.260
3,87717.0,STANDING,0.91,0.267
3,87749.5,STANDING,0.66,0.248
3,87783.7,STANDING,0.46,0.235
3,87815.9,STANDING,0.48,0.223
3,87849.4,STANDING,0.59,0.251
3,87882.6,STANDING,0.68,0.230
3,87915.9,STANDING,0.67,0.230
3,87949.5,STANDING,0.63,0.245
3,87982.7,STANDING,0.44,0.251
3,88016.1,STANDING,0.50,0.278
3,88049.3,STANDING,0.62,0.275
3,88082.7,STANDING,0.74,0.320
3,88115.9,STANDING,0.80,0.316
3,88149.5,STANDING,0.74,0.329
3,88182.9,STANDING,0.73,0.404
3,88215.9,STANDING,0.84,0.382
3,88250.5,STANDING,0.90,0.379
3,88282.6,STANDING,0.97,0.434
3,88315.9,FALLING,0.90,0.559
3,88349.2,FALLING,0.84,0.467
3,88382.6,FALLING,0.92,0.405
3,88416.4,FALLING,1.12,0.211
3,88450.0,FALLING,1.48,0.269
3,88482.6,FALLING,1.72,0.322
3,88516.4,FALLING,1.73,0.389
3,88549.2,FALLING,1.62,0.517
3,88583.0,FALLING,1.66,0.465
3,88615.9,FALLING,1.68,0.441
3,88649.5,FALLING,1.52,0.691
3,88682.6,FALLING,1.46,0.638
3,88715.9,FALLING,1.45,0.305
3,88749.5,FALLING,1.43,0.338
3,88783.1,FALLING,1.66,0.191
3,88815.9,FALLING,1.88,0.190
3,88849.8,FALLING,1.84,0.152
3,88882.7,FALLING,1.88,0.274
3,88916.0,FALLING,1.85,0.326
3,88949.5,FALLING,1.91,0.330
3,88982.6,FALLING,1.82,0.368
3,89015.8,FALLING,1.80,0.372
3,89049.6,FALLING,1.56,0.694
3,89083.0,FALLING,1.11,0.751
3,89115.9,FALLING,0.69,0.628
3,89149.2,FALLING,0.52,0.526
3,89183.0,FALLING,0.69,0.681
3,89216.3,FALLING,1.06,0.798
3,89249.6,FALLING,1.45,0.735
3,89282.6,FALLING,1.85,0.635
3,89315.9,FALLING,2.38,0.492
3,89349.3,STANDING,2.81,0.513
3,89382.7,STANDING,3.21,0.299
3,89416.2,STANDING,3.34,0.323
3,89449.4,FALLING,3.30,0.477
3,89482.6,FALLING,3.22,0.595
3,89516.4,FALLING,3.04,0.436
3,89549.6,FALLING,2.87,0.432
3,89582.8,FALLING,2.75,0.321
3,89615.9,FALLING,2.42,0.203
3,89649.5,FALLING,2.20,0.304
3,89682.5,FALLING,2.15,0.231
3,89716.3,FALLING,2.17,0.330
3,89749.4,FALLING,2.22,0.132
3,89782.9,FALLING,2.30,0.090
3,89815.9,FALLING,2.39,0.077
3,89849.3,FALLING,2.45,0.123
3,89882.8,FALLING,2.33,0.118
3,89916.2,FALLING,2.28,0.155
3,89949.4,FALLING,2.26,0.186
3,89982.7,FALLING,2.29,0.188
3,90016.9,FALLING,2.29,0.076
3,90049.2,FALLING,2.42,0.134
3,90082.6,FALLING,2.55,0.050
3,90114.9,FALLING,2.65,0.054
4,90148.3,FALLING,2.70,0.042
4,90174.3,FALLING,2.80,0.094
4,90215.9,FALLING,2.86,0.046
4,90248.9,FALLING,2.86,0.019
4,90282.7,FALLING,2.90,0.008
4,90315.9,FALLING,2.96,0.008
4,90349.5,FALLING,2.87,-0.026
4,90382.6,FALLING,2.84,-0.030
4,90415.0,FALLING,2.65,-0.092
4,90449.4,FALLING,2.54,0.001
4,90482.5,STANDING,2.48,-0.005
4,90516.3,STANDING,2.46,-0.023
4,90549.6,STANDING,2.42,-0.016
4,90582.5,STANDING,2.40,-0.058
4,90616.0,STANDING,2.43,-0.093
4,90649.4,STANDING,2.51,-0.059
4,90682.9,STANDING,2.52,-0.027
4,90716.0,STANDING,2.56,-0.064
4,90749.7,STANDING,2.58,-0.039
4,90782.6,STANDING,2.61,-0.019
4,90815.9,STANDING,2.50,-0.021
4,90849.8,STANDING,2.45,-0.007
4,90882.6,STANDING,2.33,-0.106
4,90916.1,STANDING,2.26,-0.062
4,90949.6,STANDING,2.34,-0.014
4,90982.6,STANDING,2.36,-0.113
4,91015.9,STANDING,2.37,-0.166
4,91048.6,STANDING,2.40,-0.238
4,91081.7,STANDING,2.53,-0.360
4,91115.9,STANDING,2.27,-0.313
4,91149.3,STANDING,1.90,-0.179
4,91182.8,STANDING,1.62,-0.116
4,91217.0,STANDING,1.56,-0.058
4,91249.4,STANDING,1.63,-0.065
4,91282.7,STANDING,1.62,-0.118
4,91315.2,STANDING,1.42,-0.179
4,91349.2,STANDING,1.23,-0.349
4,91382.6,STANDING,1.02,-0.423
4,91416.1,STANDING,0.77,-0.640
4,91449.8,STANDING,0.53,-0.641
4,91482.9,STANDING,0.32,-0.644
4,91516.8,STANDING,0.40,-0.919
4,91549.7,STANDING,0.67,-0.985
4,91582.7,STANDING,1.03,-1.039
4,91615.9,STANDING,1.76,-1.034
4,91649.5,STANDING,2.37,-1.411
4,91682.5,STANDING,2.83,-0.764
4,91715.9,STANDING,3.36,-0.820
4,91749.4,STANDING,3.96,-0.515
4,91782.9,STANDING,4.42,-0.566
4,91816.9,STANDING,4.66,-0.492
4,91849.6,STANDING,4.46,-0.329
4,91883.0,STANDING,4.08,-0.365
4,91915.9,STANDING,3.67,-0.274
4,91949.3,STANDING,3.25,-0.267
4,91982.6,STANDING,2.96,-0.400
4,92016.2,STANDING,2.54,-0.269
4,92049.7,STANDING,2.25,-0.289
4,92083.6,STANDING,1.91,-0.354
4,92117.1,STANDING,1.24,-0.393
4,92149.7,STANDING,1.00,-0.402
4,92182.6,STANDING,0.91,-0.426
4,92215.9,STANDING,0.83,-0.460
4,92249.2,STANDING,0.67,-0.462
4,92281.6,STANDING,1.16,-0.526
4,92316.2,STANDING,1.71,-0.558
4,92348.3,STANDING,2.07,-0.571
4,92382.7,STANDING,2.22,-0.499
4,92415.9,STANDING,2.55,-0.534
4,92449.9,STANDING,2.71,-0.440
4,92482.7,STANDING,3.11,-0.395
4,92516.1,STANDING,3.65,-0.327
4,92549.4,STANDING,4.12,-0.291
4,92582.7,STANDING,4.54,-0.260
4,92616.1,STANDING,4.95,-0.215
4,92649.3,STANDING,5.37,-0.239
4,92682.7,STANDING,5.66,-0.166
4,92716.0,STANDING,5.94,-0.193
4,92749.5,STANDING,6.19,-0.192
4,92782.5,STANDING,6.39,-0.221
4,92815.9,STANDING,6.51,-0.259
4,92849.4,STANDING,6.42,-0.284
4,92883.6,STANDING,6.31,-0.278
4,92916.1,STANDING,6.16,-0.275
4,92949.4,STANDING,5.83,-0.243
4,92982.7,STANDING,5.36,-0.228
4,93016.1,STANDING,4.78,-0.240
4,93049.2,STANDING,4.31,-0.240
4,93082.8,STANDING,3.80,-0.241
4,93117.0,STANDING,3.43,-0.258
4,93149.5,STANDING,3.24,-0.262
4,93182.9,STANDING,3.24,-0.246
4,93216.2,STANDING,3.21,-0.215
4,93249.3,STANDING,3.11,-0.180
4,93282.9,STANDING,2.82,-0.171
4,93316.0,STANDING,2.55,-0.179
4,93349.3,STANDING,2.19,-0.182
4,93382.8,STANDING,1.84,-0.165
4,93416.0,STANDING,1.41,-0.156
4,93449.4,STANDING,0.95,-0.168
4,93482.7,STANDING,0.63,-0.142
4,93516.2,STANDING,0.72,-0.120
4,93549.3,STANDING,1.13,-0.122
4,93582.7,STANDING,1.79,-0.161
4,93616.2,STANDING,2.44,-0.178
4,93649.7,STANDING,3.02,-0.141
4,93683.6,STANDING,3.37,-0.165
4,93716.2,STANDING,3.59,-0.153
4,93749.4,STANDING,3.71,-0.185
4,93782.8,STANDING,3.79,-0.206
4,93816.2,STANDING,3.96,-0.217
4,93849.4,STANDING,4.25,-0.187
4,93882.5,STANDING,4.58,-0.172
4,93916.0,STANDING,4.87,-0.146
4,93949.4,STANDING,5.14,-0.093
4,93982.9,STANDING,5.39,-0.061
4,94016.3,STANDING,5.59,-0.051
4,94050.2,STANDING,5.88,-0.069
4,94083.6,STANDING,6.42,-0.048
4,94116.3,STANDING,7.07,-0.019
4,94149.2,STANDING,7.85,-0.008
4,94182.7,STANDING,8.62,-0.002
4,94216.0,STANDING,9.46,-0.000
4,94249.4,STANDING,10.42,-0.003
4,94282.7,STANDING,11.62,-0.005
4,94316.0,STANDING,13.59,-0.029
4,94349.3,STANDING,16.16,-0.070
4,94382.7,STANDING,19.16,-0.076
4,94416.1,STANDING,22.97,-0.086
4,94449.4,STANDING,27.07,-0.039
4,94483.7,STANDING,31.16,-0.015
4,94516.2,STANDING,35.30,-0.006
4,94549.7,STANDING,39.34,0.003
4,94582.7,STANDING,43.21,0.007
4,94616.0,STANDING,47.59,0.023
4,94649.3,STANDING,52.01,0.035
4,94682.7,STANDING,56.22,0.051
4,94716.0,STANDING,60.39,0.068
4,94749.5,STANDING,64.83,0.064
4,94782.6,STANDING,68.43,0.032
4,94816.0,STANDING,72.24,0.022
4,94849.5,STANDING,75.69,0.052
4,94882.5,STANDING,78.43,0.079
4,94915.9,STANDING,80.81,0.094
4,94949.4,STANDING,83.25,0.098
4,94982.9,STANDING,85.25,0.086
4,95016.2,STANDING,86.69,0.142
4,95049.7,STANDING,86.81,0.133
4,95082.9,STANDING,86.74,0.134
4,95116.2,STANDING,86.74,0.146
4,95149.3,STANDING,86.44,0.114
4,95182.7,STANDING,86.03,0.082
4,95216.0,STANDING,86.44,0.089
4,95249.6,STANDING,87.23,0.073
4,95283.0,STANDING,88.15,0.078
4,95316.2,STANDING,88.71,0.035
4,95350.3,STANDING,89.11,0.024
4,95382.9,STANDING,88.89,0.031
4,95416.2,STANDING,88.63,0.018
4,95449.6,STANDING,88.06,0.022
4,95482.6,STANDING,87.09,0.043
4,95515.9,STANDING,85.43,0.056
4,95549.6,STANDING,81.98,0.150
4,95582.5,STANDING,76.98,0.246
4,95615.9,STANDING,72.89,0.213
4,95649.5,STANDING,69.26,0.213
4,95682.7,STANDING,65.52,0.251
4,95716.2,STANDING,61.74,0.278
4,95749.3,STANDING,57.99,0.320
4,95782.7,STANDING,54.58,0.329
4,95816.0,STANDING,51.63,0.321
4,95849.4,STANDING,49.17,0.305
4,95882.9,STANDING,47.22,0.270
4,95915.9,STANDING,45.47,0.276
4,95949.5,STANDING,43.80,0.298
4,95982.6,STANDING,42.51,0.261
4,96016.0,STANDING,42.03,0.189
4,96049.3,STANDING,41.37,0.180
4,96082.7,STANDING,40.51,0.187
4,96117.0,STANDING,40.27,0.130
4,96149.4,STANDING,40.25,0.086
4,96182.8,STANDING,41.13,0.013
4,96216.0,STANDING,42.11,0.005
4,96249.4,STANDING,43.27,-0.002
4,96282.6,STANDING,44.52,0.020
4,96316.2,STANDING,46.05,0.019
4,96349.2,STANDING,48.63,0.005
4,96382.8,STANDING,51.23,-0.010
4,96416.2,STANDING,53.64,-0.012
4,96449.2,STANDING,56.11,-0.019
4,96482.8,STANDING,58.60,-0.030
4,96516.2,STANDING,60.64,-0.026
4,96549.2,STANDING,62.45,-0.019
4,96582.5,STANDING,63.96,-0.023
4,96616.1,STANDING,65.94,-0.034
4,96649.2,STANDING,67.69,-0.035
4,96683.0,STANDING,69.53,-0.044
4,96715.9,STANDING,71.11,-0.036
4,96749.4,STANDING,72.43,-0.026
4,96783.7,STANDING,73.88,-0.007
4,96816.0,STANDING,74.74,0.006
4,96849.3,STANDING,75.72,0.021
4,96882.6,STANDING,76.71,0.022
4,96916.2,STANDING,77.51,0.024
4,96949.3,STANDING,78.23,0.032
4,96982.8,STANDING,78.86,0.017
4,97017.0,STANDING,79.58,0.013
4,97049.4,STANDING,80.30,0.008
4,97082.7,STANDING,81.17,0.007
4,97116.1,STANDING,82.04,0.008
4,97149.4,STANDING,82.93,0.011
4,97183.7,STANDING,83.70,0.012
4,97215.9,STANDING,84.50,0.019
4,97249.6,STANDING,85.40,0.025
4,97282.8,STANDING,86.60,0.020
4,97315.9,STANDING,87.56,0.012
4,97349.6,STANDING,88.53,0.009
4,97382.9,STANDING,89.08,0.009
4,97416.3,STANDING,89.39,0.007
4,97449.7,STANDING,89.63,0.006
4,97482.5,STANDING,89.72,0.006
4,97515.9,STANDING,89.81,0.004
4,97549.4,STANDING,89.85,0.003
4,97582.5,STANDING,89.88,0.004
4,97616.0,STANDING,89.91,0.002
4,97650.3,STANDING,89.94,0.001
4,97682.7,STANDING,89.95,-0.001
4,97715.8,STANDING,89.97,-0.001
4,97749.2,STANDING,89.96,-0.001
4,97782.5,STANDING,89.84,0.007
4,97816.1,STANDING,89.72,0.005
4,97849.6,STANDING,89.62,0.005
4,97882.7,STANDING,89.54,0.003
4,97916.1,STANDING,89.48,0.004
4,97949.2,STANDING,89.49,-0.000
4,97982.6,STANDING,89.45,0.000
4,98015.9,STANDING,89.32,-0.000
4,98049.5,STANDING,89.07,-0.003
4,98082.7,STANDING,88.72,-0.006
4,98115.9,STANDING,88.29,-0.005
4,98149.7,STANDING,87.83,-0.008
4,98182.5,STANDING,87.29,-0.010
4,98216.0,STANDING,86.51,-0.006
4,98249.2,STANDING,85.63,-0.001
4,98282.6,STANDING,84.74,-0.001
4,98316.3,STANDING,83.83,-0.000
4,98349.2,STANDING,82.93,-0.001
4,98382.9,STANDING,81.98,-0.010
4,98416.0,STANDING,81.19,-0.017
4,98449.4,STANDING,80.21,-0.013
4,98482.9,STANDING,79.36,-0.026
4,98516.3,STANDING,78.47,-0.040
4,98549.5,STANDING,77.62,-0.030
4,98582.9,STANDING,76.95,-0.024
4,98616.2,STANDING,76.45,-0.019
4,98649.3,STANDING,75.78,-0.002
4,98682.7,STANDING,74.74,0.020
4,98716.2,STANDING,73.63,0.030
4,98749.4,STANDING,72.91,0.019
4,98782.7,STANDING,71.80,0.029
4,98816.0,STANDING,70.21,0.020
4,98849.4,STANDING,69.80,0.022
4,98882.8,STANDING,69.08,0.063
4,98916.9,STANDING,67.25,0.137
4,98949.5,STANDING,65.36,0.141
4,98982.7,STANDING,63.51,0.173
4,99016.0,STANDING,60.59,0.292
4,99049.5,STANDING,59.86,0.242
4,99082.7,STANDING,57.81,0.220
4,99116.0,STANDING,55.93,0.133
4,99150.3,STANDING,54.34,0.054
4,99182.6,STANDING,52.89,0.044
4,99215.9,STANDING,51.81,-0.013
4,99249.2,STANDING,50.05,-0.042
4,99282.8,STANDING,48.16,-0.058
4,99315.9,STANDING,47.08,-0.218
4,99349.3,STANDING,48.67,-0.346
4,99383.6,STANDING,50.80,-0.336
4,99415.9,STANDING,52.00,-0.248
4,99449.4,STANDING,51.79,-0.163
4,99482.6,STANDING,51.66,-0.126
4,99516.1,STANDING,50.90,-0.110
4,99550.3,STANDING,48.84,-0.050
4,99583.7,STANDING,45.33,0.011
4,99616.1,STANDING,40.71,0.027
4,99649.3,STANDING,35.96,0.035
4,99682.9,STANDING,31.43,0.072
4,99716.2,STANDING,27.18,0.119
4,99749.6,STANDING,23.47,0.108
4,99783.0,STANDING,19.90,0.082
4,99815.9,STANDING,16.68,0.059
4,99849.2,STANDING,14.03,0.057
4,99882.9,STANDING,11.46,0.058
4,99915.9,STANDING,8.88,0.032
4,99949.5,STANDING,6.70,0.027
4,99982.7,STANDING,4.94,-0.069
4,100015.9,STANDING,3.38,-0.081
4,100049.6,STANDING,2.36,-0.105
4,100082.6,STANDING,2.12,-0.107
4,100115.9,STANDING,2.24,-0.093
4,100149.3,STANDING,2.37,-0.101
4,100182.7,STANDING,2.99,-0.154
4,100215.9,STANDING,3.88,-0.091
4,100249.6,STANDING,4.98,-0.121
4,100282.6,STANDING,6.15,-0.220
4,100315.9,STANDING,6.70,-0.218
4,100349.3,STANDING,6.95,-0.191
4,100382.8,STANDING,6.81,-0.085
4,100415.9,STANDING,5.83,-0.216
4,100450.3,STANDING,4.90,-0.167
4,100482.6,STANDING,4.05,-0.172
4,100515.9,STANDING,3.32,-0.150
4,100549.2,STANDING,2.57,-0.069
4,100582.6,STANDING,1.80,0.009
4,100617.0,STANDING,1.13,0.055
4,100649.5,STANDING,0.85,0.071
4,100682.6,STANDING,0.82,0.109
4,100715.9,STANDING,0.96,0.159
4,100749.3,STANDING,1.02,0.177
4,100782.6,STANDING,0.96,0.211
4,100816.4,STANDING,0.99,0.289
4,100849.3,STANDING,0.94,0.386
4,100883.0,STANDING,0.99,0.399
4,100915.9,STANDING,0.94,0.322
4,100949.7,STANDING,0.84,0.296
4,100982.6,STANDING,0.97,0.281
4,101015.9,STANDING,1.19,0.231
4,101049.4,STANDING,1.32,0.203
4,101082.6,STANDING,1.39,0.276
4,101116.2,STANDING,1.47,0.410
4,101149.5,FALLING,1.44,0.471
4,101182.9,FALLING,1.55,0.429
4,101216.2,FALLING,1.62,0.406
4,101249.4,FALLING,1.39,0.295
4,101282.6,FALLING,1.10,0.219
4,101316.3,FALLING,0.81,0.254
4,101349.3,FALLING,0.62,0.181
4,101382.6,FALLING,0.62,0.306
4,101416.1,FALLING,0.67,0.376
4,101449.3,FALLING,0.68,0.456
4,101482.6,FALLING,0.66,0.458
4,101516.2,FALLING,0.60,0.484
4,101549.5,FALLING,0.60,0.450
4,101582.6,FALLING,0.47,0.353
4,101616.2,FALLING,0.35,0.249
4,101649.2,FALLING,0.48,0.351
4,101682.8,FALLING,0.67,0.323
4,101717.0,FALLING,0.81,0.296
4,101749.3,FALLING,0.72,0.720
4,101782.5,FALLING,0.92,0.469
4,101816.3,FALLING,0.94,0.669
4,101849.8,FALLING,1.03,0.469
4,101883.1,FALLING,0.99,0.415
4,101915.9,FALLING,0.89,0.375
4,101949.4,FALLING,0.69,0.469
4,101982.8,FALLING,0.56,0.467
4,102016.2,FALLING,0.49,0.664
4,102049.6,FALLING,0.72,0.839
4,102082.5,FALLING,0.75,0.828
4,102116.1,FALLING,0.57,0.605
4,102149.6,STANDING,0.42,0.939
4,102183.7,FALLING,0.31,0.823
4,102216.2,FALLING,0.24,0.619
4,102249.5,FALLING,0.34,0.558
4,102283.7,FALLING,0.42,0.865
4,102316.1,FALLING,0.26,1.058
4,102349.5,FALLING,0.31,0.930
4,102382.7,FALLING,0.45,0.958
4,102416.1,FALLING,0.54,0.832
4,102449.5,FALLING,0.53,0.787
4,102482.6,FALLING,0.53,0.750
4,102516.1,FALLING,0.59,0.721
4,102550.3,FALLING,0.68,0.554
4,102582.6,FALLING,0.75,0.313
4,102617.0,FALLING,0.95,0.409
4,102649.5,FALLING,1.20,0.381
4,102682.7,FALLING,1.52,0.337
4,102716.2,FALLING,1.69,0.075
4,102749.2,FALLING,1.74,0.063
4,102782.6,FALLING,1.81,0.118
4,102816.2,FALLING,2.01,0.363
4,102849.4,FALLING,2.11,0.229
4,102882.6,FALLING,2.11,0.246
4,102916.2,FALLING,2.02,0.127
4,102949.3,FALLING,2.12,0.022
4,102982.5,FALLING,2.18,0.005
5,103016.0,FALLING,2.35,0.081
5,103049.3,FALLING,2.45,0.018
5,103082.8,FALLING,2.56,-0.005
5,103116.4,FALLING,2.78,-0.035
5,103149.6,FALLING,3.04,-0.101
5,103182.6,FALLING,3.15,-0.121
5,103215.9,STANDING,3.06,-0.125
5,103250.3,STANDING,2.94,-0.184
5,103282.6,STANDING,2.84,-0.025
5,103316.1,STANDING,2.58,-0.054
5,103349.3,STANDING,2.51,-0.165
5,103382.6,STANDING,2.46,-0.082
5,103415.9,STANDING,2.25,-0.385
5,103449.4,STANDING,2.12,-0.745
5,103482.6,STANDING,2.10,-0.533
5,103515.9,STANDING,2.11,-0.418
5,103549.3,STANDING,2.08,-0.423
5,103582.6,STANDING,1.92,-0.571
5,103616.1,STANDING,1.77,-0.686
5,103649.3,STANDING,1.62,-0.683
5,103682.7,STANDING,1.71,-0.890
5,103716.2,STANDING,1.63,-0.710
5,103749.6,STANDING,1.56,-0.761
5,103782.6,STANDING,1.46,-0.727
5,103816.2,STANDING,1.24,-0.425
5,103849.6,STANDING,0.93,-0.540
5,103882.7,STANDING,0.60,-0.694
5,103916.2,STANDING,0.70,-0.708
5,103949.3,STANDING,1.07,-0.794
5,103982.9,STANDING,1.29,-1.277
5,104016.2,STANDING,1.90,-1.157
5,104049.6,STANDING,2.50,-0.934
5,104082.6,STANDING,3.30,-0.793
5,104116.2,STANDING,3.60,-0.640
5,104150.5,STANDING,3.46,-0.354
5,104182.5,STANDING,2.89,-0.455
5,104216.1,STANDING,2.55,-0.435
5,104249.2,STANDING,2.09,-0.436
5,104282.9,STANDING,1.50,-0.672
5,104316.2,STANDING,1.42,-0.543
5,104349.5,STANDING,1.13,-0.476
5,104382.6,STANDING,0.70,-0.462
5,104416.2,STANDING,0.54,-0.471
5,104450.3,STANDING,0.45,-0.475
5,104483.0,STANDING,0.71,-0.459
5,104515.9,STANDING,1.06,-0.591
5,104549.6,STANDING,1.58,-0.536
5,104582.6,STANDING,2.11,-0.516
5,104615.9,STANDING,2.53,-0.535
5,104649.7,STANDING,2.75,-0.463
5,104682.8,STANDING,2.92,-0.402
5,104716.1,STANDING,3.14,-0.389
5,104749.5,STANDING,3.26,-0.290
5,104782.5,STANDING,3.39,-0.260
5,104815.9,STANDING,3.50,-0.233
5,104849.3,STANDING,3.64,-0.222
5,104882.7,STANDING,3.73,-0.235
5,104916.1,STANDING,3.75,-0.233
5,104949.3,STANDING,4.01,-0.293
5,104983.0,STANDING,4.47,-0.299
5,105015.9,STANDING,5.14,-0.235
5,105049.5,STANDING,5.91,-0.290
5,105082.9,STANDING,6.56,-0.293
5,105116.0,STANDING,6.82,-0.276
5,105149.3,STANDING,6.67,-0.329
5,105182.8,STANDING,6.28,-0.354
5,105216.2,STANDING,5.94,-0.343
5,105249.3,STANDING,5.70,-0.283
5,105282.9,STANDING,5.61,-0.292
5,105315.9,STANDING,5.47,-0.267
5,105349.7,STANDING,5.42,-0.263
5,105382.6,STANDING,5.31,-0.237
5,105416.0,STANDING,4.98,-0.191
5,105449.3,STANDING,4.59,-0.205
5,105483.7,STANDING,4.31,-0.183
5,105516.0,STANDING,3.99,-0.175
5,105549.2,STANDING,3.65,-0.156
5,105582.9,STANDING,3.16,-0.154
5,105615.9,STANDING,2.54,-0.210
5,105649.3,STANDING,1.81,-0.244
5,105683.7,STANDING,1.19,-0.202
5,105716.2,STANDING,1.19,-0.177
5,105749.5,STANDING,1.64,-0.136
5,105782.9,STANDING,2.35,-0.135
5,105816.0,STANDING,3.22,-0.110
5,105849.4,STANDING,4.13,-0.094
5,105882.6,STANDING,5.10,-0.110
5,105916.1,STANDING,6.02,-0.113
5,105949.4,STANDING,6.82,-0.099
5,105982.8,STANDING,7.70,-0.135
5,106016.2,STANDING,8.53,-0.137
5,106049.4,STANDING,9.05,-0.130
5,106082.8,STANDING,9.63,-0.123
5,106115.9,STANDING,10.72,-0.208
5,106149.3,STANDING,12.71,-0.212
5,106182.8,STANDING,15.72,-0.227
5,106216.0,STANDING,19.14,-0.197
5,106249.4,STANDING,22.63,-0.103
5,106282.8,STANDING,25.99,-0.055
5,106316.3,STANDING,29.57,-0.046
5,106349.3,STANDING,33.60,-0.027
5,106382.5,STANDING,37.96,-0.020
5,106415.2,STANDING,42.14,0.001
5,106449.5,STANDING,46.39,0.012
5,106483.2,STANDING,50.45,0.061
5,106516.1,STANDING,54.17,0.107
5,106548.3,STANDING,57.77,0.167
5,106583.0,STANDING,61.05,0.194
5,106616.2,STANDING,63.75,0.175
5,106649.5,STANDING,66.38,0.135
5,106682.9,STANDING,69.00,0.144
5,106715.9,STANDING,71.72,0.139
5,106750.4,STANDING,74.07,0.166
5,106782.7,STANDING,76.64,0.170
5,106817.1,STANDING,78.91,0.124
5,106849.4,STANDING,82.14,0.105
5,106882.7,STANDING,84.87,0.079
5,106916.0,STANDING,86.64,0.086
5,106950.3,STANDING,86.97,0.042
5,106982.9,STANDING,86.17,0.006
5,107016.2,STANDING,84.86,-0.014
5,107049.6,STANDING,83.77,-0.029
5,107083.1,STANDING,81.57,-0.035
5,107116.0,STANDING,80.01,-0.029
5,107149.5,STANDING,79.08,-0.026
5,107183.6,STANDING,78.75,0.010
5,107216.0,STANDING,79.33,0.109
5,107249.6,STANDING,80.48,0.132
5,107282.6,STANDING,82.43,0.150
5,107316.4,STANDING,85.14,0.160
5,107349.3,STANDING,84.73,0.303
5,107382.7,STANDING,82.18,0.368
5,107416.0,STANDING,79.97,0.302
5,107449.5,STANDING,77.45,0.296
5,107483.6,STANDING,75.60,0.242
5,107516.0,STANDING,73.17,0.274
5,107550.4,STANDING,70.32,0.311
5,107582.8,STANDING,67.50,0.289
5,107616.2,STANDING,65.00,0.336
5,107649.6,STANDING,62.17,0.328
5,107682.8,STANDING,59.50,0.293
5,107715.9,STANDING,56.97,0.288
5,107749.3,STANDING,54.50,0.276
5,107782.6,STANDING,51.68,0.257
5,107815.9,STANDING,49.47,0.180
5,107848.7,STANDING,47.65,0.139
5,107882.6,STANDING,46.30,0.103
5,107915.9,STANDING,45.66,0.034
5,107949.3,STANDING,45.51,-0.001
5,107982.6,STANDING,45.67,-0.020
5,108015.2,STANDING,45.97,-0.030
5,108049.3,STANDING,46.28,-0.033
5,108082.7,STANDING,46.66,-0.028
5,108115.9,STANDING,47.08,-0.016
5,108149.3,STANDING,47.55,-0.009
5,108182.7,STANDING,47.93,-0.013
5,108216.9,STANDING,48.57,-0.009
5,108249.5,STANDING,49.15,-0.008
5,108282.9,STANDING,49.81,-0.007
5,108316.0,STANDING,50.63,-0.016
5,108350.5,STANDING,51.89,-0.016
5,108383.8,STANDING,53.27,-0.009
5,108416.2,STANDING,54.69,-0.009
5,108449.3,STANDING,56.35,-0.009
5,108483.0,STANDING,58.34,-0.012
5,108516.2,STANDING,60.24,-0.011
5,108549.5,STANDING,61.83,-0.006
5,108582.8,STANDING,63.37,-0.004
5,108616.0,STANDING,64.96,-0.002
5,108649.4,STANDING,66.21,0.001
5,108682.8,STANDING,67.73,0.004
5,108716.1,STANDING,69.01,0.006
5,108749.4,STANDING,70.38,0.011
5,108782.6,STANDING,71.54,0.011
5,108816.3,STANDING,72.59,0.009
5,108849.4,STANDING,73.65,0.005
5,108882.9,STANDING,74.38,-0.004
5,108916.2,STANDING,75.34,-0.005
5,108949.4,STANDING,76.17,-0.007
5,108982.9,STANDING,76.90,-0.010
5,109015.9,STANDING,77.79,-0.011
5,109049.5,STANDING,78.84,-0.008
5,109082.9,STANDING,79.87,-0.012
5,109115.9,STANDING,80.75,-0.007
5,109149.3,STANDING,81.42,-0.004
5,109182.6,STANDING,81.95,-0.004
5,109216.2,STANDING,82.48,-0.004
5,109249.3,STANDING,82.97,-0.000
5,109283.7,STANDING,83.41,-0.000
5,109316.2,STANDING,83.78,0.002
5,109350.3,STANDING,84.04,0.005
5,109382.8,STANDING,84.21,0.006
5,109416.2,STANDING,84.37,0.006
5,109449.5,STANDING,84.48,0.006
5,109482.6,STANDING,84.58,0.003
5,109516.9,STANDING,84.56,0.005
5,109549.7,STANDING,84.38,0.011
5,109582.8,STANDING,84.03,0.014
5,109616.1,STANDING,83.21,0.026
5,109649.5,STANDING,82.17,0.021
5,109682.7,STANDING,81.18,0.015
5,109716.1,STANDING,80.29,0.010
5,109750.3,STANDING,79.39,0.006
5,109782.9,STANDING,78.66,-0.003
5,109815.9,STANDING,78.23,-0.010
5,109849.3,STANDING,78.01,-0.012
5,109882.8,STANDING,77.81,-0.011
5,109916.0,STANDING,77.70,-0.008
5,109949.3,STANDING,77.68,-0.011
5,109983.0,STANDING,77.60,-0.003
5,110015.9,STANDING,77.28,0.007
5,110049.5,STANDING,76.73,0.010
5,110082.8,STANDING,76.04,0.023
5,110116.0,STANDING,75.15,0.023
5,110149.3,STANDING,74.19,0.032
5,110182.7,STANDING,73.13,0.023
5,110216.0,STANDING,71.68,0.027
5,110249.5,STANDING,70.20,0.057
5,110282.9,STANDING,68.74,0.067
5,110315.9,STANDING,67.37,0.049
5,110349.2,STANDING,66.05,0.030
5,110382.6,STANDING,65.06,0.019
5,110415.9,STANDING,64.07,0.021
5,110450.3,STANDING,63.05,0.016
5,110482.8,STANDING,62.04,0.005
5,110516.1,STANDING,61.13,0.014
5,110549.3,STANDING,59.98,0.016
5,110582.8,STANDING,58.39,0.031
5,110615.9,STANDING,56.84,0.082
5,110649.2,STANDING,55.22,0.102
5,110682.9,STANDING,53.35,0.100
5,110715.9,STANDING,50.98,0.074
5,110750.5,STANDING,49.23,0.051
5,110782.6,STANDING,47.96,0.029
5,110816.2,STANDING,47.01,0.002
5,110849.3,STANDING,46.49,-0.021
5,110882.6,STANDING,45.55,-0.016
5,110916.0,STANDING,44.22,0.010
5,110949.6,STANDING,42.95,0.005
5,110982.9,STANDING,42.75,-0.027
5,111016.2,STANDING,42.05,0.001
5,111049.2,STANDING,40.81,0.018
5,111083.7,STANDING,40.13,0.016
5,111116.2,STANDING,39.93,-0.000
5,111149.5,STANDING,40.02,-0.091
5,111183.6,STANDING,41.05,-0.202
5,111216.0,STANDING,42.58,-0.231
5,111249.5,STANDING,44.62,-0.282
5,111282.9,STANDING,44.41,-0.241
5,111316.8,STANDING,44.24,-0.082
5,111349.9,STANDING,43.32,-0.016
5,111382.9,STANDING,42.38,-0.040
5,111416.1,STANDING,40.64,0.012
5,111449.3,STANDING,38.26,0.088
5,111482.6,STANDING,35.45,0.118
5,111516.0,STANDING,32.03,0.182
5,111549.5,STANDING,28.67,0.204
5,111582.9,STANDING,25.81,0.194
5,111615.9,STANDING,23.33,0.096
5,111649.5,STANDING,21.27,0.057
5,111682.8,STANDING,19.60,0.024
5,111717.3,STANDING,18.17,0.014
5,111749.5,STANDING,16.78,-0.001
5,111783.6,STANDING,15.46,-0.007
5,111816.1,STANDING,13.91,0.021
5,111849.5,STANDING,12.19,0.031
5,111882.8,STANDING,10.62,0.059
5,111916.0,STANDING,8.93,0.054
5,111949.5,STANDING,7.14,0.058
5,111983.6,STANDING,5.25,0.029
5,112015.9,STANDING,3.49,0.035
5,112049.5,STANDING,2.12,0.024
5,112082.6,STANDING,1.70,-0.004
5,112117.0,STANDING,1.63,-0.017
5,112149.7,STANDING,1.71,-0.021
5,112182.9,STANDING,1.95,-0.043
5,112215.9,STANDING,2.39,-0.057
5,112249.6,STANDING,2.66,-0.090
5,112282.6,STANDING,3.06,-0.095
5,112316.2,STANDING,3.66,-0.106
5,112350.3,STANDING,4.69,-0.228
5,112382.6,STANDING,5.71,-0.198
5,112416.1,STANDING,6.58,-0.232
5,112449.4,STANDING,7.21,-0.182
5,112483.8,STANDING,7.69,-0.169
5,112515.9,STANDING,8.01,-0.155
5,112550.4,STANDING,8.14,-0.086
5,112583.1,STANDING,8.13,-0.104
5,112616.0,STANDING,7.95,-0.064
5,112649.5,STANDING,7.67,-0.015
5,112682.6,STANDING,7.27,0.011
5,112716.1,STANDING,6.87,0.013
5,112750.6,STANDING,6.49,0.029
5,112782.6,STANDING,6.10,0.093
5,112816.1,STANDING,5.68,0.146
5,112857.6,STANDING,5.31,0.174
5,112882.8,STANDING,4.91,0.252
5,112916.0,STANDING,4.60,0.269
5,112949.3,STANDING,4.30,0.271
5,112983.7,STANDING,4.00,0.290
5,113016.2,STANDING,3.57,0.270
5,113049.4,STANDING,3.21,0.267
5,113082.8,STANDING,2.65,0.269
5,113117.1,STANDING,2.15,0.296
5,113149.5,STANDING,1.66,0.261
5,113182.9,STANDING,1.32,0.288
5,113216.0,STANDING,1.36,0.181
5,113249.3,STANDING,1.70,0.252
5,113282.6,STANDING,2.19,0.281
5,113317.0,STANDING,2.18,0.356
5,113349.3,STANDING,2.12,0.420
5,113382.7,FALLING,2.06,0.508
5,113416.0,FALLING,1.89,0.456
5,113449.6,FALLING,1.77,0.406
5,113483.7,FALLING,1.75,0.372
5,113516.9,FALLING,1.65,0.403
5,113549.4,FALLING,1.57,0.361
5,113582.8,FALLING,1.49,0.331
5,113616.0,FALLING,1.38,0.387
5,113649.4,FALLING,1.27,0.383
5,113682.8,FALLING,1.30,0.352
5,113715.9,FALLING,1.57,0.327
5,113749.3,FALLING,1.81,0.514
5,113783.7,FALLING,2.09,0.370
5,113816.2,FALLING,2.26,0.565
5,113849.6,FALLING,2.71,0.362
5,113882.8,FALLING,3.42,0.361
5,113916.1,FALLING,3.90,0.330
5,113949.4,FALLING,4.27,0.232
5,113982.6,FALLING,4.54,0.224
5,114017.1,FALLING,5.02,0.163
5,114049.3,FALLING,5.32,0.322
5,114082.7,FALLING,5.59,0.339
5,114116.1,FALLING,5.40,0.418
5,114149.5,FALLING,4.95,0.463
5,114182.8,FALLING,4.51,0.439
5,114217.0,FALLING,3.87,0.347
5,114249.4,FALLING,3.41,0.498
5,114282.8,FALLING,3.06,0.656
5,114317.1,FALLING,2.85,0.542
5,114349.5,FALLING,2.80,0.459
5,114382.8,STANDING,2.61,0.458
5,114416.2,FALLING,2.47,0.548
5,114450.3,FALLING,2.35,0.417
5,114483.7,FALLING,2.15,0.358
5,114516.0,FALLING,1.96,0.261
5,114549.2,FALLING,1.81,0.150
5,114582.9,FALLING,1.46,0.018
5,114616.2,FALLING,1.08,0.515
5,114649.5,FALLING,0.79,0.336
5,114682.6,FALLING,0.51,0.403
5,114716.2,FALLING,0.52,0.648
5,114757.8,FALLING,0.71,0.666
5,114782.9,FALLING,0.74,0.562
5,114816.5,FALLING,0.83,0.438
5,114849.4,FALLING,0.99,0.413
5,114882.6,FALLING,1.06,0.176
5,114916.1,FALLING,1.08,0.217
5,114949.5,FALLING,1.22,0.103
5,114982.9,FALLING,1.34,0.077
5,115015.9,FALLING,1.42,0.338
5,115049.6,FALLING,1.48,0.405
5,115082.6,FALLING,1.42,0.270
5,115117.0,FALLING,1.38,0.449
5,115149.5,FALLING,1.16,0.445
5,115182.8,FALLING,0.93,0.392
5,115216.1,FALLING,0.78,0.612
5,115250.3,FALLING,0.71,0.387
5,115282.6,FALLING,0.69,0.255
5,115316.2,FALLING,0.71,0.213
5,115349.5,FALLING,0.84,0.072
5,115382.9,FALLING,0.87,-0.004
5,115416.2,FALLING,0.87,-0.015
5,115449.6,STANDING,0.88,0.085
5,115482.8,STANDING,0.74,0.114
5,115516.2,STANDING,0.67,0.080
5,115549.4,STANDING,0.70,0.144
5,115582.9,STANDING,0.75,0.068
5,115617.1,STANDING,0.68,0.028
5,115650.4,STANDING,0.66,0.085
5,115682.8,STANDING,0.68,0.037
5,115717.0,STANDING,0.71,0.048
5,115750.4,STANDING,0.74,0.072
5,115782.8,STANDING,0.74,0.086
5,115816.3,STANDING,0.74,0.062
5,115849.6,STANDING,0.80,0.111
5,115882.9,STANDING,0.87,0.034
5,115916.2,STANDING,0.88,0.047
5,115949.5,STANDING,0.84,-0.026
5,115982.8,STANDING,0.79,-0.084
5,116016.2,STANDING,0.76,0.049
5,116049.7,STANDING,0.63,-0.005
5,116082.9,STANDING,0.45,-0.048
6,116115.8,STANDING,0.35,-0.024
6,116149.3,STANDING,0.35,0.001
6,116182.6,STANDING,0.37,0.058
6,116215.9,STANDING,0.32,0.038
6,116249.3,STANDING,0.26,0.001
6,116283.7,STANDING,0.21,-0.067
6,116316.1,STANDING,0.17,-0.057
6,116349.5,STANDING,0.15,-0.065
6,116382.9,STANDING,0.14,-0.055
6,116416.2,STANDING,0.09,-0.097
6,116449.7,STANDING,0.05,-0.056
6,116491.1,STANDING,0.05,-0.017
6,116517.0,STANDING,0.18,-0.005
6,116557.7,STANDING,0.25,-0.067
6,116591.4,STANDING,0.26,-0.025
6,116617.0,STANDING,0.25,0.091
6,116649.3,STANDING,0.30,0.074
6,116683.7,STANDING,0.33,0.180
6,116716.4,STANDING,0.28,0.106
6,116749.7,STANDING,0.25,0.076
6,116782.9,STANDING,0.23,0.044
6,116816.4,STANDING,0.22,0.123
6,116849.6,STANDING,0.22,0.069
6,116883.6,STANDING,0.27,0.031
6,116917.1,STANDING,0.30,0.016
6,116949.4,STANDING,0.32,-0.008
6,116982.6,STANDING,0.33,-0.010
6,117016.2,STANDING,0.36,-0.033
6,117049.5,STANDING,0.41,-0.014
6,117083.7,STANDING,0.42,-0.003
6,117116.0,STANDING,0.38,-0.093
6,117149.4,STANDING,0.38,-0.048
6,117182.7,STANDING,0.38,0.001
6,117216.2,STANDING,0.38,0.002
6,117249.3,STANDING,0.34,-0.015
6,117282.8,STANDING,0.31,-0.013
6,117316.2,STANDING,0.25,-0.061
6,117349.5,STANDING,0.17,-0.030
6,117382.8,STANDING,0.13,-0.025
6,117417.1,STANDING,0.12,-0.009
6,117449.4,STANDING,0.10,0.024
6,117482.7,STANDING,0.17,-0.045
6,117516.0,STANDING,0.21,0.037
6,117549.3,STANDING,0.29,0.018
6,117582.9,STANDING,0.36,0.080
6,117617.0,STANDING,0.40,0.037
6,117649.6,STANDING,0.44,0.053
6,117682.9,STANDING,0.35,-0.028
6,117716.1,STANDING,0.36,-0.041
6,117749.6,STANDING,0.41,0.022
6,117782.7,STANDING,0.44,0.045
6,117816.0,STANDING,0.58,0.006
6,117849.5,STANDING,0.74,0.015
6,117882.6,STANDING,0.85,-0.023
6,117916.2,STANDING,0.99,0.112
6,117950.3,STANDING,1.07,0.003
6,117982.6,STANDING,1.04,-0.043
6,118024.4,STANDING,1.03,-0.115
6,118057.8,STANDING,1.02,-0.106
6,118082.6,STANDING,1.04,-0.067
6,118117.0,STANDING,1.01,-0.095
6,118149.6,STANDING,0.87,-0.115
6,118182.6,STANDING,0.81,-0.082
6,118216.2,STANDING,0.78,-0.080
6,118249.5,STANDING,0.77,-0.225
6,118282.7,STANDING,0.76,-0.247
6,118316.2,STANDING,0.64,-0.358
6,118349.5,STANDING,0.39,-0.755
6,118382.7,STANDING,0.35,-0.839
6,118416.2,STANDING,0.50,-0.848
6,118449.6,STANDING,0.78,-0.788
6,118483.0,STANDING,1.04,-0.378
6,118517.0,STANDING,1.28,-0.423
6,118549.4,STANDING,1.41,-0.552
6,118582.7,STANDING,1.39,-0.270
6,118617.1,STANDING,1.39,-0.572
6,118650.5,STANDING,1.25,-0.484
6,118682.9,STANDING,1.07,-0.379
6,118716.1,STANDING,0.79,-0.467
6,118750.3,STANDING,0.75,-0.597
6,118783.7,STANDING,0.89,-0.719
6,118816.1,STANDING,1.13,-0.853
6,118857.7,STANDING,1.37,-0.876
6,118891.0,STANDING,1.51,-0.763
6,118924.5,STANDING,1.69,-0.724
6,118958.1,STANDING,1.81,-0.778
6,118991.1,STANDING,1.72,-0.653
6,119024.8,STANDING,1.67,-0.316
6,119057.6,STANDING,1.59,-0.431
6,119082.6,STANDING,1.50,-0.366
6,119124.7,STANDING,1.35,-0.376
6,119149.3,STANDING,1.21,-0.539
6,119182.9,STANDING,1.00,-0.465
6,119216.0,STANDING,0.89,-0.500
6,119257.7,STANDING,1.13,-0.666
6,119282.9,STANDING,1.05,-0.671
6,119316.0,STANDING,0.84,-0.764
6,119349.5,STANDING,0.75,-0.686
6,119382.8,STANDING,0.76,-0.599
6,119415.9,STANDING,0.91,-0.537
6,119457.7,STANDING,1.00,-0.413
6,119482.6,STANDING,1.16,-0.391
6,119525.4,STANDING,1.48,-0.349
6,119549.3,STANDING,1.82,-0.409
6,119583.8,STANDING,2.21,-0.299
6,119616.0,STANDING,2.68,-0.353
6,119649.3,STANDING,3.20,-0.404
6,119682.9,STANDING,3.75,-0.370
6,119716.1,STANDING,4.33,-0.400
6,119750.4,STANDING,4.86,-0.321
6,119782.9,STANDING,5.31,-0.283
6,119816.0,STANDING,5.62,-0.278
6,119849.3,STANDING,5.96,-0.273
6,119882.6,STANDING,6.13,-0.254
6,119915.9,STANDING,6.22,-0.288
6,119957.7,STANDING,6.26,-0.291
6,119991.1,STANDING,6.21,-0.282
6,120016.0,STANDING,5.90,-0.312
6,120049.3,STANDING,5.30,-0.319
6,120083.7,STANDING,4.56,-0.325
6,120117.2,STANDING,3.94,-0.335
6,120149.5,STANDING,3.48,-0.319
6,120183.7,STANDING,3.13,-0.337
6,120224.7,STANDING,2.84,-0.261
6,120250.4,STANDING,2.53,-0.261
6,120282.6,STANDING,2.24,-0.226
6,120316.4,STANDING,1.85,-0.219
6,120349.6,STANDING,1.48,-0.159
6,120382.8,STANDING,1.17,-0.139
6,120415.9,STANDING,0.88,-0.149
6,120449.7,STANDING,0.58,-0.165
6,120482.9,STANDING,0.36,-0.185
6,120516.2,STANDING,0.37,-0.194
6,120549.5,STANDING,0.49,-0.214
6,120583.7,STANDING,0.62,-0.207
6,120616.0,STANDING,0.55,-0.184
6,120649.3,STANDING,0.52,-0.168
6,120682.8,STANDING,0.49,-0.161
6,120717.3,STANDING,0.40,-0.158
6,120749.3,STANDING,0.32,-0.151
6,120782.6,STANDING,0.53,-0.114
6,120816.3,STANDING,0.75,-0.088
6,120849.5,STANDING,0.90,-0.087
6,120882.9,STANDING,1.08,-0.116
6,120916.2,STANDING,1.36,-0.122
6,120949.5,STANDING,1.64,-0.107
6,120982.7,STANDING,1.97,-0.113
6,121017.1,STANDING,2.43,-0.095
6,121049.3,STANDING,3.00,-0.087
6,121082.6,STANDING,3.72,-0.086
6,121116.0,STANDING,4.40,-0.047
6,121150.3,STANDING,5.08,-0.029
6,121183.0,STANDING,5.93,-0.031
6,121216.0,STANDING,6.77,-0.019
6,121249.6,STANDING,7.72,-0.005
6,121282.6,STANDING,8.65,0.003
6,121316.2,STANDING,9.56,0.005
6,121349.6,STANDING,10.51,0.007
6,121383.6,STANDING,11.75,0.036
6,121424.4,STANDING,12.85,0.050
6,121457.7,STANDING,13.94,0.043
6,121491.0,STANDING,15.52,0.025
6,121524.4,STANDING,17.40,0.034
6,121558.1,STANDING,19.13,0.081
6,121591.0,STANDING,20.98,0.091
6,121616.2,STANDING,23.03,0.082
6,121649.5,STANDING,25.84,0.055
6,121691.1,STANDING,29.22,0.028
6,121715.9,STANDING,32.83,-0.028
6,121758.7,STANDING,36.91,-0.018
6,121791.1,STANDING,41.59,0.066
6,121816.0,STANDING,46.06,0.117
6,121858.1,STANDING,50.40,0.101
6,121891.1,STANDING,54.91,0.107
6,121924.8,STANDING,58.87,0.071
6,121957.7,STANDING,63.04,0.076
6,121983.7,STANDING,66.44,0.077
6,122016.1,STANDING,70.62,0.093
6,122049.6,STANDING,73.49,0.088
6,122082.7,STANDING,77.24,0.079
6,122124.4,STANDING,80.98,0.094
6,122158.0,STANDING,84.07,0.103
6,122191.0,STANDING,85.30,0.102
6,122216.0,STANDING,85.37,0.129
6,122257.7,STANDING,83.80,0.101
6,122282.6,STANDING,81.94,0.132
6,122315.9,STANDING,80.11,0.130
6,122349.3,STANDING,78.16,0.115
6,122383.6,STANDING,77.13,0.110
6,122415.9,STANDING,77.19,0.099
6,122449.4,STANDING,77.71,0.110
6,122482.6,STANDING,78.64,0.125
6,122524.3,STANDING,79.59,0.098
6,122558.7,STANDING,81.29,0.199
6,122591.0,STANDING,84.10,0.271
6,122616.0,STANDING,85.82,0.332
6,122649.5,STANDING,86.62,0.263
6,122682.7,STANDING,86.79,0.218
6,122717.1,STANDING,86.61,0.176
6,122750.4,STANDING,86.54,0.153
6,122783.9,STANDING,85.90,0.115
6,122816.9,STANDING,84.53,0.175
6,122848.7,STANDING,82.07,0.176
6,122883.7,STANDING,79.60,0.149
6,122917.0,STANDING,77.68,0.136
6,122949.6,STANDING,75.36,0.142
6,122982.6,STANDING,72.45,0.156
6,123016.2,STANDING,69.72,0.156
6,123057.7,STANDING,68.21,0.099
6,123090.4,STANDING,65.47,0.119
6,123124.4,STANDING,61.26,0.191
6,123157.6,STANDING,58.18,0.108
6,123191.1,STANDING,55.99,0.068
6,123216.0,STANDING,54.86,0.007
6,123258.3,STANDING,54.31,-0.007
6,123291.3,STANDING,53.88,0.016
6,123316.9,STANDING,53.99,-0.003
6,123357.7,STANDING,53.96,0.007
6,123390.3,STANDING,55.03,-0.015
6,123424.4,STANDING,56.77,-0.018
6,123449.3,STANDING,58.63,-0.026
6,123483.9,STANDING,60.69,-0.026
6,123516.5,STANDING,62.70,-0.031
6,123549.3,STANDING,64.72,-0.033
6,123590.2,STANDING,66.40,-0.026
6,123624.3,STANDING,67.85,-0.022
6,123649.3,STANDING,69.06,-0.025
6,123691.5,STANDING,70.57,-0.016
6,123717.0,STANDING,71.74,-0.012
6,123749.3,STANDING,72.87,-0.014
6,123791.1,STANDING,74.31,-0.016
6,123816.2,STANDING,75.76,-0.025
6,123849.6,STANDING,77.03,-0.021
6,123882.6,STANDING,78.13,-0.023
6,123924.4,STANDING,78.98,-0.013
6,123957.7,STANDING,79.56,-0.008
6,123991.4,STANDING,80.09,-0.005
6,124024.7,STANDING,80.54,-0.001
6,124057.7,STANDING,81.43,0.004
6,124082.6,STANDING,82.23,0.007
6,124124.2,STANDING,82.87,0.021
6,124149.5,STANDING,83.52,0.028
6,124191.1,STANDING,84.08,0.035
6,124224.3,STANDING,84.39,0.048
6,124257.6,STANDING,84.65,0.049
6,124282.6,STANDING,85.11,0.047
6,124324.4,STANDING,85.77,0.039
6,124349.5,STANDING,86.58,0.027
6,124382.8,STANDING,87.62,0.023
6,124424.4,STANDING,88.51,0.022
6,124458.1,STANDING,88.88,0.025
6,124482.7,STANDING,88.81,0.035
6,124516.8,STANDING,88.21,0.031
6,124549.6,STANDING,87.08,0.026
6,124591.0,STANDING,85.92,0.008
6,124624.4,STANDING,84.92,-0.003
6,124658.1,STANDING,83.86,-0.015
6,124682.6,STANDING,83.02,-0.010
6,124717.0,STANDING,82.14,-0.014
6,124749.6,STANDING,81.27,-0.017
6,124783.6,STANDING,80.54,-0.014
6,124824.3,STANDING,79.94,-0.008
6,124858.7,STANDING,79.57,-0.009
6,124891.1,STANDING,79.45,-0.021
6,124924.4,STANDING,79.21,-0.027
6,124958.7,STANDING,79.29,-0.023
6,124991.0,STANDING,79.65,-0.014
6,125025.5,STANDING,80.20,-0.009
6,125049.3,STANDING,81.00,-0.007
6,125082.9,STANDING,82.31,-0.004
6,125116.2,STANDING,83.39,0.006
6,125150.4,STANDING,84.85,0.019
6,125182.7,STANDING,86.59,0.038
6,125224.4,STANDING,87.59,0.035
6,125258.0,STANDING,87.87,0.029
6,125290.9,STANDING,87.75,0.008
6,125324.3,STANDING,87.50,-0.002
6,125349.3,STANDING,86.73,-0.008
6,125382.9,STANDING,85.73,-0.011
6,125416.1,STANDING,84.70,-0.013
6,125450.4,STANDING,83.13,-0.020
6,125482.8,STANDING,81.72,-0.028
6,125516.5,STANDING,81.00,-0.038
6,125549.3,STANDING,79.80,-0.035
6,125582.9,STANDING,78.41,-0.043
6,125616.0,STANDING,76.02,-0.035
6,125657.7,STANDING,73.80,-0.031
6,125692.1,STANDING,71.81,-0.034
6,125724.3,STANDING,70.87,-0.036
6,125757.6,STANDING,69.20,-0.048
6,125792.0,STANDING,67.33,-0.038
6,125824.7,STANDING,66.03,-0.065
6,125858.1,STANDING,65.00,-0.073
6,125891.5,STANDING,64.11,-0.076
6,125924.3,STANDING,63.50,-0.057
6,125958.9,STANDING,62.79,-0.065
6,125982.6,STANDING,62.29,-0.117
6,126024.4,STANDING,63.00,-0.113
6,126049.3,STANDING,63.52,-0.123
6,126091.1,STANDING,64.82,-0.115
6,126124.3,STANDING,66.11,-0.080
6,126149.5,STANDING,67.47,-0.085
6,126191.0,STANDING,68.44,-0.063
6,126224.7,STANDING,69.57,-0.060
6,126257.6,STANDING,70.95,-0.045
6,126282.6,STANDING,72.55,-0.063
6,126324.3,STANDING,74.02,-0.043
6,126349.3,STANDING,75.15,-0.034
6,126382.8,STANDING,75.63,-0.008
6,126425.3,STANDING,75.62,0.010
6,126457.8,STANDING,75.49,0.018
6,126491.3,STANDING,75.20,0.017
6,126525.1,STANDING,74.58,0.013
6,126549.3,STANDING,73.47,0.009
6,126591.4,STANDING,71.19,0.009
6,126624.7,STANDING,68.77,0.010
6,126657.6,STANDING,65.45,0.011
6,126682.7,STANDING,61.77,0.075
6,126716.2,STANDING,57.98,0.071
6,126749.6,STANDING,54.90,0.055
6,126791.1,STANDING,52.63,0.037
6,126824.7,STANDING,51.07,0.008
6,126857.7,STANDING,50.41,-0.002
6,126882.6,STANDING,49.96,0.006
6,126916.2,STANDING,49.42,0.046
6,126949.3,STANDING,48.25,0.104
6,126983.8,STANDING,46.31,0.172
6,127016.0,STANDING,44.42,0.208
6,127049.3,STANDING,42.77,0.210
6,127082.9,STANDING,41.24,0.176
6,127117.1,STANDING,39.53,0.102
6,127157.8,STANDING,37.85,0.034
6,127191.0,STANDING,36.84,-0.026
6,127224.7,STANDING,36.37,-0.094
6,127258.1,STANDING,36.16,-0.210
6,127291.5,STANDING,36.49,-0.374
6,127324.7,STANDING,37.25,-0.297
6,127358.0,STANDING,38.10,-0.287
6,127391.4,STANDING,38.71,-0.196
6,127424.3,STANDING,39.59,-0.287
6,127458.7,STANDING,39.70,-0.343
6,127482.6,STANDING,38.95,-0.219
6,127524.8,STANDING,37.68,-0.244
6,127557.8,STANDING,35.93,-0.180
6,127591.1,STANDING,33.69,-0.207
6,127624.4,STANDING,30.87,-0.154
6,127657.8,STANDING,28.51,-0.105
6,127691.0,STANDING,25.98,-0.010
6,127724.5,STANDING,23.68,0.031
6,127757.8,STANDING,20.66,0.224
6,127791.4,STANDING,17.36,0.375
6,127824.3,STANDING,14.24,0.410
6,127858.1,STANDING,11.65,0.336
6,127882.6,STANDING,9.63,0.283
6,127917.2,STANDING,7.94,0.251
6,127949.6,STANDING,6.64,0.268
6,127982.6,STANDING,5.63,0.342
6,128024.3,STANDING,5.02,0.299
6,128058.1,STANDING,4.45,0.302
6,128091.0,STANDING,4.44,0.297
6,128124.3,STANDING,4.60,0.347
6,128149.3,STANDING,4.75,0.321
6,128183.8,STANDING,4.63,0.364
6,128224.4,STANDING,4.82,0.347
6,128249.3,STANDING,4.47,0.204
6,128291.0,STANDING,4.07,0.193
6,128324.4,STANDING,3.65,0.194
6,128358.7,STANDING,3.36,0.345
6,128391.4,STANDING,3.55,0.257
6,128416.0,STANDING,3.73,0.408
6,128457.8,STANDING,3.92,0.368
6,128491.1,STANDING,3.96,0.324
6,128525.1,STANDING,3.97,0.270
6,128558.0,STANDING,4.14,0.247
6,128591.1,STANDING,4.17,0.217
6,128624.7,STANDING,4.26,0.260
6,128657.6,STANDING,4.34,0.281
6,128691.4,STANDING,4.40,0.300
6,128724.7,STANDING,4.40,0.346
6,128757.6,STANDING,4.36,0.328
6,128791.1,STANDING,4.32,0.345
6,128817.0,FALLING,4.28,0.495
6,128857.8,FALLING,4.38,0.492
6,128883.8,FALLING,4.54,0.460
6,128924.7,FALLING,4.93,0.441
6,128957.8,FALLING,5.17,0.581
6,128991.4,FALLING,5.19,0.522
6,129024.3,FALLING,5.31,0.485
6,129058.1,FALLING,5.26,0.264
6,129082.7,FALLING,5.06,0.463
6,129117.1,FALLING,4.95,0.401
6,129157.7,FALLING,4.69,0.348
6,129191.1,FALLING,4.11,0.367
6,129224.3,FALLING,4.10,0.725
6,129257.8,FALLING,3.70,0.645
6,129291.3,FALLING,3.73,0.774
6,129324.8,FALLING,3.59,0.802
6,129357.8,FALLING,3.35,0.461
6,129391.5,FALLING,2.88,0.470
6,129425.5,FALLING,2.33,0.372
6,129458.7,FALLING,1.67,0.585
6,129491.1,FALLING,1.29,0.428
6,129525.0,FALLING,0.85,0.489
6,129557.9,FALLING,0.62,0.631
6,129591.3,FALLING,0.64,0.622
6,129624.7,FALLING,0.74,0.477
6,129657.7,FALLING,0.88,0.299
6,129691.1,FALLING,0.94,0.159
6,129725.4,FALLING,0.89,0.195
6,129758.0,FALLING,0.78,0.196
6,129791.5,FALLING,0.62,0.203
6,129824.7,STANDING,0.51,0.453
6,129857.8,STANDING,0.58,0.247
6,129891.4,STANDING,0.55,0.264
6,129924.8,STANDING,0.46,0.229
6,129957.7,STANDING,0.45,0.225
6,129991.4,STANDING,0.34,0.154
6,130024.7,STANDING,0.28,0.329
6,130058.0,STANDING,0.19,0.302
6,130092.0,STANDING,0.22,0.170
6,130124.7,STANDING,0.21,0.037
6,130157.6,STANDING,0.32,0.033
6,130191.3,STANDING,0.46,0.140
6,130216.0,STANDING,0.62,0.267
6,130258.1,STANDING,0.70,0.380
6,130282.7,FALLING,0.73,0.479
6,130324.4,FALLING,0.65,0.581
6,130357.8,FALLING,0.56,0.407
6,130391.2,FALLING,0.45,0.283
6,130424.7,FALLING,0.41,0.388
6,130457.6,FALLING,0.49,0.229
6,130491.2,FALLING,0.54,0.049
6,130516.0,FALLING,0.66,0.047
6,130550.5,FALLING,0.68,-0.008
6,130591.1,FALLING,0.42,-0.086
6,130624.5,FALLING,0.32,-0.015
6,130658.0,FALLING,0.19,-0.012
6,130691.1,FALLING,0.17,0.112
6,130724.7,FALLING,0.16,0.174
6,130758.1,FALLING,0.19,0.162
6,130791.2,FALLING,0.22,0.145
6,130824.8,FALLING,0.18,0.160
6,130858.8,FALLING,0.27,0.205
6,130891.4,FALLING,0.30,0.104
6,130925.3,FALLING,0.28,0.067
6,130957.6,FALLING,0.22,0.053
6,130991.0,FALLING,0.20,0.001
6,131024.8,FALLING,0.22,-0.010
6,131058.1,FALLING,0.30,-0.013
6,131092.3,FALLING,0.37,0.021
6,131125.3,FALLING,0.35,0.020
6,131157.7,FALLING,0.35,0.023
6,131182.7,FALLING,0.45,0.034
6,131224.8,FALLING,0.56,-0.079
6,131249.4,FALLING,0.65,-0.074
6,131291.1,STANDING,0.93,-0.164
6,131316.0,STANDING,1.15,-0.134
6,131357.8,STANDING,1.25,-0.216
6,131392.1,STANDING,1.27,-0.123
6,131424.6,STANDING,1.34,-0.090
7,131449.2,STANDING,1.39,-0.047
7,131492.1,STANDING,1.45,-0.009
7,131524.3,STANDING,1.52,0.039
7,131558.1,STANDING,1.53,0.018
7,131591.0,STANDING,1.54,0.037
7,131624.8,STANDING,1.48,0.023
7,131649.3,STANDING,1.48,0.129
7,131683.9,STANDING,1.46,0.073
7,131724.6,STANDING,1.41,0.033
7,131757.9,STANDING,1.39,0.022
7,131791.2,STANDING,1.36,0.096
7,131824.5,STANDING,1.35,0.010
7,131858.8,STANDING,1.31,-0.029
7,131891.2,STANDING,1.22,-0.047
7,131924.8,STANDING,1.08,-0.127
7,131957.6,STANDING,0.85,-0.167
7,131991.1,STANDING,0.60,-0.131
7,132024.6,STANDING,0.45,-0.319
7,132058.1,STANDING,0.40,-0.341
7,132091.0,STANDING,0.35,-0.325
7,132124.4,STANDING,0.31,-0.259
7,132158.1,STANDING,0.30,-0.488
7,132182.7,STANDING,0.23,-0.468
7,132224.6,STANDING,0.21,-0.436
7,132249.6,STANDING,0.30,-0.590
7,132283.7,STANDING,0.56,-0.497
7,132324.4,STANDING,0.76,-0.399
7,132358.7,STANDING,0.87,-0.297
7,132391.1,STANDING,0.65,-0.502
7,132424.5,STANDING,0.63,-0.522
7,132458.7,STANDING,0.51,-0.429
7,132491.4,STANDING,0.39,-0.368
7,132524.3,STANDING,0.27,-0.387
7,132557.7,STANDING,0.35,-0.469
7,132592.2,STANDING,0.37,-0.708
7,132624.3,STANDING,0.56,-0.530
7,132649.4,STANDING,0.86,-0.889
7,132690.9,STANDING,1.39,-0.741
7,132716.0,STANDING,1.95,-0.986
7,132758.8,STANDING,2.24,-0.959
7,132791.1,STANDING,2.11,-0.880
7,132824.6,STANDING,2.04,-0.608
7,132857.6,STANDING,1.73,-0.488
7,132891.0,STANDING,1.41,-0.241
7,132924.8,STANDING,1.18,-0.339
7,132957.6,STANDING,1.03,-0.404
7,132991.4,STANDING,1.19,-0.644
7,133025.4,STANDING,1.41,-0.733
7,133057.9,STANDING,1.63,-0.463
7,133090.9,STANDING,1.41,-0.452
7,133124.8,STANDING,1.20,-0.779
7,133158.7,STANDING,0.96,-0.682
7,133191.4,STANDING,0.96,-0.625
7,133224.7,STANDING,1.19,-0.356
7,133258.8,STANDING,1.53,-0.378
7,133292.1,STANDING,1.90,-0.307
7,133325.4,STANDING,2.27,-0.378
7,133358.0,STANDING,2.56,-0.415
7,133391.1,STANDING,2.95,-0.461
7,133424.6,STANDING,3.25,-0.455
7,133458.9,STANDING,3.39,-0.426
7,133490.9,STANDING,3.48,-0.442
7,133525.3,STANDING,3.59,-0.396
7,133557.7,STANDING,3.67,-0.336
7,133591.2,STANDING,3.74,-0.299
7,133624.3,STANDING,3.77,-0.318
7,133657.9,STANDING,3.95,-0.285
7,133692.3,STANDING,4.24,-0.261
7,133724.3,STANDING,4.59,-0.253
7,133757.7,STANDING,4.98,-0.273
7,133782.6,STANDING,5.52,-0.376
7,133824.5,STANDING,6.19,-0.344
7,133857.8,STANDING,6.64,-0.368
7,133892.2,STANDING,6.63,-0.324
7,133925.3,STANDING,6.62,-0.316
7,133949.4,STANDING,6.60,-0.227
7,133991.0,STANDING,6.57,-0.205
7,134024.3,STANDING,6.48,-0.186
7,134057.6,STANDING,6.35,-0.207
7,134091.1,STANDING,6.45,-0.219
7,134124.5,STANDING,6.64,-0.151
7,134158.0,STANDING,6.70,-0.121
7,134191.2,STANDING,6.69,-0.206
7,134225.5,STANDING,6.59,-0.151
7,134257.7,STANDING,6.44,-0.215
7,134291.1,STANDING,6.31,-0.213
7,134324.4,STANDING,6.20,-0.207
7,134358.9,STANDING,6.02,-0.156
7,134391.4,STANDING,5.93,-0.219
7,134424.6,STANDING,5.72,-0.202
7,134458.1,STANDING,5.56,-0.273
7,134491.0,STANDING,5.43,-0.234
7,134524.3,STANDING,5.38,-0.195
7,134557.8,STANDING,5.43,-0.180
7,134591.3,STANDING,5.48,-0.188
7,134624.3,STANDING,5.43,-0.203
7,134658.2,STANDING,5.39,-0.196
7,134691.0,STANDING,5.39,-0.191
7,134724.4,STANDING,5.22,-0.190
7,134758.1,STANDING,5.01,-0.153
7,134791.4,STANDING,4.60,-0.134
7,134825.4,STANDING,4.12,-0.127
7,134858.2,STANDING,3.77,-0.101
7,134891.5,STANDING,3.50,-0.106
7,134924.3,STANDING,3.32,-0.118
7,134957.6,STANDING,3.29,-0.123
7,134991.1,STANDING,3.26,-0.094
7,135024.4,STANDING,3.16,-0.069
7,135058.1,STANDING,2.92,-0.084
7,135091.3,STANDING,2.66,-0.073
7,135124.3,STANDING,2.41,-0.053
7,135158.0,STANDING,2.22,-0.079
7,135192.2,STANDING,2.01,-0.075
7,135224.3,STANDING,1.85,-0.106
7,135258.2,STANDING,1.98,-0.072
7,135291.4,STANDING,2.20,-0.050
7,135324.7,STANDING,2.48,-0.054
7,135357.7,STANDING,2.61,-0.039
7,135391.4,STANDING,2.66,-0.039
7,135424.5,STANDING,2.75,-0.041
7,135458.8,STANDING,2.88,-0.060
7,135491.1,STANDING,3.07,-0.074
7,135524.5,STANDING,3.34,-0.056
7,135557.8,STANDING,3.66,-0.040
7,135592.2,STANDING,4.04,-0.023
7,135624.8,STANDING,4.45,-0.006
7,135657.6,STANDING,4.84,-0.009
7,135691.5,STANDING,5.32,-0.013
7,135724.4,STANDING,5.69,-0.018
7,135757.8,STANDING,6.09,-0.009
7,135782.6,STANDING,6.58,-0.003
7,135824.8,STANDING,7.04,0.001
7,135858.7,STANDING,7.30,0.012
7,135891.4,STANDING,7.32,0.019
7,135924.3,STANDING,7.06,0.022
7,135957.7,STANDING,6.54,0.019
7,135991.4,STANDING,5.75,0.007
7,136024.7,STANDING,5.01,0.013
7,136057.6,STANDING,4.29,0.017
7,136091.5,STANDING,3.74,0.049
7,136124.8,STANDING,3.05,0.070
7,136158.6,STANDING,2.47,0.057
7,136191.2,STANDING,1.75,0.025
7,136224.4,STANDING,1.39,-0.011
7,136257.7,STANDING,1.14,-0.035
7,136291.3,STANDING,0.94,-0.052
7,136325.4,STANDING,0.72,-0.036
7,136357.9,STANDING,0.62,-0.020
7,136391.5,STANDING,0.53,-0.012
7,136424.7,STANDING,0.51,-0.006
7,136458.1,STANDING,0.65,-0.002
7,136491.4,STANDING,0.73,-0.004
7,136524.7,STANDING,0.85,-0.008
7,136557.7,STANDING,1.02,-0.007
7,136591.0,STANDING,1.10,-0.003
7,136624.5,STANDING,1.15,0.002
7,136657.9,STANDING,1.20,0.005
7,136691.1,STANDING,1.23,0.005
7,136724.5,STANDING,1.23,0.017
7,136758.7,STANDING,1.38,0.131
7,136792.0,STANDING,1.62,0.210
7,136824.9,STANDING,1.98,0.304
7,136857.7,STANDING,2.33,0.324
7,136891.3,STANDING,2.76,0.313
7,136924.6,STANDING,3.38,0.303
7,136957.7,STANDING,4.02,0.329
7,136991.2,STANDING,4.72,0.294
7,137024.3,STANDING,5.97,0.280
7,137058.1,STANDING,7.10,0.317
7,137091.4,STANDING,8.07,0.194
7,137125.5,STANDING,8.54,0.151
7,137157.8,STANDING,8.74,0.100
7,137191.1,STANDING,8.62,0.096
7,137224.5,STANDING,8.47,0.073
7,137258.1,STANDING,8.09,0.031
7,137291.1,STANDING,7.59,-0.004
7,137324.3,STANDING,7.14,-0.030
7,137358.1,STANDING,6.65,-0.029
7,137391.2,STANDING,6.13,-0.025
7,137425.5,STANDING,5.59,-0.022
7,137458.0,STANDING,4.95,-0.018
7,137491.0,STANDING,4.28,-0.015
7,137524.5,STANDING,3.76,-0.046
7,137557.8,STANDING,3.25,-0.038
7,137592.0,STANDING,2.86,-0.036
7,137624.3,STANDING,2.62,-0.045
7,137657.6,STANDING,2.45,-0.045
7,137691.2,STANDING,2.36,-0.043
7,137724.7,STANDING,2.25,-0.032
7,137759.0,STANDING,2.19,-0.026
7,137792.2,STANDING,2.12,-0.018
7,137825.3,STANDING,2.08,-0.012
7,137857.6,STANDING,2.06,-0.009
7,137891.1,STANDING,2.01,-0.005
7,137924.7,STANDING,1.96,-0.002
7,137957.8,STANDING,1.91,0.003
7,137990.9,STANDING,1.79,0.007
7,138024.6,STANDING,1.65,0.010
7,138058.1,STANDING,1.51,0.013
7,138092.0,STANDING,1.39,0.011
7,138124.4,STANDING,1.30,0.008
7,138158.7,STANDING,1.23,0.008
7,138191.5,STANDING,1.17,0.009
7,138224.5,STANDING,1.13,0.008
7,138257.9,STANDING,1.10,0.009
7,138291.0,STANDING,1.08,0.013
7,138324.8,STANDING,1.08,0.013
7,138349.4,STANDING,1.10,0.020
7,138390.6,STANDING,1.20,0.025
7,138424.8,STANDING,1.35,0.027
7,138458.0,STANDING,1.61,0.028
7,138491.5,STANDING,1.94,0.034
7,138524.4,STANDING,2.35,0.042
7,138559.0,STANDING,2.92,0.048
7,138591.1,STANDING,3.57,0.047
7,138623.7,STANDING,4.10,0.045
7,138658.8,STANDING,4.54,0.029
7,138691.4,STANDING,4.81,0.015
7,138724.7,STANDING,4.99,-0.004
7,138757.7,STANDING,5.16,-0.115
7,138791.4,STANDING,5.29,-0.158
7,138824.5,STANDING,5.33,-0.196
7,138858.1,STANDING,5.23,-0.138
7,138892.0,STANDING,4.99,-0.191
7,138924.3,STANDING,4.72,-0.157
7,138958.2,STANDING,4.35,-0.182
7,138991.4,STANDING,3.91,-0.188
7,139024.3,STANDING,3.14,-0.154
7,139057.6,STANDING,2.38,-0.171
7,139091.0,STANDING,1.52,-0.153
7,139125.7,STANDING,1.40,-0.151
7,139157.7,STANDING,1.94,-0.158
7,139191.1,STANDING,2.64,-0.124
7,139224.5,STANDING,3.23,-0.103
7,139257.6,STANDING,3.54,-0.091
7,139290.4,STANDING,3.64,-0.079
7,139324.3,STANDING,3.65,-0.030
7,139357.7,STANDING,3.51,-0.028
7,139392.1,STANDING,3.50,-0.013
7,139424.5,STANDING,3.34,-0.007
7,139457.7,STANDING,3.21,-0.001
7,139491.4,STANDING,3.00,0.006
7,139524.5,STANDING,2.79,0.009
7,139558.9,STANDING,2.44,0.015
7,139591.0,STANDING,1.91,0.022
7,139624.3,STANDING,1.21,0.033
7,139649.4,STANDING,1.26,0.055
7,139691.1,STANDING,1.64,0.067
7,139724.5,STANDING,1.88,0.088
7,139757.7,STANDING,1.85,0.113
7,139791.0,STANDING,1.50,0.113
7,139824.8,STANDING,1.14,0.123
7,139856.8,STANDING,0.98,0.171
7,139891.1,STANDING,1.16,0.196
7,139924.5,STANDING,1.39,0.190
7,139957.9,STANDING,1.63,0.144
7,139991.2,STANDING,1.82,0.145
7,140025.5,STANDING,2.11,0.129
7,140057.7,STANDING,2.44,0.165
7,140091.1,STANDING,2.75,0.207
7,140124.4,STANDING,3.03,0.220
7,140157.9,STANDING,3.29,0.222
7,140192.0,STANDING,3.46,0.211
7,140224.8,STANDING,3.47,0.137
7,140257.6,STANDING,3.57,0.203
7,140291.1,STANDING,3.72,0.155
7,140324.4,STANDING,3.68,0.244
7,140357.8,STANDING,3.63,0.254
7,140391.3,STANDING,3.55,0.276
7,140424.3,STANDING,3.41,0.258
7,140457.8,STANDING,3.30,0.232
7,140491.2,STANDING,3.25,0.242
7,140525.5,STANDING,3.19,0.228
7,140557.7,STANDING,2.96,0.283
7,140591.0,STANDING,2.63,0.346
7,140624.8,STANDING,2.22,0.338
7,140658.1,STANDING,1.80,0.295
7,140690.1,STANDING,1.41,0.256
7,140724.8,STANDING,1.14,0.187
7,140758.7,STANDING,0.94,0.170
7,140791.0,STANDING,0.79,0.254
7,140824.3,STANDING,0.68,0.286
7,140858.1,STANDING,0.50,0.313
7,140890.9,STANDING,0.42,0.284
7,140924.8,STANDING,0.36,0.273
7,140957.7,STANDING,0.31,0.341
7,140991.3,STANDING,0.35,0.363
7,141024.3,STANDING,0.22,0.418
7,141058.9,STANDING,0.17,0.424
7,141091.0,STANDING,0.13,0.408
7,141124.2,STANDING,0.23,0.392
7,141158.1,STANDING,0.51,0.294
7,141182.7,STANDING,0.85,0.392
7,141224.6,STANDING,1.23,0.362
7,141257.8,STANDING,1.39,0.349
7,141291.1,STANDING,1.55,0.244
7,141324.6,STANDING,1.56,0.144
7,141357.9,STANDING,1.52,0.167
7,141392.1,STANDING,1.32,0.238
7,141424.6,STANDING,1.08,0.331
7,141457.6,STANDING,0.75,0.342
7,141491.9,FALLING,0.50,0.546
7,141524.3,FALLING,0.41,0.707
7,141557.7,FALLING,0.41,0.557
7,141591.2,FALLING,0.37,0.489
7,141624.5,FALLING,0.36,0.443
7,141658.2,FALLING,0.34,0.409
7,141691.0,FALLING,0.39,0.348
7,141724.4,FALLING,0.59,0.464
7,141757.8,FALLING,0.84,0.447
7,141791.1,FALLING,0.89,0.359
7,141824.8,FALLING,1.07,0.375
7,141857.6,FALLING,1.27,0.592
7,141892.3,FALLING,1.30,0.377
7,141924.4,FALLING,1.30,0.220
7,141957.7,FALLING,1.23,0.333
7,141992.2,FALLING,1.01,0.390
7,142025.5,FALLING,0.66,0.462
7,142058.1,FALLING,0.47,0.384
7,142092.1,FALLING,0.48,0.421
7,142124.7,FALLING,0.63,0.457
7,142158.9,FALLING,1.26,0.275
7,142191.0,FALLING,1.74,0.478
7,142224.5,FALLING,2.14,0.491
7,142257.8,FALLING,2.35,0.475
7,142291.2,FALLING,2.41,0.256
7,142324.4,FALLING,2.31,0.248
7,142358.8,FALLING,2.21,0.266
7,142391.2,FALLING,2.07,0.330
7,142424.6,FALLING,1.94,0.460
7,142457.7,FALLING,1.80,0.586
7,142491.2,FALLING,1.77,0.269
7,142525.6,STANDING,1.82,0.440
7,142557.7,STANDING,2.01,0.079
7,142591.2,STANDING,2.20,0.188
7,142624.4,STANDING,2.26,0.211
7,142657.7,STANDING,2.23,0.332
7,142691.0,STANDING,2.21,0.199
7,142724.8,STANDING,2.13,0.330
7,142758.8,STANDING,1.99,0.321
7,142792.1,STANDING,1.86,0.095
7,142824.6,STANDING,1.89,0.137
7,142858.0,STANDING,2.04,0.080
7,142891.0,STANDING,2.07,0.001
7,142924.4,STANDING,2.15,0.083
7,142958.1,STANDING,2.21,0.032
7,142991.1,STANDING,2.09,0.009
7,143024.4,STANDING,2.17,0.011
7,143057.8,STANDING,2.24,-0.003
7,143091.1,STANDING,2.38,-0.233
7,143124.6,STANDING,2.57,-0.102
7,143157.7,STANDING,2.78,-0.132
7,143191.3,STANDING,3.02,-0.082
7,143225.6,STANDING,3.29,-0.015
7,143257.6,STANDING,3.40,-0.009
7,143292.0,STANDING,3.57,0.038
7,143324.4,STANDING,3.66,0.033
7,143357.6,STANDING,3.67,-0.073
7,143391.1,STANDING,3.39,-0.050
7,143424.6,STANDING,3.17,-0.030
8,143457.7,STANDING,2.98,0.098
8,143491.4,STANDING,2.84,0.055
8,143524.7,STANDING,2.76,0.083
8,143558.7,STANDING,2.68,0.087
8,143591.5,STANDING,2.65,0.088
8,143624.8,STANDING,2.65,0.055
8,143658.0,STANDING,2.61,0.050
8,143691.0,STANDING,2.54,-0.381
8,143724.3,STANDING,2.54,-0.091
8,143758.1,STANDING,2.54,-0.045
8,143791.4,STANDING,2.61,-0.014
8,143825.5,STANDING,2.71,0.072
8,143857.7,STANDING,2.76,0.062
8,143891.0,STANDING,2.84,0.039
8,143924.3,STANDING,3.00,0.022
8,143958.0,STANDING,3.16,-0.050
8,143991.2,STANDING,3.28,-0.067
8,144024.4,STANDING,3.32,-0.093
8,144058.8,STANDING,3.35,-0.053
8,144091.0,STANDING,3.31,-0.043
8,144124.6,STANDING,3.19,-0.029
8,144157.7,STANDING,2.80,-0.021
8,144191.5,STANDING,2.31,0.046
8,144224.4,STANDING,1.86,0.023
8,144257.6,STANDING,1.51,-0.054
8,144291.4,STANDING,1.24,-0.288
8,144324.8,STANDING,1.07,-0.555
8,144358.7,STANDING,1.02,-0.699
8,144391.5,STANDING,1.22,-0.799
8,144424.5,STANDING,1.32,-0.826
8,144457.8,STANDING,1.25,-0.759
8,144491.1,STANDING,0.84,-0.613
8,144524.5,STANDING,0.87,-0.803
8,144558.7,STANDING,0.93,-0.721
8,144591.0,STANDING,1.06,-1.280
8,144624.5,STANDING,1.55,-0.767
8,144657.7,STANDING,1.97,-0.801
8,144691.0,STANDING,2.38,-0.397
8,144724.7,STANDING,2.53,-0.426
8,144757.9,STANDING,2.69,-0.497
8,144791.2,STANDING,3.09,-0.536
8,144824.3,STANDING,3.07,-0.444
8,144857.7,STANDING,2.81,-0.554
8,144891.1,STANDING,2.70,-0.621
8,144924.3,STANDING,2.65,-0.601
8,144958.0,STANDING,2.40,-0.574
8,144990.9,STANDING,2.03,-0.634
8,145024.8,STANDING,1.49,-0.409
8,145057.7,STANDING,1.04,-0.237
8,145091.3,STANDING,0.65,-0.171
8,145124.5,STANDING,0.43,-0.032
8,145157.7,STANDING,0.29,-0.058
8,145191.0,STANDING,0.24,-0.121
8,145224.6,STANDING,0.18,-0.227
8,145257.9,STANDING,0.18,-0.290
8,145292.0,STANDING,0.33,-0.360
8,145324.3,STANDING,0.62,-0.439
8,145358.1,STANDING,1.17,-0.600
8,145392.2,STANDING,1.81,-0.598
8,145424.5,STANDING,2.47,-0.592
8,145458.1,STANDING,2.86,-0.535
8,145491.0,STANDING,3.21,-0.460
8,145524.8,STANDING,3.45,-0.442
8,145558.4,STANDING,3.63,-0.389
8,145591.0,STANDING,3.73,-0.321
8,145624.3,STANDING,3.84,-0.293
8,145658.1,STANDING,3.92,-0.259
8,145691.0,STANDING,4.03,-0.226
8,145724.3,STANDING,4.15,-0.217
8,145757.7,STANDING,4.33,-0.201
8,145791.4,STANDING,4.57,-0.186
8,145825.4,STANDING,4.75,-0.205
8,145858.1,STANDING,4.83,-0.210
8,145891.4,STANDING,4.87,-0.239
8,145924.7,STANDING,4.90,-0.268
8,145957.8,STANDING,4.85,-0.255
8,145991.2,STANDING,4.83,-0.281
8,146024.4,STANDING,4.75,-0.300
8,146057.6,STANDING,4.64,-0.261
8,146092.1,STANDING,4.46,-0.247
8,146125.4,STANDING,4.29,-0.229
8,146158.1,STANDING,4.13,-0.222
8,146192.3,STANDING,3.78,-0.223
8,146224.4,STANDING,3.47,-0.215
8,146257.8,STANDING,3.16,-0.185
8,146291.3,STANDING,2.85,-0.170
8,146324.7,STANDING,2.44,-0.194
8,146358.0,STANDING,2.02,-0.209
8,146391.4,STANDING,1.57,-0.190
8,146424.4,STANDING,1.13,-0.183
8,146457.7,STANDING,0.78,-0.181
8,146491.0,STANDING,0.61,-0.164
8,146524.8,STANDING,0.71,-0.142
8,146557.9,STANDING,0.93,-0.119
8,146592.1,STANDING,1.25,-0.096
8,146624.4,STANDING,1.67,-0.085
8,146657.6,STANDING,1.94,-0.121
8,146691.0,STANDING,1.99,-0.133
8,146724.4,STANDING,1.86,-0.143
8,146758.8,STANDING,1.63,-0.158
8,146791.5,STANDING,1.39,-0.149
8,146824.3,STANDING,1.23,-0.129
8,146857.7,STANDING,1.22,-0.102
8,146891.3,STANDING,1.24,-0.095
8,146924.6,STANDING,1.22,-0.083
8,146957.6,STANDING,1.28,-0.071
8,146991.1,STANDING,1.31,-0.062
8,147024.4,STANDING,1.39,-0.060
8,147057.7,STANDING,1.49,-0.043
8,147091.3,STANDING,1.60,-0.031
8,147124.3,STANDING,1.69,-0.031
8,147157.8,STANDING,1.67,-0.008
8,147191.1,STANDING,1.78,-0.002
8,147224.7,STANDING,1.87,0.003
8,147257.7,STANDING,2.10,0.006
8,147291.1,STANDING,2.35,0.007
8,147324.5,STANDING,2.61,-0.006
8,147357.8,STANDING,2.90,-0.033
8,147392.2,STANDING,3.11,-0.063
8,147424.4,STANDING,3.32,-0.073
8,147457.8,STANDING,3.45,-0.053
8,147491.5,STANDING,3.49,-0.043
8,147524.4,STANDING,3.41,-0.025
8,147558.3,STANDING,3.21,-0.011
8,147591.1,STANDING,2.97,-0.006
8,147624.3,STANDING,2.53,-0.003
8,147657.8,STANDING,2.16,-0.006
8,147692.1,STANDING,2.01,-0.006
8,147724.6,STANDING,2.05,-0.004
8,147757.7,STANDING,2.17,-0.001
8,147791.3,STANDING,2.33,0.015
8,147824.3,STANDING,2.32,0.020
8,147858.0,STANDING,2.24,0.016
8,147891.0,STANDING,2.08,0.029
8,147924.6,STANDING,1.94,0.031
8,147957.9,STANDING,1.79,0.042
8,147991.0,STANDING,1.66,0.080
8,148024.3,STANDING,1.56,0.103
8,148057.7,STANDING,1.40,0.153
8,148091.4,STANDING,1.09,0.214
8,148124.4,STANDING,0.96,0.210
8,148158.1,STANDING,1.23,0.244
8,148191.5,STANDING,1.75,0.225
8,148224.8,STANDING,2.27,0.227
8,148258.1,STANDING,2.68,0.222
8,148291.0,STANDING,3.13,0.201
8,148324.5,STANDING,3.55,0.206
8,148358.9,STANDING,3.89,0.225
8,148391.4,STANDING,4.09,0.178
8,148424.6,STANDING,4.04,0.186
8,148458.0,STANDING,3.80,0.142
8,148491.0,STANDING,3.55,0.098
8,148524.4,STANDING,3.33,0.002
8,148558.1,STANDING,3.14,-0.013
8,148591.2,STANDING,3.13,-0.031
8,148624.4,STANDING,3.17,-0.022
8,148657.9,STANDING,3.03,-0.021
8,148691.0,STANDING,2.73,-0.004
8,148724.5,STANDING,2.40,-0.001
8,148757.9,STANDING,2.10,-0.003
8,148791.2,STANDING,1.76,-0.003
8,148824.7,STANDING,1.39,-0.004
8,148857.8,STANDING,1.08,-0.004
8,148891.3,STANDING,0.81,-0.002
8,148924.6,STANDING,0.62,-0.008
8,148957.7,STANDING,0.47,-0.005
8,148991.1,STANDING,0.36,-0.008
8,149024.3,STANDING,0.27,-0.002
8,149057.7,STANDING,0.20,0.009
8,149091.5,STANDING,0.14,0.017
8,149124.3,STANDING,0.09,0.020
8,149157.6,STANDING,0.06,0.017
8,149191.0,STANDING,0.06,0.026
8,149224.6,STANDING,0.12,0.033
8,149257.7,STANDING,0.21,0.033
8,149291.0,STANDING,0.30,0.025
8,149324.6,STANDING,0.39,0.028
8,149357.6,STANDING,0.56,0.048
8,149391.0,STANDING,0.73,0.052
8,149424.4,STANDING,0.90,0.048
8,149458.0,STANDING,0.99,0.040
8,149491.3,STANDING,1.13,0.032
8,149524.7,STANDING,1.19,0.021
8,149558.4,STANDING,1.23,0.016
8,149591.5,STANDING,1.26,-0.009
8,149624.7,STANDING,1.21,-0.029
8,149657.7,STANDING,1.14,-0.042
8,149691.0,STANDING,1.20,-0.051
8,149724.7,STANDING,1.39,-0.122
8,149758.0,STANDING,1.79,-0.111
8,149791.5,STANDING,2.32,-0.121
8,149824.5,STANDING,2.87,-0.147
8,149858.0,STANDING,3.10,-0.112
8,149891.0,STANDING,3.24,-0.104
8,149924.4,STANDING,3.29,-0.134
8,149957.8,STANDING,3.08,-0.142
8,149991.3,STANDING,2.33,-0.169
8,150024.5,STANDING,1.62,-0.185
8,150057.9,STANDING,1.86,-0.232
8,150091.3,STANDING,2.43,-0.181
8,150124.4,STANDING,3.07,-0.149
8,150157.9,STANDING,3.81,-0.119
8,150191.2,STANDING,4.62,-0.114
8,150224.3,STANDING,5.03,-0.099
8,150258.0,STANDING,5.34,-0.104
8,150291.0,STANDING,5.51,-0.116
8,150324.7,STANDING,5.48,-0.108
8,150357.7,STANDING,5.23,-0.092
8,150391.5,STANDING,4.87,-0.086
8,150424.7,STANDING,4.48,-0.042
8,150457.7,STANDING,4.23,-0.023
8,150491.3,STANDING,3.97,0.007
8,150524.8,STANDING,3.71,0.017
8,150558.7,STANDING,3.49,0.019
8,150591.1,STANDING,3.30,0.043
8,150624.3,STANDING,3.09,0.065
8,150657.7,STANDING,2.80,0.123
8,150691.5,STANDING,2.48,0.125
8,150724.3,STANDING,2.15,0.128
8,150757.6,STANDING,1.75,0.128
8,150791.3,STANDING,1.39,0.127
8,150824.7,STANDING,0.89,0.127
8,150857.7,STANDING,0.61,0.165
8,150891.3,STANDING,0.64,0.181
8,150924.3,STANDING,0.49,0.146
8,150957.7,STANDING,0.47,0.149
8,150991.1,STANDING,0.54,0.132
8,151024.5,STANDING,0.63,0.126
8,151057.8,STANDING,0.78,0.148
8,151092.1,STANDING,0.94,0.144
8,151124.5,STANDING,1.19,0.118
8,151157.8,STANDING,1.41,0.151
8,151191.2,STANDING,1.71,0.178
8,151224.5,STANDING,2.00,0.204
8,151258.1,STANDING,2.15,0.234
8,151291.0,STANDING,2.31,0.223
8,151324.5,STANDING,2.47,0.205
8,151358.0,STANDING,2.46,0.221
8,151391.0,STANDING,2.33,0.179
8,151424.7,STANDING,2.15,0.268
8,151457.6,STANDING,2.04,0.269
8,151491.3,STANDING,1.97,0.281
8,151524.4,STANDING,2.03,0.268
8,151557.9,STANDING,2.13,0.276
8,151591.1,STANDING,2.20,0.295
8,151624.7,STANDING,2.25,0.272
8,151657.8,STANDING,2.22,0.291
8,151691.3,STANDING,2.25,0.314
8,151724.8,STANDING,2.26,0.337
8,151758.2,STANDING,2.28,0.353
8,151791.5,STANDING,2.20,0.395
8,151824.5,STANDING,1.97,0.446
8,151857.9,STANDING,1.67,0.407
8,151891.2,STANDING,1.59,0.336
8,151924.5,STANDING,1.53,0.297
8,151957.8,STANDING,1.49,0.288
8,151991.5,STANDING,1.44,0.305
8,152024.7,STANDING,1.40,0.282
8,152058.0,STANDING,1.44,0.274
8,152091.0,STANDING,1.44,0.287
8,152124.5,STANDING,1.34,0.346
8,152157.7,STANDING,1.15,0.409
8,152191.2,FALLING,0.78,0.466
8,152224.6,FALLING,0.50,0.453
8,152258.0,FALLING,0.39,0.485
8,152291.2,FALLING,0.47,0.476
8,152324.7,FALLING,0.83,0.249
8,152357.8,FALLING,0.90,0.177
8,152391.2,FALLING,0.94,0.338
8,152424.6,FALLING,1.23,0.429
8,152458.0,FALLING,1.33,0.531
8,152491.4,FALLING,1.46,0.509
8,152524.7,FALLING,1.47,0.465
8,152558.4,FALLING,1.32,0.399
8,152591.0,FALLING,1.18,0.453
8,152624.4,FALLING,0.92,0.360
8,152657.7,FALLING,0.65,0.349
8,152691.2,FALLING,0.69,0.316
8,152724.5,FALLING,0.94,0.391
8,152757.8,FALLING,1.19,0.461
8,152792.1,FALLING,1.30,0.507
8,152824.7,FALLING,1.32,0.415
8,152857.7,FALLING,1.48,0.632
8,152891.0,FALLING,1.57,0.619
8,152924.5,FALLING,1.46,0.632
8,152957.6,FALLING,1.14,0.583
8,152991.0,FALLING,0.82,0.515
8,153024.4,FALLING,0.79,0.573
8,153057.6,FALLING,0.76,0.764
8,153091.4,FALLING,0.65,0.536
8,153124.8,FALLING,0.43,0.546
8,153158.2,FALLING,0.58,0.634
8,153191.3,STANDING,0.99,0.873
8,153224.3,FALLING,1.35,0.570
8,153257.7,FALLING,1.92,0.621
8,153291.3,FALLING,2.28,0.642
8,153324.3,FALLING,2.57,0.419
8,153358.1,FALLING,2.79,0.262
8,153391.5,FALLING,2.89,0.275
8,153424.8,FALLING,3.02,0.114
8,153457.7,FALLING,3.12,0.099
8,153491.4,FALLING,3.17,0.073
8,153524.7,FALLING,3.17,0.043
8,153557.7,FALLING,3.21,-0.030
8,153591.1,FALLING,3.17,-0.008
9,153625.4,FALLING,3.10,0.084
9,153657.7,FALLING,3.07,0.081
9,153691.0,FALLING,3.03,0.035
9,153724.5,FALLING,3.06,0.015
9,153758.0,FALLING,3.05,0.010
9,153791.0,FALLING,3.06,-0.001
9,153824.6,FALLING,3.06,-0.005
9,153858.1,FALLING,3.07,-0.006
9,153891.5,FALLING,3.13,-0.007
9,153924.6,FALLING,3.26,-0.075
9,153957.7,FALLING,3.48,-0.040
9,153991.3,FALLING,3.63,0.020
9,154024.6,FALLING,3.69,0.040
9,154058.1,FALLING,3.46,-0.165
9,154091.4,FALLING,3.33,-0.107
9,154124.8,FALLING,3.37,0.024
9,154157.9,FALLING,3.33,0.049
9,154190.5,FALLING,3.30,0.028
9,154223.9,FALLING,3.28,-0.020
9,154258.0,STANDING,3.10,0.013
9,154292.1,STANDING,2.84,0.031
9,154324.3,STANDING,2.58,0.059
9,154357.7,STANDING,2.41,0.096
9,154391.1,STANDING,2.30,0.358
9,154424.8,STANDING,2.21,0.162
9,154457.8,STANDING,2.18,0.089
9,154491.2,STANDING,2.15,-0.110
9,154524.6,STANDING,2.03,-0.138
9,154557.7,STANDING,1.99,-0.126
9,154591.5,STANDING,2.09,-0.313
9,154624.8,STANDING,2.48,-1.073
9,154657.6,STANDING,2.81,-0.970
9,154691.1,STANDING,2.89,-0.772
9,154724.8,STANDING,2.70,-0.945
9,154757.9,STANDING,1.97,-0.852
9,154791.0,STANDING,1.23,-0.746
9,154824.3,STANDING,1.19,-0.743
9,154849.3,STANDING,1.53,-0.927
9,154891.1,STANDING,1.94,-0.863
9,154924.8,STANDING,2.47,-0.734
9,154957.8,STANDING,3.03,-0.671
9,154992.1,STANDING,3.47,-0.378
9,155024.5,STANDING,3.47,-0.363
9,155057.8,STANDING,3.20,-0.298
9,155091.2,STANDING,2.98,-0.390
9,155124.7,STANDING,2.76,-0.292
9,155157.9,STANDING,2.45,-0.348
9,155191.3,STANDING,2.09,-0.406
9,155224.8,STANDING,1.73,-0.524
9,155258.1,STANDING,1.30,-0.449
9,155290.5,STANDING,0.83,-0.330
9,155324.7,STANDING,0.69,-0.225
9,155357.8,STANDING,0.55,-0.346
9,155390.1,STANDING,0.50,-0.420
9,155424.8,STANDING,0.63,-0.420
9,155458.1,STANDING,0.68,-0.436
9,155491.5,STANDING,0.82,-0.422
9,155525.5,STANDING,0.94,-0.410
9,155557.7,STANDING,0.90,-0.444
9,155591.5,STANDING,0.66,-0.526
9,155624.7,STANDING,0.58,-0.599
9,155657.7,STANDING,0.86,-0.691
9,155691.0,STANDING,1.40,-0.702
9,155723.4,STANDING,2.12,-0.670
9,155758.9,STANDING,2.65,-0.596
9,155791.5,STANDING,2.91,-0.493
9,155825.6,STANDING,3.16,-0.458
9,155857.6,STANDING,3.42,-0.383
9,155891.2,STANDING,3.57,-0.356
9,155924.4,STANDING,3.81,-0.342
9,155957.8,STANDING,4.18,-0.305
9,155990.6,STANDING,4.58,-0.243
9,156024.5,STANDING,4.96,-0.181
9,156058.1,STANDING,5.35,-0.139
9,156091.3,STANDING,5.80,-0.151
9,156124.6,STANDING,6.21,-0.157
9,156157.6,STANDING,6.53,-0.165
9,156191.3,STANDING,6.81,-0.164
9,156224.5,STANDING,7.06,-0.233
9,156257.9,STANDING,7.03,-0.310
9,156292.1,STANDING,6.67,-0.370
9,156324.6,STANDING,6.35,-0.376
9,156357.7,STANDING,6.08,-0.298
9,156392.3,STANDING,5.62,-0.261
9,156424.6,STANDING,5.38,-0.189
9,156458.1,STANDING,5.15,-0.164
9,156490.1,STANDING,5.00,-0.190
9,156524.5,STANDING,4.85,-0.212
9,156558.9,STANDING,4.79,-0.221
9,156591.5,STANDING,4.65,-0.206
9,156625.7,STANDING,4.45,-0.182
9,156657.7,STANDING,4.11,-0.186
9,156691.0,STANDING,3.70,-0.181
9,156724.8,STANDING,3.25,-0.180
9,156759.0,STANDING,3.05,-0.167
9,156791.0,STANDING,2.87,-0.150
9,156824.5,STANDING,2.64,-0.123
9,156857.9,STANDING,2.32,-0.110
9,156892.3,STANDING,2.04,-0.101
9,156924.5,STANDING,1.73,-0.109
9,156957.6,STANDING,1.52,-0.112
9,156991.5,STANDING,1.35,-0.140
9,157024.8,STANDING,1.18,-0.165
9,157057.7,STANDING,0.99,-0.166
9,157091.1,STANDING,0.62,-0.147
9,157124.7,STANDING,0.44,-0.148
9,157158.8,STANDING,0.34,-0.103
9,157191.3,STANDING,0.35,-0.069
9,157224.5,STANDING,0.46,-0.078
9,157258.0,STANDING,0.57,-0.087
9,157291.2,STANDING,0.61,-0.081
9,157324.5,STANDING,0.62,-0.072
9,157357.8,STANDING,0.60,-0.067
9,157391.1,STANDING,0.61,-0.055
9,157425.4,STANDING,0.60,-0.045
9,157457.7,STANDING,0.56,-0.042
9,157491.1,STANDING,0.42,-0.049
9,157524.4,STANDING,0.26,-0.061
9,157557.9,STANDING,0.25,-0.064
9,157592.2,STANDING,0.39,-0.066
9,157625.6,STANDING,0.69,-0.053
9,157658.0,STANDING,0.97,-0.040
9,157691.1,STANDING,1.29,-0.028
9,157724.7,STANDING,1.71,-0.018
9,157757.9,STANDING,1.92,-0.012
9,157791.2,STANDING,2.09,-0.007
9,157824.5,STANDING,2.36,-0.009
9,157857.8,STANDING,2.67,-0.025
9,157891.6,STANDING,2.92,-0.047
9,157924.4,STANDING,3.14,-0.062
9,157958.0,STANDING,3.34,-0.068
9,157991.9,STANDING,3.44,-0.045
9,158025.0,STANDING,3.47,-0.040
9,158058.1,STANDING,3.44,-0.019
9,158091.0,STANDING,3.38,-0.013
9,158125.5,STANDING,3.13,-0.005
9,158158.9,STANDING,2.83,-0.001
9,158191.4,STANDING,2.49,-0.016
9,158224.4,STANDING,2.26,-0.009
9,158258.0,STANDING,1.98,-0.010
9,158291.5,STANDING,1.80,-0.002
9,158324.4,STANDING,1.44,0.006
9,158358.0,STANDING,1.26,0.026
9,158391.3,STANDING,1.11,0.087
9,158424.5,STANDING,1.07,0.209
9,158457.8,STANDING,1.25,0.369
9,158491.4,STANDING,1.50,0.403
9,158524.4,STANDING,1.83,0.336
9,158558.1,STANDING,1.96,0.337
9,158591.4,STANDING,1.89,0.268
9,158624.7,STANDING,1.71,0.237
9,158657.7,STANDING,1.56,0.235
9,158691.3,STANDING,1.45,0.192
9,158724.8,STANDING,1.26,0.179
9,158757.8,STANDING,0.91,0.146
9,158791.2,STANDING,0.64,0.109
9,158824.8,STANDING,0.58,0.076
9,158858.2,STANDING,0.78,0.043
9,158891.5,STANDING,1.00,-0.001
9,158924.8,STANDING,1.42,-0.018
9,158957.7,STANDING,1.85,-0.021
9,158991.5,STANDING,2.07,-0.014
9,159024.8,STANDING,2.23,0.001
9,159057.7,STANDING,2.33,0.001
9,159091.1,STANDING,2.35,-0.002
9,159124.5,STANDING,2.37,-0.005
9,159157.8,STANDING,2.38,-0.004
9,159191.3,STANDING,2.41,-0.004
9,159224.7,STANDING,2.41,-0.003
9,159257.7,STANDING,2.41,-0.003
9,159291.1,STANDING,2.40,-0.003
9,159324.5,STANDING,2.40,-0.002
9,159357.8,STANDING,2.43,-0.002
9,159391.3,STANDING,2.43,-0.001
9,159424.6,STANDING,2.38,0.000
9,159458.1,STANDING,2.36,0.012
9,159491.4,STANDING,2.32,0.011
9,159524.5,STANDING,2.22,0.019
9,159558.1,STANDING,2.07,0.015
9,159591.5,STANDING,1.90,0.020
9,159625.4,STANDING,1.70,0.027
9,159658.0,STANDING,1.50,0.032
9,159691.3,STANDING,1.25,0.065
9,159724.4,STANDING,1.06,0.060
9,159757.6,STANDING,0.95,0.054
9,159791.4,STANDING,0.81,0.054
9,159824.8,STANDING,0.71,0.030
9,159857.6,STANDING,0.57,0.011
9,159891.0,STANDING,0.44,0.003
9,159924.5,STANDING,0.43,-0.015
9,159957.8,STANDING,0.70,-0.067
9,159991.7,STANDING,1.09,-0.119
9,160024.5,STANDING,1.53,-0.117
9,160057.9,STANDING,2.09,-0.154
9,160091.2,STANDING,2.65,-0.193
9,160124.4,STANDING,3.41,-0.204
9,160157.6,STANDING,3.68,-0.168
9,160191.5,STANDING,3.98,-0.153
9,160224.8,STANDING,4.34,-0.156
9,160258.1,STANDING,4.46,-0.181
9,160291.4,STANDING,4.39,-0.178
9,160324.3,STANDING,4.26,-0.282
9,160357.8,STANDING,3.99,-0.258
9,160391.0,STANDING,3.64,-0.084
9,160424.4,STANDING,3.39,0.017
9,160457.9,STANDING,3.09,0.046
9,160491.4,STANDING,2.79,0.045
9,160524.4,STANDING,2.27,0.150
9,160557.8,STANDING,1.51,0.146
9,160591.0,STANDING,1.19,0.150
9,160624.4,STANDING,1.26,0.193
9,160657.7,STANDING,1.47,0.179
9,160691.3,STANDING,1.84,0.182
9,160724.8,STANDING,2.30,0.199
9,160757.7,STANDING,2.61,0.210
9,160791.5,STANDING,2.72,0.236
9,160824.8,STANDING,2.78,0.152
9,160857.7,STANDING,2.75,0.143
9,160891.5,STANDING,2.77,0.081
9,160924.4,STANDING,2.72,0.086
9,160957.7,STANDING,2.71,0.128
9,160991.0,STANDING,2.75,0.166
9,161024.6,STANDING,2.78,0.212
9,161057.8,STANDING,2.73,0.252
9,161091.2,STANDING,2.69,0.235
9,161124.8,STANDING,2.56,0.246
9,161157.7,STANDING,2.34,0.179
9,161191.0,STANDING,2.14,0.200
9,161224.5,STANDING,1.88,0.257
9,161257.9,STANDING,1.54,0.317
9,161291.3,STANDING,1.19,0.328
9,161324.3,STANDING,0.86,0.355
9,161357.7,STANDING,0.64,0.339
9,161391.2,STANDING,0.54,0.321
9,161425.6,STANDING,0.34,0.372
9,161457.9,STANDING,0.23,0.387
9,161491.3,STANDING,0.25,0.341
9,161524.7,STANDING,0.27,0.395
9,161557.7,STANDING,0.27,0.341
9,161591.3,STANDING,0.30,0.328
9,161624.8,STANDING,0.29,0.341
9,161658.2,STANDING,0.29,0.384
9,161691.3,STANDING,0.29,0.372
9,161724.3,STANDING,0.27,0.424
9,161757.7,STANDING,0.24,0.423
9,161791.0,FALLING,0.19,0.461
9,161824.7,FALLING,0.17,0.432
9,161857.7,FALLING,0.27,0.529
9,161891.2,FALLING,0.32,0.497
9,161924.5,FALLING,0.19,0.588
9,161957.8,FALLING,0.31,0.272
9,161991.4,FALLING,0.32,0.309
9,162024.6,FALLING,0.31,0.384
9,162057.8,FALLING,0.88,0.420
9,162091.2,FALLING,1.29,0.489
9,162124.5,FALLING,1.48,0.515
9,162158.1,FALLING,1.31,0.469
9,162191.4,FALLING,1.01,0.378
9,162224.4,FALLING,0.72,0.332
9,162258.2,FALLING,0.48,0.479
9,162291.2,FALLING,0.38,0.266
9,162324.6,FALLING,0.43,0.335
9,162357.8,FALLING,0.65,0.362
9,162391.2,FALLING,0.80,0.286
9,162424.5,FALLING,0.81,0.056
9,162457.7,FALLING,0.83,0.371
9,162491.0,FALLING,1.05,0.292
9,162524.4,FALLING,1.29,0.433
9,162558.1,FALLING,1.38,0.471
9,162591.3,FALLING,1.40,0.379
9,162624.5,FALLING,1.47,0.359
9,162657.8,FALLING,1.42,0.499
9,162691.1,FALLING,1.15,0.602
9,162724.8,FALLING,0.71,0.531
9,162757.7,FALLING,0.52,0.511
9,162791.0,FALLING,0.53,0.460
9,162824.4,STANDING,0.47,0.408
9,162857.7,FALLING,0.41,0.502
9,162891.2,FALLING,0.38,0.619
9,162924.5,FALLING,0.49,0.522
9,162957.9,FALLING,0.75,0.531
9,162991.3,FALLING,1.04,0.427
9,163024.4,FALLING,1.33,0.327
9,163057.8,FALLING,1.51,0.404
9,163091.2,FALLING,1.67,0.288
9,163124.8,FALLING,1.74,0.317
9,163158.1,FALLING,1.79,0.386
9,163191.1,FALLING,1.71,0.276
9,163224.8,FALLING,1.71,0.173
9,163258.1,FALLING,1.74,0.178
9,163291.5,FALLING,1.72,0.088
9,163324.4,FALLING,1.66,0.078
9,163357.8,FALLING,1.59,0.115
9,163391.1,FALLING,1.45,0.034
9,163424.5,FALLING,1.38,0.192
9,163457.7,FALLING,1.44,0.199
9,163491.3,FALLING,1.82,0.274
9,163524.4,FALLING,2.11,0.120
9,163558.1,FALLING,2.34,0.029
9,163591.4,FALLING,2.40,0.047
9,163624.3,FALLING,2.39,0.066
9,163658.1,FALLING,2.37,0.038
9,163691.4,FALLING,2.39,0.011
9,163724.8,FALLING,2.32,0.044
10,163758.1,FALLING,2.14,0.021
10,163791.4,FALLING,2.02,0.073
10,163824.8,FALLING,2.10,0.060
10,163857.7,FALLING,2.13,0.031
10,163891.1,STANDING,2.05,0.018
10,163924.8,STANDING,1.95,0.010
10,163957.7,STANDING,1.90,0.003
10,163991.4,STANDING,1.89,-0.004
10,164024.3,STANDING,1.97,0.006
10,164057.8,STANDING,2.17,-0.174
10,164091.5,STANDING,1.92,-0.122
10,164124.4,STANDING,1.77,0.058
10,164158.0,STANDING,1.68,-0.007
10,164191.5,STANDING,1.68,-0.016
10,164224.8,STANDING,1.67,-0.096
10,164258.2,STANDING,1.62,-0.216
10,164291.0,STANDING,1.56,-0.210
10,164316.1,STANDING,1.53,-0.401
10,164358.0,STANDING,1.47,-0.309
10,164391.1,STANDING,1.35,-0.261
10,164424.7,STANDING,1.15,-0.149
10,164457.9,STANDING,1.03,-0.067
10,164491.5,STANDING,0.80,-0.349
10,164524.8,STANDING,0.55,-0.226
10,164558.2,STANDING,0.37,-0.203
10,164591.4,STANDING,0.24,-0.114
10,164624.7,STANDING,0.20,-0.111
10,164657.7,STANDING,0.21,-0.253
10,164691.1,STANDING,0.25,-0.357
10,164724.6,STANDING,0.26,-0.159
10,164757.7,STANDING,0.25,-0.159
10,164791.3,STANDING,0.30,-0.193
10,164824.4,STANDING,0.28,-0.454
10,164857.7,STANDING,0.19,-0.517
10,164891.2,STANDING,0.58,-1.028
10,164924.4,STANDING,0.72,-0.551
10,164958.8,STANDING,1.29,-0.496
10,164991.1,STANDING,1.60,-0.393
10,165024.7,STANDING,2.01,-0.191
10,165058.0,STANDING,2.42,-0.292
10,165091.1,STANDING,2.79,-0.385
10,165124.7,STANDING,3.02,-0.353
10,165157.7,STANDING,3.33,-0.285
10,165192.2,STANDING,3.33,-0.479
10,165224.4,STANDING,3.43,-0.358
10,165257.9,STANDING,3.54,-0.292
10,165291.3,STANDING,3.51,-0.461
10,165324.5,STANDING,3.45,-0.299
10,165357.8,STANDING,3.36,-0.181
10,165391.3,STANDING,3.23,-0.080
10,165424.7,STANDING,3.05,-0.128
10,165457.9,STANDING,2.91,-0.116
10,165491.2,STANDING,2.81,-0.024
10,165524.6,STANDING,2.76,-0.121
10,165558.1,STANDING,2.77,-0.101
10,165592.0,STANDING,2.54,-0.104
10,165624.4,STANDING,2.73,-0.021
10,165657.9,STANDING,2.67,-0.164
10,165691.1,STANDING,2.65,-0.191
10,165724.4,STANDING,2.44,-0.201
10,165757.7,STANDING,2.18,-0.241
10,165791.3,STANDING,1.71,-0.255
10,165824.4,STANDING,1.17,-0.154
10,165857.7,STANDING,0.70,-0.138
10,165891.0,STANDING,0.43,-0.167
10,165924.6,STANDING,0.40,-0.184
10,165957.9,STANDING,0.34,-0.410
10,165991.3,STANDING,0.64,-0.532
10,166024.4,STANDING,0.99,-0.563
10,166058.0,STANDING,1.08,-0.573
10,166091.1,STANDING,0.85,-0.514
10,166124.4,STANDING,0.55,-0.454
10,166157.7,STANDING,0.36,-0.422
10,166191.5,STANDING,0.25,-0.402
10,166224.8,STANDING,0.16,-0.399
10,166257.8,STANDING,0.17,-0.380
10,166291.3,STANDING,0.16,-0.346
10,166324.5,STANDING,0.20,-0.312
10,166357.9,STANDING,0.28,-0.241
10,166391.1,STANDING,0.43,-0.245
10,166424.3,STANDING,0.74,-0.253
10,166457.9,STANDING,1.18,-0.259
10,166491.3,STANDING,1.68,-0.326
10,166524.5,STANDING,2.16,-0.371
10,166557.8,STANDING,2.54,-0.389
10,166591.5,STANDING,2.89,-0.398
10,166624.5,STANDING,3.29,-0.384
10,166657.9,STANDING,3.79,-0.371
10,166691.2,STANDING,4.23,-0.369
10,166724.7,STANDING,4.44,-0.377
10,166757.8,STANDING,4.42,-0.396
10,166791.0,STANDING,4.18,-0.433
10,166824.7,STANDING,3.78,-0.395
10,166858.2,STANDING,3.34,-0.347
10,166891.4,STANDING,3.12,-0.315
10,166924.4,STANDING,2.97,-0.290
10,166958.1,STANDING,2.93,-0.269
10,166991.5,STANDING,2.92,-0.236
10,167024.4,STANDING,2.93,-0.268
10,167057.7,STANDING,2.91,-0.248
10,167091.3,STANDING,2.73,-0.203
10,167124.4,STANDING,2.49,-0.197
10,167158.9,STANDING,2.20,-0.194
10,167191.3,STANDING,1.98,-0.181
10,167224.5,STANDING,1.78,-0.160
10,167257.7,STANDING,1.65,-0.170
10,167291.4,STANDING,1.51,-0.181
10,167324.4,STANDING,1.45,-0.199
10,167357.9,STANDING,1.39,-0.163
10,167391.1,STANDING,1.44,-0.158
10,167424.6,STANDING,1.40,-0.143
10,167457.9,STANDING,1.36,-0.145
10,167491.2,STANDING,1.24,-0.154
10,167524.4,STANDING,1.12,-0.141
10,167558.0,STANDING,1.01,-0.102
10,167591.3,STANDING,0.84,-0.071
10,167624.4,STANDING,0.64,-0.081
10,167657.9,STANDING,0.47,-0.100
10,167691.4,STANDING,0.29,-0.108
10,167724.5,STANDING,0.27,-0.081
10,167757.7,STANDING,0.37,-0.072
10,167791.2,STANDING,0.42,-0.072
10,167824.4,STANDING,0.49,-0.090
10,167857.9,STANDING,0.62,-0.102
10,167891.2,STANDING,0.75,-0.076
10,167924.6,STANDING,0.78,-0.073
10,167957.9,STANDING,0.80,-0.080
10,167991.2,STANDING,0.82,-0.087
10,168024.6,STANDING,0.91,-0.083
10,168058.0,STANDING,1.10,-0.053
10,168091.4,STANDING,1.31,-0.013
10,168124.7,STANDING,1.51,-0.002
10,168157.7,STANDING,1.68,0.003
10,168191.3,STANDING,1.80,0.005
10,168224.8,STANDING,1.89,-0.019
10,168257.7,STANDING,2.12,-0.063
10,168291.2,STANDING,2.55,-0.060
10,168324.4,STANDING,3.12,-0.040
10,168357.8,STANDING,3.62,-0.026
10,168391.2,STANDING,4.03,-0.012
10,168424.8,STANDING,4.25,-0.001
10,168458.2,STANDING,4.49,0.008
10,168491.5,STANDING,4.57,0.029
10,168524.8,STANDING,4.65,0.116
10,168558.0,STANDING,4.66,0.261
10,168591.2,STANDING,4.63,0.305
10,168624.3,STANDING,4.55,0.364
10,168657.9,STANDING,4.39,0.344
10,168691.0,STANDING,4.25,0.325
10,168724.7,STANDING,4.15,0.323
10,168758.0,STANDING,4.04,0.267
10,168791.1,STANDING,3.91,0.248
10,168824.7,STANDING,3.79,0.180
10,168857.7,STANDING,3.66,0.104
10,168891.4,STANDING,3.56,0.058
10,168924.7,STANDING,3.65,0.018
10,168957.7,STANDING,3.65,-0.001
10,168991.2,STANDING,3.73,-0.021
10,169024.4,STANDING,3.78,-0.025
10,169058.0,STANDING,3.79,-0.021
10,169091.2,STANDING,3.77,-0.018
10,169124.7,STANDING,3.78,-0.014
10,169158.0,STANDING,3.78,-0.019
10,169191.3,STANDING,3.82,-0.013
10,169224.5,STANDING,3.90,-0.009
10,169257.9,STANDING,3.99,-0.009
10,169291.5,STANDING,4.10,-0.002
10,169324.5,STANDING,4.26,-0.004
10,169358.8,STANDING,4.39,-0.003
10,169391.3,STANDING,4.50,0.000
10,169424.4,STANDING,4.59,0.010
10,169457.8,STANDING,4.69,0.012
10,169491.2,STANDING,4.81,0.008
10,169524.4,STANDING,4.80,0.004
10,169557.7,STANDING,4.73,-0.004
10,169591.2,STANDING,4.58,-0.026
10,169624.9,STANDING,4.58,-0.064
10,169657.7,STANDING,4.67,-0.087
10,169691.3,STANDING,5.03,-0.148
10,169724.7,STANDING,5.81,-0.200
10,169758.0,STANDING,6.83,-0.207
10,169791.0,STANDING,7.82,-0.215
10,169824.4,STANDING,8.69,-0.177
10,169857.8,STANDING,9.47,-0.201
10,169891.1,STANDING,10.04,-0.197
10,169924.4,STANDING,10.60,-0.202
10,169958.0,STANDING,11.15,-0.193
10,169991.4,STANDING,11.46,-0.170
10,170024.7,STANDING,11.39,-0.144
10,170057.8,STANDING,11.24,-0.145
10,170091.1,STANDING,11.20,-0.179
10,170125.5,STANDING,11.16,-0.170
10,170158.0,STANDING,11.12,-0.149
10,170191.8,STANDING,10.99,-0.132
10,170224.6,STANDING,10.69,-0.082
10,170257.7,STANDING,10.25,0.006
10,170291.0,STANDING,9.78,0.029
10,170323.5,STANDING,9.09,0.107
10,170357.9,STANDING,8.22,0.111
10,170391.3,STANDING,7.37,0.150
10,170424.7,STANDING,6.73,0.216
10,170457.7,STANDING,6.20,0.243
10,170490.1,STANDING,5.91,0.245
10,170523.5,STANDING,5.69,0.204
10,170557.1,STANDING,5.46,0.203
10,170590.7,STANDING,5.12,0.242
10,170625.6,STANDING,4.71,0.206
10,170658.1,STANDING,4.21,0.153
10,170691.1,STANDING,3.68,0.165
10,170724.4,STANDING,3.20,0.161
10,170758.0,STANDING,2.77,0.177
10,170790.1,STANDING,2.39,0.199
10,170823.5,STANDING,2.06,0.214
10,170858.3,STANDING,1.71,0.275
10,170891.1,STANDING,1.46,0.232
10,170924.8,STANDING,1.25,0.214
10,170957.8,STANDING,1.10,0.242
10,170991.0,STANDING,0.96,0.269
10,171024.9,STANDING,0.76,0.297
10,171058.2,STANDING,0.56,0.301
10,171091.3,STANDING,0.43,0.336
10,171124.7,STANDING,0.35,0.357
10,171157.8,STANDING,0.29,0.354
10,171191.1,STANDING,0.29,0.366
10,171224.4,STANDING,0.39,0.369
10,171257.2,STANDING,0.54,0.357
10,171292.3,STANDING,0.81,0.335
10,171323.5,STANDING,0.95,0.333
10,171357.2,STANDING,0.99,0.265
10,171391.1,STANDING,0.91,0.341
10,171424.4,STANDING,0.81,0.443
10,171457.7,FALLING,0.61,0.526
10,171491.1,FALLING,0.55,0.578
10,171524.8,FALLING,0.39,0.607
10,171557.7,FALLING,0.27,0.652
10,171592.1,FALLING,0.28,0.581
10,171624.3,FALLING,0.27,0.490
10,171657.9,FALLING,0.36,0.442
10,171692.1,FALLING,0.40,0.384
10,171724.7,FALLING,0.42,0.320
10,171757.7,FALLING,0.56,0.149
10,171791.1,FALLING,0.88,0.173
10,171824.8,FALLING,1.19,0.184
10,171858.2,FALLING,1.54,0.271
10,171891.1,FALLING,2.03,0.207
10,171924.7,FALLING,2.30,0.137
10,171958.8,FALLING,2.54,0.170
10,171991.4,FALLING,2.20,0.281
10,172024.4,FALLING,1.78,0.788
10,172058.2,FALLING,1.51,0.989
10,172091.0,FALLING,1.04,1.286
10,172124.4,FALLING,0.84,1.312
10,172158.9,FALLING,0.80,1.051
10,172191.1,FALLING,0.80,0.956
10,172225.6,FALLING,0.85,0.699
10,172257.7,FALLING,0.80,0.805
10,172292.2,FALLING,0.81,0.781
10,172324.5,FALLING,0.68,1.001
10,172358.8,FALLING,0.42,0.556
10,172391.2,FALLING,0.28,0.610
10,172424.6,FALLING,0.35,0.387
10,172457.7,FALLING,0.57,0.386
10,172492.2,STANDING,0.71,0.350
10,172525.5,FALLING,0.90,0.609
10,172557.7,FALLING,1.02,0.518
10,172591.3,FALLING,1.22,0.553
10,172624.6,FALLING,1.12,0.580
10,172657.9,FALLING,1.04,0.452
10,172691.2,FALLING,0.96,0.448
10,172724.5,FALLING,0.89,0.350
11,172757.8,FALLING,0.83,0.299
11,172791.0,FALLING,0.83,0.319
11,172824.4,FALLING,0.85,0.471
11,172858.3,FALLING,0.89,0.315
11,172891.0,FALLING,1.16,0.331
11,172925.5,FALLING,1.05,0.054
11,172958.9,FALLING,1.07,0.043
11,172991.3,FALLING,1.10,0.191
11,173024.7,FALLING,1.08,0.038
11,173058.2,FALLING,1.05,0.083
11,173091.2,FALLING,0.91,0.047
11,173124.7,FALLING,0.75,-0.004
11,173157.7,FALLING,0.63,-0.022
11,173191.3,FALLING,0.55,-0.001
11,173224.5,FALLING,0.55,-0.011
11,173257.9,FALLING,0.89,0.029
11,173291.2,FALLING,1.09,0.011
11,173324.5,FALLING,1.15,-0.015
11,173357.9,FALLING,1.17,-0.084
11,173391.2,FALLING,1.24,-0.201
11,173424.4,FALLING,1.23,-0.152
11,173457.7,FALLING,1.25,-0.239
11,173491.1,FALLING,1.18,-0.154
11,173524.9,FALLING,1.20,-0.457
11,173558.2,STANDING,1.15,-0.282
11,173591.0,STANDING,1.00,-0.272
11,173625.4,STANDING,0.69,-0.354
11,173658.8,STANDING,0.42,-0.482
11,173691.1,STANDING,0.34,-0.288
11,173724.7,STANDING,0.39,-0.288
11,173758.1,STANDING,0.48,-0.116
11,173791.0,STANDING,0.49,-0.330
11,173824.5,STANDING,0.53,-0.695
11,173857.8,STANDING,0.39,-1.174
11,173891.4,STANDING,0.36,-1.000
11,173924.4,STANDING,0.84,-1.356
11,173958.8,STANDING,1.39,-1.120
11,173992.3,STANDING,1.85,-1.004
11,174024.5,STANDING,2.16,-0.979
11,174057.7,STANDING,2.50,-1.073
11,174091.3,STANDING,2.56,-0.691
11,174124.4,STANDING,2.54,-0.790
11,174157.7,STANDING,2.49,-0.527
11,174191.1,STANDING,2.25,-0.327
11,174224.8,STANDING,2.22,-0.437
11,174258.9,STANDING,2.43,-0.614
11,174292.1,STANDING,3.00,-0.636
11,174324.4,STANDING,3.57,-0.608
11,174358.2,STANDING,3.85,-0.313
11,174391.1,STANDING,3.92,-0.363
11,174424.7,STANDING,3.74,-0.397
11,174458.2,STANDING,3.46,-0.438
11,174491.5,STANDING,3.24,-0.395
11,174524.4,STANDING,2.99,-0.310
11,174557.8,STANDING,2.88,-0.314
11,174591.1,STANDING,2.97,-0.212
11,174624.8,STANDING,3.09,-0.239
11,174657.9,STANDING,3.31,-0.131
11,174691.3,STANDING,3.51,-0.186
11,174724.6,STANDING,3.77,-0.208
11,174758.0,STANDING,3.98,-0.247
11,174791.2,STANDING,4.19,-0.299
11,174825.5,STANDING,4.37,-0.354
11,174858.1,STANDING,4.47,-0.397
11,174891.5,STANDING,4.46,-0.420
11,174924.4,STANDING,4.43,-0.439
11,174957.8,STANDING,4.39,-0.455
11,174991.5,STANDING,4.22,-0.521
11,175024.4,STANDING,3.82,-0.425
11,175057.8,STANDING,3.36,-0.344
11,175091.2,STANDING,2.94,-0.314
11,175124.4,STANDING,2.64,-0.314
11,175157.8,STANDING,2.47,-0.325
11,175191.3,STANDING,2.40,-0.335
11,175224.5,STANDING,2.36,-0.294
11,175257.8,STANDING,2.32,-0.239
11,175291.3,STANDING,2.25,-0.221
11,175324.7,STANDING,2.17,-0.199
11,175357.9,STANDING,1.95,-0.193
11,175391.2,STANDING,1.71,-0.197
11,175424.4,STANDING,1.47,-0.191
11,175457.7,STANDING,1.31,-0.206
11,175491.3,STANDING,1.19,-0.232
11,175524.9,STANDING,1.18,-0.223
11,175557.7,STANDING,1.24,-0.193
11,175591.0,STANDING,1.38,-0.221
11,175624.5,STANDING,1.79,-0.269
11,175658.0,STANDING,2.24,-0.264
11,175692.0,STANDING,2.49,-0.203
11,175724.7,STANDING,2.56,-0.208
11,175757.9,STANDING,2.58,-0.160
11,175791.2,STANDING,2.50,-0.142
11,175824.5,STANDING,2.39,-0.173
11,175857.8,STANDING,2.32,-0.183
11,175891.1,STANDING,2.20,-0.174
11,175924.5,STANDING,2.20,-0.159
11,175957.8,STANDING,2.29,-0.120
11,175991.0,STANDING,2.41,-0.098
11,176024.9,STANDING,2.56,-0.111
11,176058.0,STANDING,2.78,-0.133
11,176091.2,STANDING,2.96,-0.122
11,176124.4,STANDING,3.19,-0.102
11,176158.8,STANDING,3.50,-0.086
11,176191.0,STANDING,3.78,-0.077
11,176224.5,STANDING,4.13,-0.055
11,176258.8,STANDING,4.48,-0.040
11,176291.5,STANDING,4.74,-0.050
11,176324.5,STANDING,4.94,-0.066
11,176358.2,STANDING,4.85,-0.069
11,176391.1,STANDING,4.99,-0.070
11,176424.9,STANDING,5.20,-0.058
11,176457.8,STANDING,5.16,-0.049
11,176491.2,STANDING,4.92,-0.042
11,176524.7,STANDING,4.68,-0.049
11,176557.8,STANDING,4.54,-0.085
11,176591.1,STANDING,4.68,-0.127
11,176624.6,STANDING,5.11,-0.114
11,176658.0,STANDING,5.49,-0.145
11,176691.1,STANDING,5.77,-0.141
11,176724.7,STANDING,5.94,-0.114
11,176757.8,STANDING,6.00,-0.112
11,176791.4,STANDING,5.98,-0.099
11,176824.4,STANDING,5.93,-0.084
11,176857.9,STANDING,5.72,-0.073
11,176891.0,STANDING,5.28,-0.070
11,176924.4,STANDING,4.61,-0.058
11,176957.9,STANDING,3.87,-0.033
11,176991.3,STANDING,3.21,-0.033
11,177024.6,STANDING,2.74,-0.035
11,177057.8,STANDING,2.26,-0.040
11,177091.3,STANDING,1.85,-0.037
11,177124.6,STANDING,1.50,-0.029
11,177157.8,STANDING,1.21,-0.019
11,177191.1,STANDING,1.01,-0.006
11,177224.9,STANDING,0.71,0.009
11,177257.7,STANDING,0.60,0.037
11,177291.4,STANDING,0.53,0.093
11,177324.7,STANDING,0.34,0.197
11,177357.7,STANDING,0.26,0.248
11,177391.3,STANDING,0.24,0.284
11,177424.4,STANDING,0.18,0.251
11,177458.2,STANDING,0.28,0.254
11,177491.1,STANDING,0.78,0.259
11,177524.5,STANDING,1.18,0.295
11,177559.0,STANDING,1.67,0.235
11,177591.1,STANDING,1.85,0.255
11,177624.6,STANDING,1.96,0.342
11,177657.8,STANDING,1.99,0.256
11,177691.3,STANDING,1.87,0.192
11,177725.4,STANDING,1.66,0.137
11,177758.0,STANDING,1.49,0.097
11,177791.4,STANDING,1.44,0.039
11,177824.4,STANDING,1.44,0.006
11,177857.7,STANDING,1.46,-0.002
11,177891.2,STANDING,1.60,-0.024
11,177925.5,STANDING,1.75,-0.005
11,177957.7,STANDING,1.93,0.014
11,177991.0,STANDING,2.13,0.033
11,178024.5,STANDING,2.21,0.045
11,178058.0,STANDING,2.28,0.012
11,178091.3,STANDING,2.29,0.030
11,178124.7,STANDING,2.38,0.008
11,178157.7,STANDING,2.70,0.008
11,178191.5,STANDING,3.29,0.001
11,178224.4,STANDING,4.03,-0.009
11,178257.7,STANDING,4.72,-0.043
11,178291.3,STANDING,4.93,-0.066
11,178324.4,STANDING,5.23,-0.103
11,178358.0,STANDING,5.67,-0.105
11,178391.6,STANDING,6.29,-0.196
11,178424.4,STANDING,6.79,-0.150
11,178457.9,STANDING,7.33,-0.208
11,178491.3,STANDING,7.90,-0.172
11,178525.4,STANDING,8.77,-0.233
11,178558.7,STANDING,9.62,-0.226
11,178591.3,STANDING,10.43,-0.174
11,178624.4,STANDING,10.83,-0.172
11,178657.7,STANDING,11.16,-0.171
11,178691.2,STANDING,11.27,-0.128
11,178724.5,STANDING,10.96,-0.116
11,178758.0,STANDING,10.33,-0.110
11,178791.3,STANDING,9.55,-0.080
11,178824.7,STANDING,8.79,-0.051
11,178858.0,STANDING,8.29,-0.010
11,178891.3,STANDING,7.87,0.021
11,178924.4,STANDING,7.48,0.031
11,178958.0,STANDING,6.85,0.047
11,178991.4,STANDING,5.99,0.076
11,179025.4,STANDING,5.05,0.137
11,179057.7,STANDING,3.82,0.156
11,179092.2,STANDING,2.46,0.169
11,179125.4,STANDING,1.67,0.133
11,179158.2,STANDING,1.22,0.090
11,179191.4,STANDING,0.84,0.094
11,179224.7,STANDING,0.77,0.103
11,179258.2,STANDING,0.83,0.085
11,179291.2,STANDING,1.03,0.086
11,179324.4,STANDING,1.32,0.095
11,179358.0,STANDING,1.58,0.126
11,179392.1,STANDING,1.72,0.158
11,179425.4,STANDING,1.76,0.181
11,179457.7,STANDING,1.82,0.167
11,179491.1,STANDING,1.96,0.150
11,179524.7,STANDING,1.99,0.160
11,179558.0,STANDING,1.85,0.189
11,179591.2,STANDING,1.60,0.215
11,179624.5,STANDING,1.40,0.195
11,179657.8,STANDING,1.30,0.252
11,179691.2,STANDING,1.23,0.316
11,179724.6,STANDING,1.14,0.292
11,179758.0,STANDING,1.01,0.263
11,179791.9,STANDING,0.63,0.276
11,179824.4,STANDING,0.54,0.266
11,179857.7,STANDING,0.57,0.277
11,179891.1,STANDING,0.65,0.309
11,179924.7,STANDING,0.82,0.370
11,179958.1,STANDING,0.94,0.352
11,179991.1,STANDING,1.14,0.331
11,180025.7,STANDING,1.25,0.313
11,180057.8,STANDING,1.26,0.332
11,180091.2,STANDING,1.35,0.327
11,180124.4,STANDING,1.37,0.363
11,180157.8,STANDING,1.43,0.386
11,180192.2,STANDING,1.59,0.358
11,180224.5,STANDING,1.70,0.364
11,180257.7,STANDING,1.76,0.298
11,180291.2,STANDING,1.75,0.341
11,180324.5,STANDING,1.64,0.442
11,180357.8,FALLING,1.47,0.493
11,180392.3,FALLING,1.34,0.538
11,180425.5,FALLING,1.37,0.604
11,180458.0,FALLING,1.56,0.545
11,180491.5,FALLING,1.78,0.477
11,180524.6,FALLING,1.99,0.404
11,180557.8,FALLING,2.08,0.394
11,180591.1,FALLING,2.10,0.264
11,180624.6,FALLING,2.08,0.187
11,180657.9,FALLING,1.95,0.098
11,180691.1,FALLING,1.79,0.141
11,180724.7,FALLING,1.61,0.256
11,180757.7,FALLING,1.60,0.622
11,180791.1,FALLING,1.79,0.963
11,180824.8,FALLING,2.15,1.002
11,180857.7,FALLING,2.51,1.171
11,180891.1,FALLING,2.82,1.059
11,180924.5,FALLING,2.86,1.086
11,180958.0,FALLING,2.69,0.927
11,180992.1,FALLING,2.44,0.862
11,181024.4,FALLING,2.38,0.906
11,181057.9,FALLING,2.05,0.882
11,181091.3,FALLING,1.68,0.858
11,181124.5,FALLING,1.22,0.844
11,181158.8,FALLING,1.10,0.630
11,181192.2,FALLING,1.01,0.570
11,181225.5,FALLING,0.69,0.619
11,181258.0,FALLING,0.83,0.357
11,181291.5,FALLING,1.03,0.263
11,181324.7,FALLING,1.03,0.510
11,181357.9,STANDING,0.85,0.346
11,181391.4,STANDING,0.66,0.315
11,181424.8,STANDING,0.49,0.322
11,181458.1,STANDING,0.65,0.357
11,181491.1,STANDING,0.74,0.379
11,181524.9,STANDING,0.96,0.240
11,181557.8,STANDING,0.93,0.094
11,181592.1,STANDING,1.05,0.053
11,181625.4,STANDING,1.06,0.029
11,181657.8,STANDING,1.17,0.042
12,181691.2,STANDING,1.31,0.023
12,181724.4,STANDING,1.34,0.017
12,181757.7,STANDING,1.36,0.028
12,181792.2,STANDING,1.46,0.100
12,181824.6,STANDING,1.50,0.042
12,181858.8,STANDING,1.62,0.088
12,181891.1,STANDING,1.80,0.048
12,181924.6,STANDING,1.86,0.024
12,181957.8,STANDING,1.90,0.017
12,181992.4,STANDING,1.91,0.010
12,182025.5,STANDING,1.93,-0.009
12,182057.7,STANDING,1.98,-0.009
12,182091.3,STANDING,2.01,-0.119
12,182124.4,STANDING,2.04,-0.069
12,182157.7,STANDING,2.08,-0.110
12,182191.2,STANDING,2.13,-0.085
12,182224.7,STANDING,2.11,-0.090
12,182258.0,STANDING,2.03,-0.077
12,182291.2,STANDING,1.88,-0.001
12,182324.6,STANDING,1.62,0.163
12,182357.8,STANDING,1.26,0.363
12,182391.1,STANDING,0.82,0.257
12,182424.9,STANDING,0.50,0.289
12,182458.0,STANDING,0.31,0.218
12,182491.4,STANDING,0.22,0.105
12,182524.5,STANDING,0.13,0.048
12,182557.7,STANDING,0.09,-0.042
12,182591.5,STANDING,0.10,-0.192
12,182624.5,STANDING,0.14,-0.116
12,182657.8,STANDING,0.35,-0.223
12,182691.1,STANDING,0.49,-0.629
12,182724.4,STANDING,0.43,-0.420
12,182758.0,STANDING,0.47,-0.483
12,182791.0,STANDING,0.37,-0.425
12,182824.6,STANDING,0.25,-0.402
12,182858.2,STANDING,0.22,-0.224
12,182891.4,STANDING,0.28,-0.147
12,182924.7,STANDING,0.47,-0.085
12,182958.1,STANDING,0.60,-0.022
12,182991.2,STANDING,0.53,-0.077
12,183025.6,STANDING,0.53,-0.073
12,183057.7,STANDING,0.49,-0.067
12,183091.1,STANDING,0.31,-0.028
12,183124.5,STANDING,0.61,-0.003
12,183158.8,STANDING,0.75,0.007
12,183191.3,STANDING,0.90,0.036
12,183224.4,STANDING,0.91,0.027
12,183258.8,STANDING,0.87,0.020
12,183291.1,STANDING,0.68,0.125
12,183325.6,STANDING,0.51,-0.016
12,183359.0,STANDING,0.40,-0.010
12,183391.3,STANDING,0.34,-0.005
12,183424.4,STANDING,0.29,0.003
12,183458.0,STANDING,0.24,0.002
12,183491.1,STANDING,0.30,-0.058
12,183524.4,STANDING,0.33,-0.027
12,183557.8,STANDING,0.34,-0.010
12,183591.2,STANDING,0.32,0.046
12,183624.7,STANDING,0.29,0.029
12,183658.8,STANDING,0.29,0.081
12,183691.3,STANDING,0.18,0.235
12,183724.4,STANDING,0.13,0.339
12,183757.7,STANDING,0.09,0.179
12,183792.2,STANDING,0.09,0.095
12,183824.5,STANDING,0.09,-0.101
12,183857.7,STANDING,0.08,-0.064
12,183891.3,STANDING,0.07,-0.073
12,183925.5,STANDING,0.09,0.031
12,183958.0,STANDING,0.17,0.016
12,183991.4,STANDING,0.15,0.056
12,184025.4,STANDING,0.23,0.029
12,184058.1,STANDING,0.15,0.007
12,184091.1,STANDING,0.12,0.136
12,184124.5,STANDING,0.19,0.073
12,184158.0,STANDING,0.24,0.040
12,184191.4,STANDING,0.28,0.040
12,184224.4,STANDING,0.21,0.026
12,184258.0,STANDING,0.18,0.058
12,184291.1,STANDING,0.16,0.031
12,184325.5,STANDING,0.11,0.004
12,184358.0,STANDING,0.07,0.103
12,184391.1,STANDING,0.10,0.011
12,184424.7,STANDING,0.11,0.003
12,184457.8,STANDING,0.14,-0.004
12,184491.2,STANDING,0.22,-0.013
12,184524.7,STANDING,0.14,-0.030
12,184558.0,STANDING,0.09,-0.169
12,184591.1,STANDING,0.11,-0.109
12,184624.6,STANDING,0.10,0.117
12,184658.0,STANDING,0.06,0.019
12,184691.2,STANDING,0.04,-0.071
12,184725.5,STANDING,0.03,-0.062
12,184758.8,STANDING,0.11,-0.006
12,184791.2,STANDING,0.18,0.008
12,184824.5,STANDING,0.20,-0.058
12,184858.9,STANDING,0.27,-0.031
12,184892.3,STANDING,0.34,-0.030
12,184924.7,STANDING,0.41,-0.088
12,184958.0,STANDING,0.36,-0.017
12,184991.2,STANDING,0.36,-0.014
12,185024.6,STANDING,0.24,0.008
12,185058.0,STANDING,0.18,0.100
12,185091.1,STANDING,0.14,0.107
12,185125.4,STANDING,0.16,0.063
12,185158.0,STANDING,0.10,0.042
12,185191.1,STANDING,0.08,0.087
12,185224.6,STANDING,0.12,0.056
12,185258.0,STANDING,0.12,0.031
12,185292.1,STANDING,0.16,-0.100
12,185325.5,STANDING,0.24,-0.036
12,185357.8,STANDING,0.29,-0.052
12,185392.2,STANDING,0.36,-0.079
12,185424.5,STANDING,0.40,-0.064
12,185457.9,STANDING,0.43,-0.013
12,185491.3,STANDING,0.44,0.025
12,185524.6,STANDING,0.48,0.015
12,185557.8,STANDING,0.53,0.024
12,185592.2,STANDING,0.58,0.004
12,185624.6,STANDING,0.64,-0.012
12,185657.9,STANDING,0.56,-0.022
12,185691.2,STANDING,0.51,-0.050
12,185724.6,STANDING,0.68,-0.054
12,185757.9,STANDING,0.80,-0.071
12,185791.4,STANDING,0.94,-0.056
12,185825.7,STANDING,1.07,-0.120
12,185858.0,STANDING,1.17,-0.229
12,185892.2,STANDING,1.19,-0.332
12,185924.6,STANDING,1.20,-0.252
12,185957.9,STANDING,1.07,-0.159
12,185991.1,STANDING,0.71,-0.400
12,186032.3,STANDING,0.55,-0.436
12,186058.1,STANDING,0.55,-0.768
12,186091.2,STANDING,0.55,-0.911
12,186133.2,STANDING,0.50,-0.871
12,186166.2,STANDING,0.33,-0.500
12,186199.6,STANDING,0.25,-0.624
12,186232.8,STANDING,0.29,-0.674
12,186257.8,STANDING,0.53,-0.775
12,186291.1,STANDING,0.62,-0.781
12,186324.6,STANDING,0.80,-1.163
12,186358.9,STANDING,1.30,-1.108
12,186391.1,STANDING,1.67,-0.884
12,186424.8,STANDING,1.69,-0.439
12,186458.9,STANDING,1.39,-0.604
12,186491.3,STANDING,0.90,-0.618
12,186524.4,STANDING,0.89,-0.528
12,186566.2,STANDING,2.05,-0.487
12,186591.0,STANDING,2.48,-0.739
12,186624.8,STANDING,2.15,-0.500
12,186658.0,STANDING,1.62,-0.424
12,186691.1,STANDING,1.10,-0.407
12,186725.5,STANDING,0.70,-0.368
12,186758.2,STANDING,0.48,-0.311
12,186791.1,STANDING,0.44,-0.300
12,186832.8,STANDING,0.54,-0.367
12,186866.6,STANDING,0.54,-0.386
12,186891.1,STANDING,0.49,-0.403
12,186924.9,STANDING,0.55,-0.607
12,186957.8,STANDING,0.65,-0.584
12,186991.3,STANDING,0.70,-0.535
12,187025.5,STANDING,0.90,-0.570
12,187058.6,STANDING,1.30,-0.567
12,187099.6,STANDING,1.78,-0.469
12,187124.7,STANDING,2.29,-0.435
12,187157.9,STANDING,2.73,-0.390
12,187190.2,STANDING,3.15,-0.453
12,187225.6,STANDING,3.37,-0.459
12,187258.8,STANDING,3.22,-0.324
12,187292.2,STANDING,3.01,-0.278
12,187324.5,STANDING,2.83,-0.285
12,187358.1,STANDING,2.46,-0.227
12,187390.1,STANDING,2.31,-0.140
12,187432.8,STANDING,2.22,-0.126
12,187458.0,STANDING,1.97,-0.052
12,187491.3,STANDING,1.49,-0.044
12,187524.5,STANDING,0.94,-0.067
12,187558.9,STANDING,0.92,-0.075
12,187591.3,STANDING,1.18,-0.081
12,187624.6,STANDING,1.70,-0.082
12,187657.8,STANDING,2.31,-0.095
12,187691.4,STANDING,3.12,-0.086
12,187724.6,STANDING,3.98,-0.137
12,187758.8,STANDING,4.48,-0.206
12,187791.4,STANDING,4.59,-0.192
12,187832.9,STANDING,4.16,-0.198
12,187866.5,STANDING,3.70,-0.233
12,187891.2,STANDING,3.45,-0.286
12,187924.4,STANDING,3.46,-0.253
12,187958.9,STANDING,3.64,-0.196
12,187991.4,STANDING,3.89,-0.160
12,188024.8,STANDING,4.24,-0.168
12,188058.0,STANDING,4.50,-0.168
12,188091.1,STANDING,4.67,-0.154
12,188132.8,STANDING,4.71,-0.135
12,188157.8,STANDING,4.68,-0.128
12,188191.4,STANDING,4.72,-0.110
12,188225.5,STANDING,4.67,-0.082
12,188258.0,STANDING,4.58,-0.057
12,188292.4,STANDING,4.45,-0.049
12,188324.4,STANDING,4.32,-0.032
12,188358.1,STANDING,4.24,-0.023
12,188392.4,STANDING,4.17,-0.019
12,188424.4,STANDING,4.08,-0.037
12,188458.9,STANDING,3.96,-0.058
12,188492.2,STANDING,3.80,-0.056
12,188525.5,STANDING,3.62,-0.056
12,188557.8,STANDING,3.37,-0.034
12,188591.2,STANDING,3.12,-0.028
12,188624.6,STANDING,2.79,-0.024
12,188666.2,STANDING,2.49,-0.048
12,188699.9,STANDING,2.23,-0.052
12,188724.5,STANDING,2.01,-0.052
12,188767.3,STANDING,1.87,-0.052
12,188791.1,STANDING,1.81,-0.066
12,188824.4,STANDING,1.75,-0.067
12,188858.0,STANDING,1.68,-0.075
12,188891.3,STANDING,1.60,-0.084
12,188924.6,STANDING,1.56,-0.067
12,188957.9,STANDING,1.51,-0.055
12,188991.3,STANDING,1.49,-0.037
12,189024.6,STANDING,1.47,-0.025
12,189058.8,STANDING,1.55,-0.017
12,189091.4,STANDING,1.63,-0.016
12,189125.4,STANDING,1.66,-0.016
12,189158.8,STANDING,1.73,-0.011
12,189191.3,STANDING,1.85,-0.007
12,189224.7,STANDING,2.00,-0.019
12,189257.8,STANDING,2.23,-0.034
12,189299.5,STANDING,2.40,-0.032
12,189324.4,STANDING,2.58,-0.029
12,189357.8,STANDING,2.75,-0.022
12,189391.4,STANDING,2.98,-0.016
12,189432.9,STANDING,3.14,-0.014
12,189457.7,STANDING,3.27,-0.012
12,189499.9,STANDING,3.32,-0.019
12,189524.4,STANDING,3.34,-0.014
12,189566.2,STANDING,3.24,-0.009
12,189599.5,STANDING,3.05,0.002
12,189624.6,STANDING,2.80,0.019
12,189658.0,STANDING,2.62,0.027
12,189691.3,STANDING,2.55,0.030
12,189724.8,STANDING,2.52,0.021
12,189757.8,STANDING,2.52,0.013
12,189791.1,STANDING,2.53,0.008
12,189824.5,STANDING,2.54,0.004
12,189858.1,STANDING,2.56,0.002
12,189891.3,STANDING,2.56,0.003
12,189925.7,STANDING,2.57,0.006
12,189959.0,STANDING,2.59,0.011
12,189991.2,STANDING,2.61,0.008
12,190025.5,STANDING,2.63,0.004
12,190058.9,STANDING,2.65,0.002
12,190092.2,STANDING,2.66,0.004
12,190124.6,STANDING,2.68,0.005
12,190158.0,STANDING,2.69,0.011
12,190191.3,STANDING,2.68,0.015
12,190232.9,STANDING,2.59,0.037
12,190259.0,STANDING,2.40,0.080
12,190291.3,STANDING,2.03,0.125
12,190324.4,STANDING,1.31,0.153
12,190357.9,STANDING,1.35,0.242
12,190391.3,STANDING,2.12,0.292
12,190424.7,STANDING,3.39,0.374
12,190457.8,FALLING,4.77,0.473
12,190499.5,FALLING,6.18,0.459
12,190524.7,FALLING,7.20,0.542
12,190558.0,FALLING,7.98,0.577
12,190599.5,FALLING,8.47,0.477
12,190634.0,FALLING,9.12,0.587
12,190667.3,FALLING,9.97,0.534
12,190699.8,FALLING,10.91,0.641
12,190732.9,FALLING,11.50,0.609
12,190757.7,FALLING,12.40,0.535
12,190791.1,FALLING,14.54,0.470
12,190824.5,FALLING,18.27,0.517
12,190858.0,FALLING,22.89,0.354
12,190892.0,FALLING,26.80,0.259
12,190924.5,FALLING,30.82,0.165
12,190957.8,FALLING,34.99,0.003
12,190991.4,FALLING,39.25,-0.061
12,191024.6,FALLING,43.23,-0.049
12,191058.8,FALLING,46.74,-0.006
12,191091.3,FALLING,50.04,-0.040
12,191125.4,FALLING,53.04,-0.001
12,191158.9,FALLING,55.86,-0.028
12,191191.1,FALLING,58.50,-0.026
12,191224.6,FALLEN,60.86,-0.021
12,191257.8,FALLEN,62.61,0.009
12,191291.1,FALLEN,63.66,0.002
12,191324.7,FALLEN,64.20,0.004
12,191358.0,FALLEN,63.87,-0.003
12,191391.0,FALLEN,63.38,-0.012
12,191433.8,FALLEN,63.04,-0.022
12,191466.3,FALLEN,62.85,-0.028
12,191491.1,FALLEN,62.72,-0.030
12,191524.7,FALLEN,62.50,-0.023
12,191558.0,FALLEN,62.24,-0.011
12,191591.3,FALLEN,61.74,-0.009
12,191625.6,FALLEN,61.28,-0.001
12,191658.0,FALLEN,60.64,-0.003
12,191691.3,FALLEN,60.07,-0.002
12,191724.7,FALLEN,59.54,-0.002
12,191757.8,FALLEN,59.18,0.002
12,191791.3,FALLEN,58.63,0.012
12,191825.6,FALLEN,58.15,0.016
12,191857.8,FALLEN,57.33,0.053
12,191891.1,FALLEN,56.79,0.042
12,191925.4,FALLEN,56.51,0.030
12,191957.9,FALLEN,56.31,0.018
12,191991.3,FALLEN,56.28,0.017
12,192025.5,FALLEN,56.35,0.001
12,192058.0,FALLEN,56.29,0.012
12,192091.1,FALLEN,55.90,0.026
12,192132.8,FALLEN,55.19,0.050
12,192166.3,FALLEN,54.29,0.061
12,192199.5,FALLEN,53.37,0.045
12,192232.8,FALLEN,52.25,0.030
12,192266.1,FALLEN,50.78,0.021
12,192299.9,FALLEN,49.40,0.012
12,192324.4,FALLEN,48.34,0.028
12,192358.0,FALLEN,46.95,0.012
12,192391.1,FALLEN,45.61,0.009
12,192424.7,STANDING,44.22,0.003
12,192458.1,STANDING,42.62,0.025
12,192492.1,STANDING,40.74,0.042
12,192524.7,STANDING,38.70,0.059
12,192557.8,STANDING,36.76,0.076
12,192591.3,STANDING,34.76,0.112
12,192624.6,STANDING,32.99,0.119
12,192658.8,STANDING,31.36,0.170
12,192699.5,STANDING,29.25,0.162
12,192733.3,STANDING,26.95,0.179
12,192766.5,STANDING,25.23,0.163
12,192799.4,STANDING,23.92,0.074
12,192824.6,STANDING,22.87,0.015
12,192857.8,STANDING,21.93,0.026
12,192892.2,STANDING,21.26,-0.001
12,192924.7,STANDING,21.01,-0.023
12,192958.0,STANDING,20.95,-0.081
12,192991.2,STANDING,20.96,-0.135
12,193033.2,STANDING,20.79,-0.147
12,193057.8,STANDING,21.02,-0.094
12,193091.1,STANDING,22.01,-0.099
12,193132.8,STANDING,23.54,-0.062
12,193157.8,STANDING,24.95,-0.072
12,193191.4,STANDING,26.40,-0.080
12,193233.3,STANDING,27.41,-0.057
12,193266.1,STANDING,27.91,-0.026
12,193291.1,STANDING,27.41,0.018
12,193324.6,STANDING,25.90,0.061
12,193357.7,STANDING,24.28,0.058
12,193399.4,STANDING,22.38,0.079
12,193432.8,STANDING,20.51,0.146
12,193457.8,STANDING,18.69,0.157
12,193499.5,STANDING,17.15,0.109
12,193524.5,STANDING,16.01,0.051
12,193567.1,STANDING,14.73,0.045
12,193599.9,STANDING,13.04,0.062
12,193624.5,STANDING,11.62,0.076
12,193666.3,STANDING,10.25,0.104
12,193699.9,STANDING,9.18,0.096
12,193724.4,STANDING,8.15,0.118
12,193766.2,STANDING,6.97,0.088
12,193799.9,STANDING,5.65,0.112
12,193833.2,STANDING,5.14,0.047
12,193866.1,STANDING,5.55,0.025
12,193899.4,STANDING,6.47,0.058
12,193932.8,STANDING,7.30,0.003
12,193958.0,STANDING,7.92,0.007
12,193991.3,STANDING,8.04,-0.074
12,194024.7,STANDING,7.73,-0.200
12,194057.7,STANDING,7.08,-0.321
12,194091.4,STANDING,5.93,-0.256
12,194132.9,STANDING,4.78,-0.318
12,194166.2,STANDING,3.65,-0.269
12,194199.9,STANDING,2.43,-0.158
12,194232.7,STANDING,1.64,-0.128
12,194257.8,STANDING,1.13,-0.026
12,194299.5,STANDING,0.75,0.017
12,194324.4,STANDING,0.48,0.048
12,194366.2,STANDING,0.40,0.109
12,194399.9,STANDING,0.41,0.238
12,194432.8,STANDING,0.39,0.338
12,194457.8,STANDING,0.29,0.327
12,194491.4,STANDING,0.29,0.387
12,194525.5,STANDING,0.28,0.357
12,194557.9,STANDING,0.66,0.376
12,194599.6,STANDING,1.26,0.396
12,194633.2,STANDING,1.66,0.436
12,194666.6,STANDING,1.87,0.377
12,194699.9,STANDING,1.98,0.340
12,194733.2,STANDING,1.97,0.230
12,194766.5,STANDING,2.20,0.156
12,194799.9,STANDING,2.51,0.138
12,194832.8,STANDING,2.68,0.189
12,194866.6,STANDING,2.57,0.325
12,194891.2,STANDING,2.60,0.450
12,194932.9,FALLING,2.78,0.502
12,194966.2,FALLING,2.82,0.500
12,194999.8,FALLING,2.95,0.462
12,195033.2,FALLING,3.21,0.417
12,195066.2,FALLING,3.43,0.370
12,195099.7,FALLING,3.50,0.244
12,195133.2,FALLING,3.53,0.301
12,195166.3,FALLING,3.49,0.203
12,195199.6,FALLING,3.42,0.149
12,195232.9,FALLING,3.35,0.137
12,195266.2,FALLING,3.18,0.060
12,195299.8,FALLING,3.02,0.112
12,195332.8,FALLING,3.00,0.118
12,195357.8,FALLING,3.01,0.083
12,195391.4,FALLING,3.24,0.080
12,195424.4,FALLING,3.34,0.045
12,195466.2,FALLING,3.35,0.030
12,195499.6,FALLING,3.54,0.208
12,195533.0,FALLING,3.88,0.204
12,195566.2,FALLING,3.91,0.165
12,195599.6,FALLING,3.72,0.290
12,195632.9,FALLING,3.49,0.325
12,195666.5,FALLING,3.17,0.196
12,195699.6,FALLING,2.68,0.321
12,195733.2,FALLING,2.10,0.281
12,195757.8,FALLING,1.59,0.359
12,195799.5,FALLING,1.38,0.330
12,195832.9,FALLING,1.20,0.274
12,195866.5,FALLING,0.89,0.224
12,195899.9,FALLING,0.72,0.247
12,195932.9,FALLING,1.03,0.116
12,195966.2,STANDING,1.12,0.440
12,196000.6,FALLING,1.52,0.574
12,196033.2,FALLING,1.76,0.450
12,196066.1,FALLING,1.84,0.222
12,196099.6,FALLING,1.88,0.029
12,196132.7,FALLING,2.06,-0.036
12,196166.3,FALLING,1.72,-0.070
12,196191.2,FALLING,1.52,-0.174
12,196232.9,FALLING,1.29,-0.193
12,196266.2,FALLING,1.07,-0.117
12,196299.6,FALLING,0.96,-0.072
12,196333.3,FALLING,0.91,0.008
12,196366.5,FALLING,0.89,0.004
12,196391.1,FALLING,0.95,0.004
12,196433.3,FALLING,1.16,0.056
12,196458.1,FALLING,1.34,0.029
12,196499.5,FALLING,1.58,0.058
12,196533.2,FALLING,1.83,0.132
12,196558.0,FALLING,1.99,0.215
12,196599.8,FALLING,1.92,0.182
12,196633.2,FALLING,1.62,0.131
12,196657.8,FALLING,1.23,-0.016
12,196699.6,FALLING,1.11,0.077
12,196733.2,FALLING,1.14,0.158
12,196766.6,FALLING,1.07,0.411
12,196792.2,FALLING,1.03,0.812
12,196832.9,FALLING,1.44,0.660
12,196866.2,FALLING,1.56,0.364
12,196891.2,FALLING,1.66,0.311
12,196933.9,FALLING,1.71,0.131
12,196967.4,FALLING,1.80,0.200
12,196999.9,FALLING,1.82,0.329
12,197024.5,STANDING,1.86,0.135
12,197066.2,STANDING,1.91,0.363
12,197100.6,STANDING,1.97,0.111
12,197133.3,STANDING,2.11,0.227
12,197157.8,STANDING,2.18,0.294
12,197199.6,STANDING,2.22,0.210
12,197224.4,STANDING,2.25,0.234
12,197266.2,STANDING,2.40,0.145
12,197299.9,STANDING,2.58,0.278
12,197324.4,FALLING,2.72,0.480
12,197366.6,FALLING,2.84,0.219
12,197391.1,FALLING,2.88,0.212
12,197432.9,FALLING,2.91,0.236
12,197467.2,FALLING,3.12,0.108
12,197499.8,FALLING,3.24,0.120
12,197532.8,FALLING,3.32,0.052
12,197567.2,FALLING,3.17,0.104
12,197599.8,FALLING,3.15,0.036
12,197624.5,FALLING,3.16,0.013
12,197666.2,FALLING,3.10,-0.054
12,197699.6,FALLING,3.06,-0.044
12,197733.8,FALLING,3.08,-0.116
12,197766.6,FALLING,3.24,-0.143
12,197799.9,FALLING,3.37,-0.206
12,197824.6,FALLING,3.59,-0.123
12,197866.5,FALLING,3.74,-0.047
12,197891.3,FALLING,3.82,-0.004
13,197932.9,FALLING,3.87,0.028
13,197966.5,FALLING,3.86,0.025
13,197999.9,FALLING,3.78,0.076
13,198025.5,FALLING,3.75,0.027
13,198066.6,FALLING,3.77,0.056
13,198099.5,FALLING,3.69,0.005
13,198124.4,FALLING,3.60,-0.040
13,198158.0,FALLING,3.58,-0.052
13,198199.5,FALLING,3.55,-0.076
13,198232.8,FALLING,3.57,-0.044
13,198266.6,FALLING,3.53,-0.052
13,198299.9,FALLING,3.41,0.064
13,198333.2,STANDING,3.23,0.016
13,198366.2,STANDING,3.02,0.002
13,198399.6,STANDING,2.89,-0.016
13,198433.2,STANDING,2.92,-0.178
13,198466.1,STANDING,2.96,-0.104
13,198499.9,STANDING,2.89,0.032
13,198532.8,STANDING,2.78,-0.068
13,198566.4,STANDING,2.71,-0.100
13,198599.6,STANDING,2.71,-0.181
13,198632.9,STANDING,2.76,-0.277
13,198666.5,STANDING,2.91,-0.400
13,198699.8,STANDING,3.11,-0.272
13,198733.2,STANDING,3.22,-0.389
13,198766.5,STANDING,3.25,-0.496
13,198799.4,STANDING,3.31,-0.439
13,198832.8,STANDING,3.22,-0.297
13,198857.8,STANDING,3.08,-0.511
13,198899.9,STANDING,2.71,-0.436
13,198924.7,STANDING,2.12,-0.512
13,198966.2,STANDING,1.40,-0.880
13,199000.5,STANDING,1.37,-0.722
13,199033.9,STANDING,1.66,-0.567
13,199066.5,STANDING,2.15,-0.769
13,199091.1,STANDING,2.51,-1.040
13,199132.9,STANDING,3.05,-0.664
13,199166.2,STANDING,3.30,-0.824
13,199200.7,STANDING,3.47,-0.532
13,199233.2,STANDING,3.48,-0.361
13,199257.8,STANDING,3.39,-0.324
13,199299.4,STANDING,3.26,-0.249
13,199324.7,STANDING,3.04,-0.256
13,199367.2,STANDING,2.79,-0.198
13,199399.6,STANDING,2.45,-0.248
13,199424.5,STANDING,2.01,-0.324
13,199457.8,STANDING,1.66,-0.375
13,199499.5,STANDING,1.51,-0.525
13,199533.2,STANDING,1.78,-0.597
13,199566.1,STANDING,1.90,-0.330
13,199591.1,STANDING,2.17,-0.676
13,199624.4,STANDING,2.12,-0.563
13,199658.0,STANDING,1.77,-0.442
13,199691.3,STANDING,1.36,-0.407
13,199732.8,STANDING,1.18,-0.355
13,199767.3,STANDING,1.41,-0.416
13,199800.7,STANDING,1.28,-0.430
13,199832.8,STANDING,1.54,-0.389
13,199866.1,STANDING,1.79,-0.484
13,199899.9,STANDING,2.09,-0.469
13,199932.8,STANDING,2.37,-0.458
13,199966.3,STANDING,2.89,-0.544
13,199999.5,STANDING,3.43,-0.581
13,200032.9,STANDING,3.75,-0.530
13,200066.5,STANDING,3.93,-0.457
13,200099.8,STANDING,4.03,-0.380
13,200132.7,STANDING,3.99,-0.351
13,200166.5,STANDING,3.98,-0.318
13,200199.6,STANDING,4.03,-0.326
13,200232.8,STANDING,4.12,-0.304
13,200267.2,STANDING,4.18,-0.232
13,200299.9,STANDING,4.30,-0.099
13,200332.8,STANDING,4.45,-0.149
13,200366.5,STANDING,4.63,-0.147
13,200400.5,STANDING,4.66,-0.155
13,200433.1,STANDING,4.45,-0.125
13,200466.1,STANDING,4.13,-0.139
13,200491.1,STANDING,3.86,-0.239
13,200533.3,STANDING,3.55,-0.286
13,200557.8,STANDING,3.29,-0.300
13,200599.6,STANDING,2.96,-0.309
13,200632.9,STANDING,2.60,-0.273
13,200666.2,STANDING,2.28,-0.276
13,200699.5,STANDING,2.09,-0.259
13,200734.0,STANDING,2.06,-0.226
13,200766.1,STANDING,2.16,-0.217
13,200799.5,STANDING,2.19,-0.192
13,200833.3,STANDING,2.02,-0.156
13,200857.8,STANDING,1.69,-0.156
13,200899.9,STANDING,1.37,-0.135
13,200933.2,STANDING,1.10,-0.140
13,200967.4,STANDING,0.86,-0.161
13,200999.5,STANDING,0.53,-0.156
13,201032.8,STANDING,0.39,-0.137
13,201057.8,STANDING,0.49,-0.109
13,201099.9,STANDING,0.85,-0.101
13,201124.4,STANDING,1.19,-0.085
13,201166.1,STANDING,1.75,-0.093
13,201191.2,STANDING,2.27,-0.101
13,201232.9,STANDING,2.83,-0.088
13,201266.6,STANDING,3.15,-0.104
13,201291.4,STANDING,3.48,-0.127
13,201333.1,STANDING,3.84,-0.113
13,201366.6,STANDING,4.15,-0.116
13,201399.6,STANDING,4.37,-0.113
13,201433.1,STANDING,4.59,-0.090
13,201466.5,STANDING,4.60,-0.077
13,201499.4,STANDING,4.41,-0.082
13,201533.3,STANDING,4.12,-0.086
13,201566.1,STANDING,3.91,-0.056
13,201599.5,STANDING,3.65,-0.065
13,201624.5,STANDING,3.33,-0.055
13,201658.4,STANDING,2.97,-0.028
13,201699.6,STANDING,2.64,-0.031
13,201733.2,STANDING,2.29,-0.030
13,201766.1,STANDING,2.00,-0.021
13,201799.5,STANDING,1.75,-0.019
13,201833.2,STANDING,1.57,-0.017
13,201866.5,STANDING,1.43,-0.016
13,201899.4,STANDING,1.37,-0.013
13,201932.3,STANDING,1.33,-0.015
13,201966.5,STANDING,1.29,-0.018
13,201999.9,STANDING,1.18,-0.034
13,202033.0,STANDING,1.13,-0.038
13,202066.5,STANDING,1.08,-0.026
13,202099.7,STANDING,1.25,-0.013
13,202134.1,STANDING,1.53,-0.008
13,202166.1,STANDING,1.81,-0.005
13,202199.6,STANDING,2.14,-0.004
13,202233.2,STANDING,2.27,-0.010
13,202267.4,STANDING,2.47,-0.011
13,202300.7,STANDING,2.58,-0.024
13,202332.8,STANDING,2.62,-0.035
13,202366.5,STANDING,2.50,-0.017
13,202391.2,STANDING,2.32,-0.010
13,202425.5,STANDING,2.26,-0.006
13,202467.2,STANDING,2.22,0.006
13,202499.5,STANDING,2.10,0.005
13,202533.3,STANDING,2.09,0.005
13,202566.1,STANDING,2.17,0.005
13,202598.6,STANDING,2.29,0.003
13,202632.8,STANDING,2.33,0.002
13,202657.9,STANDING,2.50,0.005
13,202699.6,STANDING,2.58,0.018
13,202723.5,STANDING,2.59,0.023
13,202766.3,STANDING,2.60,0.040
13,202799.5,STANDING,2.60,0.039
13,202824.6,STANDING,2.66,0.064
13,202866.2,STANDING,2.84,0.044
13,202899.9,STANDING,3.08,0.036
13,202933.1,STANDING,3.21,0.022
13,202966.6,STANDING,3.26,0.018
13,202999.4,STANDING,3.13,0.015
13,203032.8,STANDING,2.75,0.003
13,203066.1,STANDING,2.32,-0.011
13,203099.5,STANDING,1.86,-0.019
13,203132.9,STANDING,1.57,-0.012
13,203165.9,STANDING,1.29,-0.013
13,203199.4,STANDING,1.05,-0.018
13,203233.2,STANDING,0.72,-0.016
13,203266.1,STANDING,0.58,-0.008
13,203298.5,STANDING,0.83,0.003
13,203325.6,STANDING,1.40,0.020
13,203366.3,STANDING,2.43,0.026
13,203400.8,STANDING,3.71,0.024
13,203434.1,STANDING,5.20,0.076
13,203466.1,STANDING,6.79,0.058
13,203498.5,STANDING,8.27,0.064
13,203533.0,STANDING,9.47,0.135
13,203557.9,STANDING,10.67,0.183
13,203600.5,STANDING,11.74,0.258
13,203633.2,STANDING,12.70,0.320
13,203667.2,STANDING,13.23,0.370
13,203699.6,STANDING,13.43,0.378
13,203731.9,STANDING,13.43,0.422
13,203766.5,STANDING,13.32,0.383
13,203799.9,STANDING,12.93,0.445
13,203832.8,STANDING,12.87,0.386
13,203865.6,STANDING,13.03,0.427
13,203899.8,FALLING,13.33,0.488
13,203933.2,FALLING,14.07,0.423
13,203967.1,FALLING,15.09,0.515
13,203999.5,FALLING,17.12,0.451
13,204033.2,FALLING,19.32,0.431
13,204057.8,FALLING,22.05,0.264
13,204099.7,FALLING,24.35,0.201
13,204132.9,FALLING,26.03,0.171
13,204166.4,FALLING,27.33,0.229
13,204199.5,FALLING,29.87,0.195
13,204233.2,FALLING,34.06,0.104
13,204267.4,FALLING,38.91,0.009
13,204300.5,FALLING,44.10,-0.001
13,204332.8,FALLING,49.03,-0.035
13,204366.2,FALLING,53.36,-0.046
13,204399.5,FALLING,57.64,-0.020
13,204433.1,FALLEN,61.01,-0.006
13,204466.2,FALLEN,63.80,-0.002
13,204499.5,FALLEN,66.11,0.004
13,204533.8,FALLEN,67.63,0.006
13,204566.1,FALLEN,68.96,0.013
13,204599.7,FALLEN,70.16,0.005
13,204633.1,FALLEN,71.32,-0.002
13,204666.6,FALLEN,72.37,0.003
13,204699.5,FALLEN,73.21,-0.005
13,204733.2,FALLEN,74.03,-0.012
13,204766.5,FALLEN,74.63,-0.010
13,204799.5,FALLEN,75.08,-0.008
13,204832.8,FALLEN,75.10,-0.006
13,204866.1,FALLEN,75.06,-0.005
13,204899.9,FALLEN,74.89,-0.002
13,204933.8,FALLEN,74.78,-0.003
13,204966.1,FALLEN,74.76,0.003
13,204999.5,FALLEN,74.70,0.007
13,205033.2,FALLEN,74.26,0.028
13,205067.4,FALLEN,73.69,0.041
13,205100.6,FALLEN,73.08,0.048
13,205132.9,FALLEN,72.37,0.053
13,205166.2,FALLEN,71.80,0.042
13,205199.6,FALLEN,71.31,0.036
13,205232.9,FALLEN,70.78,0.033
13,205266.3,FALLEN,70.20,0.023
13,205300.8,FALLEN,69.47,0.009
13,205333.1,FALLEN,68.70,0.009
13,205366.4,FALLEN,67.99,-0.014
13,205399.4,FALLEN,67.27,-0.009
13,205433.0,FALLEN,66.53,-0.012
13,205466.6,FALLEN,65.64,-0.012
13,205499.5,FALLEN,64.72,-0.002
13,205533.1,FALLEN,63.49,0.001
13,205566.1,FALLEN,62.31,0.017
13,205599.5,FALLEN,60.73,0.029
13,205633.1,FALLEN,58.46,0.030
13,205666.2,FALLEN,56.24,0.035
13,205699.5,FALLEN,53.96,0.031
13,205732.8,FALLEN,51.97,0.036
13,205766.5,FALLEN,50.29,0.051
13,205799.5,FALLEN,48.98,0.061
13,205832.9,FALLEN,47.51,0.077
13,205866.3,FALLEN,45.95,0.089
13,205899.9,STANDING,44.35,0.096
13,205932.8,STANDING,42.80,0.110
13,205966.5,STANDING,41.87,0.085
13,205999.5,STANDING,41.53,0.039
13,206032.8,STANDING,41.64,0.012
13,206066.6,STANDING,41.77,0.001
13,206100.8,STANDING,41.70,-0.009
13,206132.8,STANDING,42.30,-0.049
13,206166.5,STANDING,42.87,-0.071
13,206200.6,STANDING,43.37,-0.073
13,206233.1,STANDING,43.94,-0.080
13,206266.2,STANDING,45.12,-0.087
13,206299.5,STANDING,46.62,-0.102
13,206334.0,STANDING,48.43,-0.106
13,206366.2,STANDING,50.01,-0.076
13,206399.9,STANDING,51.55,-0.053
13,206433.2,STANDING,53.15,-0.045
13,206466.4,STANDING,55.02,-0.039
13,206500.5,STANDING,56.18,-0.048
13,206533.3,STANDING,56.92,-0.062
13,206566.6,STANDING,57.19,-0.054
13,206599.5,STANDING,57.18,-0.068
13,206632.9,STANDING,56.95,-0.044
13,206666.9,STANDING,56.04,-0.037
13,206699.9,STANDING,54.69,-0.047
13,206733.1,STANDING,52.88,-0.018
13,206767.2,STANDING,50.64,0.009
13,206799.5,STANDING,47.93,0.036
13,206833.2,STANDING,44.73,0.059
13,206866.2,STANDING,41.49,0.099
13,206899.5,STANDING,38.60,0.113
13,206932.8,STANDING,35.95,0.101
13,206966.5,STANDING,33.79,0.087
13,206999.5,STANDING,31.63,0.054
13,207033.2,STANDING,29.92,0.036
13,207066.5,STANDING,27.82,0.246
13,207100.4,STANDING,26.37,0.132
13,207133.8,STANDING,24.71,0.161
13,207166.2,STANDING,23.02,0.230
13,207199.7,STANDING,21.32,0.188
13,207233.2,STANDING,20.00,0.112
13,207267.3,STANDING,18.70,0.093
13,207299.6,STANDING,17.54,0.058
13,207333.9,STANDING,16.63,-0.034
13,207366.4,STANDING,15.96,-0.017
13,207399.5,STANDING,15.35,-0.054
13,207432.8,STANDING,14.50,-0.090
13,207467.1,STANDING,13.70,-0.164
13,207499.5,STANDING,13.16,-0.412
13,207533.2,STANDING,12.27,-0.382
13,207566.5,STANDING,10.59,-0.284
13,207599.5,STANDING,8.47,-0.352
13,207632.8,STANDING,6.61,-0.108
13,207666.9,STANDING,5.11,-0.007
13,207699.9,STANDING,4.05,0.096
13,207733.9,STANDING,3.37,0.074
13,207766.5,STANDING,2.64,0.118
13,207799.9,STANDING,2.12,0.140
13,207833.8,STANDING,1.60,0.178
13,207867.3,STANDING,1.37,0.161
13,207899.6,STANDING,1.19,0.138
13,207933.3,STANDING,1.12,0.173
13,207967.4,STANDING,1.14,0.214
13,207999.5,STANDING,1.11,0.178
13,208032.8,STANDING,1.08,0.177
13,208066.4,STANDING,1.05,0.207
13,208099.7,STANDING,0.93,0.226
13,208132.9,STANDING,0.76,0.372
13,208166.4,STANDING,0.75,0.410
13,208199.8,FALLING,0.85,0.451
13,208233.1,FALLING,1.05,0.359
13,208266.4,FALLING,0.97,0.371
13,208300.7,FALLING,0.97,0.278
13,208332.8,FALLING,0.88,0.270
13,208366.3,FALLING,0.64,0.285
13,208399.4,FALLING,0.66,0.117
13,208434.0,FALLING,0.85,0.237
13,208466.1,FALLING,1.11,0.349
13,208499.9,FALLING,1.25,0.433
13,208533.3,FALLING,1.13,0.569
13,208566.2,FALLING,1.17,0.373
13,208599.4,FALLING,0.89,0.439
13,208633.3,FALLING,0.81,0.492
13,208666.6,FALLING,1.00,0.458
13,208699.9,FALLING,1.37,0.263
13,208732.8,FALLING,1.89,0.177
13,208766.6,FALLING,2.47,0.145
13,208800.7,FALLING,3.04,0.228
13,208833.2,FALLING,3.60,0.246
13,208866.6,FALLING,4.21,0.204
13,208899.5,FALLING,4.64,0.161
13,208934.0,FALLING,4.93,0.083
13,208966.2,FALLING,5.14,0.005
13,208999.6,FALLING,5.24,0.122
13,209033.1,FALLING,5.25,0.113
13,209066.5,FALLING,5.02,0.296
13,209099.9,FALLING,4.83,0.509
13,209133.9,FALLING,5.00,0.512
13,209166.5,FALLING,5.51,0.395
13,209199.4,FALLING,5.83,0.286
13,209233.3,STANDING,6.03,0.189
13,209266.1,FALLING,5.85,0.460
13,209299.9,FALLING,5.46,0.564
13,209334.0,FALLING,4.98,0.558
13,209366.1,FALLING,4.39,0.649
13,209399.5,FALLING,3.96,0.725
13,209432.8,FALLING,3.58,0.609
13,209466.4,FALLING,3.13,0.563
13,209499.5,FALLING,2.53,0.147
13,209533.1,FALLING,1.97,0.220
13,209566.4,FALLING,1.47,0.090
13,209600.5,FALLING,1.19,-0.056
13,209632.7,FALLING,1.03,-0.021
13,209666.7,FALLING,1.09,0.168
13,209699.9,FALLING,1.24,0.291
13,209733.3,FALLING,1.43,0.303
13,209767.1,FALLING,2.02,0.473
13,209799.9,FALLING,2.75,0.305
13,209832.8,FALLING,3.17,0.437
13,209867.4,FALLING,3.40,0.319
13,209899.5,FALLING,3.48,0.430
13,209932.9,FALLING,3.53,0.456
13,209966.6,FALLING,3.58,0.243
13,209999.4,FALLING,3.72,0.550
13,210033.2,FALLING,3.65,0.263
13,210066.5,FALLING,3.72,0.326
13,210099.6,FALLING,3.78,0.370
13,210133.0,FALLING,4.11,0.191
13,210166.3,FALLING,4.14,0.248
13,210199.6,FALLING,4.26,0.148
13,210232.8,FALLING,4.41,0.078
13,210266.6,STANDING,4.49,-0.058
13,210299.5,STANDING,4.59,-0.062
13,210333.9,STANDING,4.52,0.045
13,210366.1,STANDING,4.41,0.136
13,210399.5,STANDING,4.29,0.128
13,210432.9,STANDING,4.24,0.065
13,210466.2,STANDING,4.22,0.112
13,210499.7,STANDING,4.21,0.146
13,210532.9,STANDING,4.40,0.047
13,210566.3,STANDING,4.48,-0.085
13,210599.8,STANDING,4.59,-0.122
13,210633.1,STANDING,4.64,-0.052
13,210666.3,STANDING,4.65,0.045
13,210700.6,STANDING,4.68,-0.004
13,210733.3,STANDING,4.74,0.008
13,210767.4,STANDING,4.73,0.096
13,210800.8,STANDING,4.66,0.024
13,210833.8,STANDING,4.73,0.005
13,210867.3,STANDING,4.76,-0.022
14,210899.5,STANDING,4.79,-0.008
14,210933.8,STANDING,4.73,-0.012
14,210966.1,STANDING,4.74,-0.004
14,210999.5,STANDING,4.71,-0.063
14,211033.1,STANDING,4.65,-0.038
14,211066.3,STANDING,4.62,-0.088
14,211100.6,STANDING,4.63,-0.028
14,211132.8,STANDING,4.40,-0.037
14,211166.1,STANDING,4.26,-0.181
14,211199.9,STANDING,4.19,-0.260
14,211232.8,STANDING,3.86,-0.252
14,211266.6,STANDING,3.58,-0.139
14,211299.5,STANDING,3.39,-0.268
14,211332.8,STANDING,3.27,-0.384
14,211366.6,STANDING,3.24,-0.464
14,211391.2,STANDING,3.08,-0.279
14,211432.9,STANDING,2.83,-0.215
14,211466.4,STANDING,2.63,-0.342
14,211499.7,STANDING,2.45,-0.351
14,211532.8,STANDING,2.01,-0.800
14,211566.4,STANDING,1.24,-0.915
14,211591.2,STANDING,1.06,-0.979
14,211633.2,STANDING,1.26,-0.797
14,211666.2,STANDING,1.37,-0.901
14,211699.6,STANDING,1.36,-0.988
14,211733.0,STANDING,1.47,-1.195
14,211766.3,STANDING,1.58,-1.100
14,211799.5,STANDING,1.59,-0.837
14,211833.9,STANDING,1.12,-0.730
14,211866.5,STANDING,0.72,-0.465
14,211900.0,STANDING,0.56,-0.497
14,211932.9,STANDING,0.61,-0.665
14,211966.6,STANDING,0.90,-0.642
14,211999.6,STANDING,1.19,-0.592
14,212032.9,STANDING,1.45,-0.489
14,212066.1,STANDING,1.64,-0.512
14,212099.8,STANDING,1.77,-0.606
14,212132.8,STANDING,1.88,-0.534
14,212166.1,STANDING,2.00,-0.400
14,212199.6,STANDING,2.18,-0.339
14,212232.9,STANDING,2.24,-0.353
14,212266.4,STANDING,2.39,-0.420
14,212299.8,STANDING,2.43,-0.382
14,212332.8,STANDING,2.73,-0.438
14,212366.6,STANDING,2.91,-0.408
14,212399.9,STANDING,3.04,-0.386
14,212432.8,STANDING,3.12,-0.385
14,212466.2,STANDING,2.67,-0.478
14,212499.8,STANDING,1.99,-0.432
14,212533.1,STANDING,1.29,-0.455
14,212566.3,STANDING,1.06,-0.462
14,212599.6,STANDING,1.21,-0.492
14,212632.8,STANDING,1.60,-0.467
14,212666.1,STANDING,1.77,-0.377
14,212699.8,STANDING,1.90,-0.294
14,212734.1,STANDING,1.99,-0.269
14,212766.1,STANDING,1.99,-0.232
14,212800.6,STANDING,1.91,-0.208
14,212833.3,STANDING,1.76,-0.211
14,212866.2,STANDING,1.72,-0.218
14,212899.9,STANDING,1.75,-0.227
14,212934.0,STANDING,1.80,-0.225
14,212967.5,STANDING,1.82,-0.228
14,212999.4,STANDING,1.90,-0.233
14,213032.8,STANDING,1.97,-0.249
14,213067.4,STANDING,1.99,-0.240
14,213099.4,STANDING,2.03,-0.202
14,213133.3,STANDING,2.02,-0.167
14,213166.6,STANDING,1.89,-0.162
14,213199.5,STANDING,1.73,-0.137
14,213232.8,STANDING,1.61,-0.187
14,213266.3,STANDING,1.43,-0.185
14,213299.6,STANDING,1.25,-0.188
14,213333.1,STANDING,1.05,-0.173
14,213366.2,STANDING,0.83,-0.111
14,213399.9,STANDING,0.66,-0.098
14,213433.2,STANDING,0.52,-0.073
14,213466.1,STANDING,0.50,-0.054
14,213499.9,STANDING,0.55,-0.026
14,213533.0,STANDING,0.60,-0.034
14,213566.1,STANDING,0.70,-0.055
14,213599.5,STANDING,0.89,-0.058
14,213632.9,STANDING,0.96,-0.044
14,213666.4,STANDING,1.07,-0.039
14,213699.4,STANDING,1.03,-0.031
14,213733.1,STANDING,1.02,-0.040
14,213766.6,STANDING,0.82,-0.038
14,213799.6,STANDING,0.65,-0.038
14,213833.1,STANDING,0.40,-0.049
14,213866.6,STANDING,0.49,-0.068
14,213899.6,STANDING,0.76,-0.064
14,213932.8,STANDING,1.20,-0.040
14,213966.5,STANDING,1.75,-0.027
14,213999.9,STANDING,2.38,-0.019
14,214033.2,STANDING,3.06,-0.009
14,214066.5,STANDING,3.67,-0.007
14,214099.9,STANDING,4.16,-0.005
14,214133.2,STANDING,4.58,-0.001
14,214166.3,STANDING,4.88,0.023
14,214199.7,STANDING,5.13,0.052
14,214233.0,STANDING,5.07,0.048
14,214266.6,STANDING,4.87,0.035
14,214299.5,STANDING,4.13,0.021
14,214333.2,STANDING,3.58,0.013
14,214366.4,STANDING,2.98,0.009
14,214399.5,STANDING,2.34,0.009
14,214432.9,STANDING,1.72,0.010
14,214466.4,STANDING,1.05,0.016
14,214499.7,STANDING,0.93,0.026
14,214533.1,STANDING,1.15,0.043
14,214566.3,STANDING,1.43,0.100
14,214599.9,STANDING,1.52,0.167
14,214632.9,STANDING,1.61,0.240
14,214666.5,STANDING,1.86,0.297
14,214699.5,STANDING,2.45,0.322
14,214732.9,STANDING,3.22,0.358
14,214766.3,STANDING,3.79,0.438
14,214799.6,STANDING,3.72,0.423
14,214832.9,FALLING,3.16,0.455
14,214866.6,FALLING,2.33,0.473
14,214899.4,FALLING,1.60,0.512
14,214932.8,FALLING,1.60,0.528
14,214966.1,FALLING,1.98,0.524
14,214999.6,FALLING,1.85,0.509
14,215032.9,FALLING,1.32,0.484
14,215066.1,FALLING,1.68,0.391
14,215099.7,FALLING,4.18,0.278
14,215132.8,FALLING,7.05,0.361
14,215166.4,FALLING,12.23,0.324
14,215199.4,FALLING,16.46,0.116
14,215233.1,FALLING,20.80,0.036
14,215266.2,FALLING,24.42,-0.046
14,215299.6,FALLING,28.89,-0.050
14,215332.8,FALLING,33.43,-0.086
14,215366.3,FALLING,37.87,-0.093
14,215399.7,FALLING,42.98,-0.058
14,215432.9,FALLING,48.01,-0.068
14,215466.2,FALLING,52.79,-0.089
14,215499.5,FALLING,57.54,-0.078
14,215533.0,FALLEN,61.43,-0.066
14,215566.4,FALLEN,65.25,-0.051
14,215599.5,FALLEN,67.97,-0.041
14,215632.9,FALLEN,69.54,-0.019
14,215667.4,FALLEN,70.40,-0.008
14,215699.5,FALLEN,70.94,-0.001
14,215733.1,FALLEN,71.29,-0.002
14,215766.2,FALLEN,71.51,0.009
14,215799.6,FALLEN,71.34,0.010
14,215832.9,FALLEN,71.06,0.010
14,215866.4,FALLEN,70.64,0.015
14,215899.7,FALLEN,70.19,0.024
14,215933.2,FALLEN,69.73,0.018
14,215966.1,FALLEN,69.41,0.013
14,215999.8,FALLEN,69.21,0.007
14,216032.8,FALLEN,68.93,0.011
14,216066.2,FALLEN,68.47,0.010
14,216100.6,FALLEN,68.15,0.018
14,216133.2,FALLEN,67.35,0.022
14,216166.5,FALLEN,66.40,0.024
14,216199.5,FALLEN,65.52,0.013
14,216232.8,FALLEN,64.85,0.002
14,216266.1,FALLEN,63.95,-0.007
14,216299.7,FALLEN,63.05,-0.002
14,216332.9,FALLEN,61.73,-0.003
14,216366.3,FALLEN,59.98,0.022
14,216399.6,FALLEN,57.96,0.034
14,216433.1,FALLEN,55.57,0.042
14,216466.2,FALLEN,53.16,0.037
14,216499.5,FALLEN,50.45,0.077
14,216524.7,FALLEN,47.86,0.102
14,216566.3,FALLEN,45.47,0.075
14,216599.6,STANDING,43.83,0.066
14,216632.9,STANDING,42.74,0.045
14,216666.2,STANDING,42.05,0.041
14,216699.6,STANDING,41.49,0.042
14,216732.9,STANDING,40.84,0.033
14,216766.3,STANDING,40.43,0.032
14,216800.6,STANDING,40.24,0.032
14,216833.2,STANDING,40.45,0.025
14,216866.2,STANDING,40.87,0.062
14,216899.9,STANDING,41.48,0.025
14,216933.3,STANDING,41.78,-0.009
14,216967.3,STANDING,42.19,-0.010
14,217000.7,STANDING,42.93,-0.058
14,217033.1,STANDING,43.76,-0.056
14,217066.6,STANDING,45.16,-0.084
14,217099.6,STANDING,46.36,-0.098
14,217132.8,STANDING,47.36,-0.069
14,217166.1,STANDING,48.33,-0.044
14,217199.5,STANDING,48.73,-0.006
14,217234.0,STANDING,48.50,0.024
14,217266.3,STANDING,47.86,0.034
14,217299.6,STANDING,47.22,0.015
14,217332.9,STANDING,46.81,-0.008
14,217366.3,STANDING,46.46,-0.016
14,217399.6,STANDING,45.69,-0.012
14,217433.3,STANDING,44.75,0.003
14,217466.4,STANDING,43.38,0.026
14,217499.5,STANDING,41.57,0.025
14,217532.8,STANDING,39.64,0.064
14,217566.5,STANDING,37.44,0.079
14,217600.5,STANDING,35.39,0.071
14,217633.3,STANDING,33.43,0.062
14,217666.1,STANDING,31.53,0.045
14,217699.5,STANDING,29.44,0.080
14,217733.2,STANDING,27.26,0.122
14,217766.6,STANDING,25.53,0.095
14,217799.6,STANDING,24.32,0.098
14,217833.3,STANDING,23.48,0.185
14,217866.6,STANDING,23.13,0.189
14,217898.9,STANDING,23.01,0.173
14,217933.6,STANDING,22.87,0.136
14,217966.3,STANDING,22.56,0.152
14,218000.6,STANDING,22.17,0.111
14,218032.8,STANDING,21.65,0.066
14,218066.3,STANDING,21.02,0.030
14,218099.7,STANDING,20.44,-0.028
14,218134.1,STANDING,19.40,-0.109
14,218166.1,STANDING,17.87,-0.172
14,218199.8,STANDING,16.13,-0.140
14,218232.4,STANDING,14.98,-0.225
14,218265.2,STANDING,14.43,-0.332
14,218300.6,STANDING,13.82,-0.296
14,218332.8,STANDING,13.17,-0.171
14,218365.2,STANDING,12.45,-0.211
14,218398.6,STANDING,11.63,-0.194
14,218424.5,STANDING,11.32,-0.109
14,218467.2,STANDING,10.99,-0.089
14,218499.6,STANDING,10.57,-0.028
14,218532.9,STANDING,10.10,0.016
14,218566.3,STANDING,9.77,0.097
14,218599.9,STANDING,9.76,0.094
14,218632.8,STANDING,9.69,0.206
14,218666.2,STANDING,9.54,0.284
14,218699.5,STANDING,9.26,0.329
14,218734.0,STANDING,8.75,0.336
14,218765.7,STANDING,8.07,0.435
14,218798.6,STANDING,7.32,0.437
14,218833.2,STANDING,6.53,0.391
14,218866.1,STANDING,5.89,0.348
14,218899.6,STANDING,5.48,0.345
14,218933.2,STANDING,5.28,0.299
14,218966.4,STANDING,5.09,0.312
14,218999.7,STANDING,4.95,0.187
14,219032.8,STANDING,4.85,0.239
14,219066.2,STANDING,5.13,0.262
14,219099.6,STANDING,5.42,0.274
14,219133.0,STANDING,5.60,0.235
14,219166.3,STANDING,5.98,0.137
14,219199.6,STANDING,6.31,0.107
14,219233.0,STANDING,6.55,0.285
14,219266.3,STANDING,6.58,0.419
14,219298.8,FALLING,6.52,0.695
14,219332.8,FALLING,6.47,0.661
14,219365.3,FALLING,5.96,0.632
14,219399.6,FALLING,5.34,0.464
14,219433.0,FALLING,4.55,0.388
14,219466.3,FALLING,3.79,0.178
14,219499.7,FALLING,3.13,0.171
14,219532.9,FALLING,2.81,0.139
14,219566.3,FALLING,2.66,0.117
14,219599.6,FALLING,2.57,0.344
14,219633.0,FALLING,2.26,0.368
14,219666.3,FALLING,2.09,0.230
14,219700.0,FALLING,1.89,0.338
14,219732.8,FALLING,1.42,0.493
14,219766.6,FALLING,1.00,0.442
14,219799.9,FALLING,0.71,0.502
14,219833.3,FALLING,0.49,0.690
14,219866.2,FALLING,0.68,0.708
14,219899.9,FALLING,0.88,1.037
14,219933.3,FALLING,1.23,0.902
14,219966.2,FALLING,1.55,0.723
14,219999.9,FALLING,1.97,0.811
14,220033.3,FALLING,2.15,0.534
14,220066.1,FALLING,2.32,0.730
14,220100.6,FALLING,2.57,0.569
14,220132.9,FALLING,2.76,0.325
14,220166.3,FALLING,3.10,0.193
14,220199.6,FALLING,3.45,0.295
14,220232.9,FALLING,3.65,0.149
14,220266.3,FALLING,3.73,0.202
14,220299.7,STANDING,3.86,0.328
14,220332.9,STANDING,3.89,0.215
14,220366.3,STANDING,3.79,0.394
14,220392.1,STANDING,3.67,0.434
14,220433.9,STANDING,3.54,0.439
14,220467.2,STANDING,3.43,0.195
14,220499.9,STANDING,3.27,0.433
14,220533.3,STANDING,3.08,0.261
14,220567.4,STANDING,2.94,0.256
14,220599.6,STANDING,2.80,0.136
14,220633.0,STANDING,2.71,0.133
14,220666.6,STANDING,2.77,0.130
15,220699.7,STANDING,2.79,0.102
15,220732.8,STANDING,2.81,0.054
15,220766.6,STANDING,2.86,0.049
15,220799.8,STANDING,2.86,0.015
15,220833.2,STANDING,2.89,0.046
15,220866.6,STANDING,3.08,0.032
15,220900.0,STANDING,3.20,0.140
15,220933.0,STANDING,3.38,0.186
15,220966.5,STANDING,3.46,0.102
15,221000.5,STANDING,3.50,-0.006
15,221033.3,STANDING,3.46,-0.021
15,221066.3,STANDING,3.40,-0.028
15,221099.7,STANDING,3.28,-0.054
15,221133.1,STANDING,3.18,-0.055
15,221167.3,STANDING,3.06,-0.147
15,221199.8,STANDING,3.03,-0.090
15,221234.0,STANDING,2.95,-0.073
15,221267.4,STANDING,2.71,-0.058
15,221299.9,STANDING,2.45,-0.055
15,221333.2,STANDING,2.25,-0.119
15,221366.6,STANDING,1.83,-0.090
15,221399.9,STANDING,1.41,-0.111
15,221434.1,STANDING,1.01,-0.084
15,221466.2,STANDING,0.65,-0.055
15,221500.5,STANDING,0.40,-0.078
15,221524.5,STANDING,0.24,-0.070
15,221566.6,STANDING,0.15,-0.073
15,221599.7,STANDING,0.14,-0.265
15,221633.2,STANDING,0.17,-0.170
15,221667.4,STANDING,0.15,-0.156
15,221700.3,STANDING,0.19,-0.203
15,221733.2,STANDING,0.31,-0.293
15,221766.1,STANDING,0.33,-0.191
15,221799.8,STANDING,0.35,-0.228
15,221832.9,STANDING,0.28,-0.116
15,221866.1,STANDING,0.36,-0.030
15,221900.0,STANDING,0.49,-0.049
15,221932.8,STANDING,0.33,-0.016
15,221966.6,STANDING,0.21,-0.109
15,222000.6,STANDING,0.17,-0.173
15,222032.9,STANDING,0.14,-0.078
15,222066.3,STANDING,0.09,0.057
15,222099.7,STANDING,0.29,0.036
15,222133.9,STANDING,0.36,0.026
15,222166.3,STANDING,0.37,0.025
15,222199.8,STANDING,0.35,0.019
15,222233.1,STANDING,0.33,-0.041
15,222266.5,STANDING,0.27,-0.022
15,222299.8,STANDING,0.23,-0.017
15,222332.8,STANDING,0.28,-0.061
15,222366.4,STANDING,0.39,-0.120
15,222399.6,STANDING,0.59,-0.278
15,222432.9,STANDING,0.58,-0.145
15,222466.5,STANDING,0.68,-0.224
15,222499.7,STANDING,0.74,-0.226
15,222533.9,STANDING,0.68,-0.107
15,222566.5,STANDING,0.71,-0.054
15,222600.0,STANDING,0.62,-0.051
15,222633.3,STANDING,0.45,-0.024
15,222666.6,STANDING,0.29,-0.327
15,222699.5,STANDING,0.35,-0.666
15,222733.2,STANDING,0.46,-0.978
15,222767.2,STANDING,0.46,-0.664
15,222799.6,STANDING,0.50,-0.914
15,222833.0,STANDING,0.37,-0.764
15,222866.2,STANDING,0.22,-1.071
15,222899.9,STANDING,0.22,-1.946
15,222933.1,STANDING,0.36,-0.989
15,222966.5,STANDING,0.67,-1.077
15,222999.9,STANDING,0.65,-1.135
15,223032.8,STANDING,0.50,-0.868
15,223067.3,STANDING,0.63,-0.732
15,223099.6,STANDING,0.49,-0.701
15,223133.1,STANDING,0.39,-0.688
15,223166.4,STANDING,0.24,-0.517
15,223199.8,STANDING,0.42,-0.491
15,223233.2,STANDING,0.79,-0.271
15,223266.4,STANDING,0.94,-0.329
15,223300.6,STANDING,1.14,-0.354
15,223333.3,STANDING,1.30,-0.425
15,223366.6,STANDING,1.51,-0.452
15,223399.9,STANDING,1.69,-0.426
15,223433.3,STANDING,1.90,-0.436
15,223466.6,STANDING,1.92,-0.371
15,223499.9,STANDING,1.63,-0.360
15,223532.8,STANDING,1.49,-0.347
15,223566.3,STANDING,1.53,-0.344
15,223599.7,STANDING,1.85,-0.403
15,223633.0,STANDING,2.16,-0.370
15,223666.5,STANDING,2.45,-0.313
15,223699.6,STANDING,2.82,-0.264
15,223733.2,STANDING,3.00,-0.252
15,223766.1,STANDING,2.88,-0.229
15,223799.7,STANDING,2.54,-0.299
15,223833.3,STANDING,2.08,-0.324
15,223867.2,STANDING,1.33,-0.443
15,223899.8,STANDING,1.11,-0.397
15,223933.3,STANDING,1.19,-0.343
15,223967.2,STANDING,1.19,-0.295
15,223999.5,STANDING,1.25,-0.252
15,224032.9,STANDING,1.36,-0.212
15,224066.2,STANDING,1.42,-0.202
15,224100.0,STANDING,1.48,-0.195
15,224132.8,STANDING,1.56,-0.177
15,224166.3,STANDING,1.73,-0.141
15,224199.7,STANDING,1.87,-0.126
15,224232.9,STANDING,1.98,-0.126
15,224266.3,STANDING,2.07,-0.129
15,224299.6,STANDING,2.24,-0.146
15,224332.8,STANDING,2.44,-0.179
15,224367.3,STANDING,2.69,-0.160
15,224399.5,STANDING,2.56,-0.173
15,224433.1,STANDING,2.18,-0.156
15,224466.6,STANDING,1.90,-0.173
15,224499.9,STANDING,1.47,-0.209
15,224533.2,STANDING,1.09,-0.219
15,224566.6,STANDING,0.77,-0.205
15,224599.5,STANDING,0.50,-0.161
15,224632.8,STANDING,0.56,-0.150
15,224666.7,STANDING,0.75,-0.116
15,224700.5,STANDING,1.09,-0.097
15,224732.9,STANDING,1.51,-0.070
15,224766.4,STANDING,1.95,-0.050
15,224799.6,STANDING,2.40,-0.050
15,224832.9,STANDING,2.92,-0.054
15,224866.3,STANDING,3.47,-0.048
15,224900.6,STANDING,3.85,-0.064
15,224933.0,STANDING,4.33,-0.057
15,224966.3,STANDING,4.68,-0.044
15,224999.6,STANDING,5.01,-0.040
15,225033.0,STANDING,5.37,-0.027
15,225066.3,STANDING,5.92,-0.024
15,225099.7,STANDING,6.42,-0.030
15,225133.0,STANDING,6.94,-0.010
15,225166.3,STANDING,7.41,0.003
15,225199.5,STANDING,7.62,0.020
15,225233.2,STANDING,7.63,0.026
15,225266.2,STANDING,7.54,0.020
15,225299.6,STANDING,7.34,0.006
15,225333.3,STANDING,7.37,-0.039
15,225366.7,STANDING,7.39,-0.045
15,225399.5,STANDING,7.58,-0.043
15,225433.9,STANDING,7.74,-0.045
15,225466.2,STANDING,8.01,-0.056
15,225499.6,STANDING,8.35,-0.029
15,225533.0,STANDING,8.65,-0.015
15,225566.5,STANDING,8.89,0.013
15,225599.5,STANDING,9.07,0.034
15,225633.1,STANDING,9.37,0.099
15,225666.6,STANDING,9.52,0.214
15,225700.2,STANDING,9.59,0.302
15,225732.9,STANDING,9.51,0.380
15,225766.3,STANDING,9.54,0.359
15,225799.5,STANDING,9.83,0.371
15,225833.9,STANDING,10.26,0.384
15,225866.4,STANDING,10.89,0.375
15,225900.0,STANDING,12.14,0.348
15,225933.0,STANDING,13.10,0.387
15,225967.3,STANDING,14.46,0.416
15,225999.8,STANDING,16.16,0.364
15,226032.9,STANDING,18.01,0.399
15,226066.5,FALLING,19.34,0.560
15,226099.6,FALLING,19.02,0.512
15,226134.0,FALLING,18.27,0.618
15,226166.2,FALLING,17.28,0.560
15,226200.6,FALLING,15.57,0.600
15,226233.9,FALLING,12.13,0.478
15,226266.4,FALLING,8.33,0.282
15,226299.5,FALLING,6.67,0.398
15,226332.9,FALLING,7.93,0.279
15,226366.3,FALLING,11.88,0.024
15,226399.5,FALLING,17.77,-0.077
15,226433.0,FALLING,22.86,-0.005
15,226466.2,FALLING,28.71,-0.069
15,226499.8,FALLING,35.15,-0.106
15,226532.9,FALLING,43.00,-0.180
15,226566.2,FALLING,50.64,-0.169
15,226599.8,FALLING,56.93,-0.154
15,226632.8,FALLEN,62.09,-0.114
15,226666.5,FALLEN,65.52,-0.064
15,226700.3,FALLEN,67.18,-0.051
15,226733.3,FALLEN,68.14,-0.027
15,226766.3,FALLEN,68.30,-0.012
15,226799.9,FALLEN,68.23,0.014
15,226832.9,FALLEN,68.06,0.031
15,226866.6,FALLEN,67.69,0.032
15,226899.5,FALLEN,66.83,0.044
15,226933.2,FALLEN,66.09,0.041
15,226966.6,FALLEN,65.32,0.033
15,227000.0,FALLEN,64.59,0.025
15,227032.9,FALLEN,63.98,0.020
15,227066.3,FALLEN,63.50,0.015
15,227099.8,FALLEN,63.36,0.012
15,227132.9,FALLEN,62.96,0.015
15,227166.6,FALLEN,62.59,0.018
15,227199.7,FALLEN,62.07,0.049
15,227233.3,FALLEN,61.66,0.059
15,227266.2,FALLEN,61.42,0.065
15,227299.5,FALLEN,61.32,0.079
15,227333.1,FALLEN,61.33,0.082
15,227366.1,FALLEN,61.59,0.056
15,227399.5,FALLEN,61.78,0.060
15,227433.1,FALLEN,61.88,0.049
15,227466.6,FALLEN,61.93,0.056
15,227499.5,FALLEN,62.04,0.050
15,227533.1,FALLEN,62.19,0.034
15,227566.5,FALLEN,62.47,0.025
15,227599.9,FALLEN,62.95,-0.000
15,227632.8,FALLEN,63.63,-0.019
15,227666.5,FALLEN,64.28,-0.014
15,227692.2,FALLEN,65.00,-0.031
15,227733.1,FALLEN,65.51,-0.023
15,227766.5,FALLEN,66.00,-0.023
15,227799.7,FALLEN,66.43,-0.014
15,227833.9,FALLEN,66.90,-0.015
15,227866.2,FALLEN,67.29,-0.009
15,227899.8,FALLEN,67.67,-0.005
15,227932.9,FALLEN,67.97,0.001
15,227966.5,FALLEN,68.19,0.000
15,227999.8,FALLEN,68.36,0.007
15,228033.0,FALLEN,68.54,0.003
15,228066.4,FALLEN,68.81,-0.006
15,228099.8,FALLEN,69.28,-0.021
15,228133.8,FALLEN,69.94,-0.036
15,228166.2,FALLEN,70.61,-0.041
15,228199.8,FALLEN,71.15,-0.028
15,228233.3,FALLEN,71.69,-0.030
15,228267.2,FALLEN,72.23,-0.018
15,228299.8,FALLEN,72.76,-0.003
15,228333.2,FALLEN,73.18,-0.002
15,228366.1,FALLEN,73.56,-0.004
15,228399.8,FALLEN,73.97,0.009
15,228432.9,FALLEN,74.63,0.007
15,228466.5,FALLEN,75.55,0.000
15,228499.6,FALLEN,76.06,0.028
15,228533.1,FALLEN,75.76,0.042
15,228566.5,FALLEN,75.13,0.049
15,228600.0,FALLEN,74.73,0.042
15,228632.9,FALLEN,74.63,0.073
15,228666.3,FALLEN,74.44,0.129
15,228699.7,FALLEN,73.24,0.153
15,228732.8,FALLEN,71.85,0.155
15,228766.5,FALLEN,70.72,0.156
15,228799.6,FALLEN,69.95,0.111
15,228833.9,FALLEN,69.72,0.057
15,228866.3,FALLEN,69.39,0.087
15,228899.8,FALLEN,68.94,0.065
15,228932.8,FALLEN,68.68,0.079
15,228966.6,FALLEN,68.38,0.058
15,228999.9,FALLEN,68.11,0.025
15,229032.9,FALLEN,68.15,0.000
15,229066.3,FALLEN,68.11,-0.007
15,229100.6,FALLEN,68.09,-0.006
15,229133.0,FALLEN,68.03,-0.031
15,229166.5,FALLEN,68.55,-0.056
15,229200.0,FALLEN,68.15,-0.142
15,229233.3,FALLEN,68.31,-0.181
15,229266.6,FALLEN,68.33,-0.149
15,229300.0,FALLEN,69.63,-0.198
15,229332.9,FALLEN,71.84,-0.277
15,229366.2,FALLEN,73.63,-0.254
15,229399.8,FALLEN,75.25,-0.211
15,229434.0,FALLEN,75.12,-0.108
15,229466.5,FALLEN,73.32,-0.035
15,229499.5,FALLEN,70.42,0.008
15,229533.1,FALLEN,67.18,-0.004
15,229566.6,FALLEN,64.27,0.045
15,229599.9,FALLEN,60.71,0.092
15,229633.2,FALLEN,57.17,0.124
15,229666.6,FALLEN,53.24,0.144
15,229699.9,FALLEN,49.27,0.178
15,229732.9,FALLEN,45.88,0.149
15,229766.5,STANDING,43.08,0.112
15,229800.0,STANDING,40.71,0.119
15,229833.1,STANDING,38.78,0.122
15,229866.3,STANDING,37.12,0.133
15,229899.6,STANDING,35.19,0.184
15,229933.0,STANDING,33.46,0.169
15,229966.3,STANDING,31.73,0.209
15,229999.8,STANDING,30.35,0.151
15,230033.0,STANDING,28.87,0.177
15,230066.5,STANDING,27.45,0.183
15,230099.6,STANDING,26.24,0.137
15,230133.2,STANDING,25.13,0.116
15,230166.2,STANDING,24.54,0.055
15,230199.8,STANDING,24.63,0.032
15,230233.3,STANDING,24.53,0.010
15,230266.5,STANDING,23.78,-0.006
15,230300.5,STANDING,22.29,-0.029
15,230332.8,STANDING,20.26,-0.119
15,230366.1,STANDING,18.19,-0.199
15,230399.5,STANDING,15.65,-0.187
15,230433.1,STANDING,12.84,-0.072
15,230466.7,STANDING,10.37,-0.034
15,230499.9,STANDING,8.22,-0.017
15,230532.8,STANDING,6.28,-0.017
15,230566.2,STANDING,4.92,0.002
15,230599.6,STANDING,4.03,0.012
15,230633.1,STANDING,3.39,0.064
15,230666.3,STANDING,2.78,0.235
15,230699.5,STANDING,2.37,0.357
15,230732.9,STANDING,2.06,0.303
15,230766.2,STANDING,1.99,0.386
15,230800.6,STANDING,2.05,0.366
15,230833.1,STANDING,2.15,0.259
15,230866.5,STANDING,2.32,0.264
15,230899.5,STANDING,2.46,0.224
15,230932.8,FALLING,2.79,0.491
15,230966.6,FALLING,3.18,0.679
15,230999.5,FALLING,3.68,0.722
15,231032.8,FALLING,4.16,0.555
15,231057.9,FALLING,4.66,0.504
15,231099.5,FALLING,5.13,0.440
15,231124.5,FALLING,5.59,0.322
15,231166.3,FALLING,6.05,0.271
15,231199.6,FALLING,5.76,0.450
15,231232.9,FALLING,5.69,0.409
15,231266.2,FALLING,5.38,0.691
15,231300.0,FALLING,4.92,0.505
15,231333.3,FALLING,4.21,0.686
15,231366.6,FALLING,3.68,0.811
15,231399.9,FALLING,2.70,1.064
15,231433.3,FALLING,1.80,1.025
15,231466.2,FALLING,1.33,0.746
15,231499.9,FALLING,1.25,0.768
15,231533.2,FALLING,1.49,0.700
15,231566.5,FALLING,1.88,0.609
15,231599.9,FALLING,2.26,0.553
15,231633.3,FALLING,2.55,0.639
15,231666.6,FALLING,2.57,0.546
15,231700.0,FALLING,2.52,0.602
15,231732.9,FALLING,2.59,0.737
15,231766.2,FALLING,2.72,0.451
15,231799.9,FALLING,2.88,0.534
15,231833.3,FALLING,2.90,0.469
15,231866.7,FALLING,2.91,0.475
15,231899.5,FALLING,2.88,0.324
15,231932.8,FALLING,2.82,0.232
15,231966.2,STANDING,2.79,0.198
15,231999.6,STANDING,2.80,0.179
15,232033.0,STANDING,2.72,0.083
15,232067.3,STANDING,2.60,0.107
15,232099.7,STANDING,2.52,0.107
15,232133.1,STANDING,2.47,0.123
15,232166.5,STANDING,2.45,0.069
15,232199.9,STANDING,2.49,0.220
15,232232.8,STANDING,2.41,0.082
15,232266.5,STANDING,2.34,0.036
15,232299.8,STANDING,2.18,0.000
15,232332.9,STANDING,1.89,0.019
16,232366.8,STANDING,1.69,0.117
16,232399.5,STANDING,1.56,0.155
16,232433.1,STANDING,1.49,0.063
16,232466.7,STANDING,1.58,0.021
16,232499.5,STANDING,1.62,-0.015
16,232532.9,STANDING,1.70,-0.006
16,232566.5,STANDING,1.69,0.001
16,232599.5,STANDING,1.64,-0.003
16,232632.9,STANDING,1.58,-0.040
16,232666.2,STANDING,1.59,-0.008
16,232699.7,STANDING,1.52,-0.051
16,232733.0,STANDING,1.27,-0.258
16,232767.2,STANDING,1.04,-0.412
16,232799.8,STANDING,0.78,-0.558
16,232833.0,STANDING,0.62,-0.366
16,232866.3,STANDING,0.49,-0.386
16,232899.5,STANDING,0.48,-0.391
16,232933.1,STANDING,0.56,-0.561
16,232966.3,STANDING,0.63,-0.511
16,232999.5,STANDING,0.54,-0.683
16,233032.8,STANDING,0.37,-0.882
16,233066.2,STANDING,0.50,-0.563
16,233099.6,STANDING,0.58,-0.414
16,233133.1,STANDING,0.67,-0.269
16,233166.2,STANDING,0.86,-0.233
16,233199.6,STANDING,1.04,-0.173
16,233233.0,STANDING,1.18,-0.182
16,233266.6,STANDING,1.41,-0.490
16,233299.7,STANDING,1.72,-0.316
16,233333.0,STANDING,1.85,-0.302
16,233366.4,STANDING,1.89,-0.263
16,233399.6,STANDING,1.85,-0.278
16,233433.1,STANDING,1.51,-0.329
16,233466.4,STANDING,1.60,-0.275
16,233491.2,STANDING,1.56,-0.369
16,233533.0,STANDING,1.64,-0.429
16,233566.3,STANDING,2.08,-0.433
16,233599.6,STANDING,2.24,-0.405
16,233633.3,STANDING,2.25,-0.383
16,233666.2,STANDING,2.35,-0.256
16,233699.5,STANDING,2.59,-0.454
16,233733.3,STANDING,2.77,-0.265
16,233766.2,STANDING,2.96,-0.293
16,233800.0,STANDING,3.11,-0.291
16,233833.2,STANDING,3.22,-0.245
16,233866.2,STANDING,3.31,-0.146
16,233899.5,STANDING,3.37,-0.032
16,233934.0,STANDING,3.46,-0.001
16,233966.3,STANDING,3.63,0.018
16,233999.8,STANDING,3.77,0.083
16,234033.3,STANDING,3.96,0.093
16,234066.2,STANDING,3.94,0.089
16,234099.9,STANDING,3.95,0.301
16,234133.1,STANDING,3.75,0.321
16,234166.4,STANDING,3.54,0.269
16,234199.5,STANDING,3.17,0.196
16,234232.9,STANDING,2.89,0.195
16,234267.3,STANDING,2.79,0.201
16,234299.8,STANDING,2.71,0.193
16,234333.2,STANDING,2.76,0.283
16,234366.5,STANDING,2.82,0.120
16,234399.7,STANDING,2.94,0.107
16,234433.0,STANDING,3.02,0.047
16,234465.3,STANDING,3.18,0.002
16,234498.6,STANDING,3.22,-0.324
16,234533.1,STANDING,3.06,-0.438
16,234566.3,STANDING,3.04,-0.465
16,234599.8,STANDING,2.84,-0.490
16,234633.1,STANDING,2.64,-0.433
16,234666.4,STANDING,2.29,-0.238
16,234699.8,STANDING,2.32,-0.213
16,234733.2,STANDING,2.40,-0.258
16,234766.3,STANDING,2.23,-0.358
16,234799.7,STANDING,2.10,-0.466
16,234832.9,STANDING,2.30,-0.527
16,234866.3,STANDING,2.46,-0.792
16,234899.7,STANDING,3.33,-0.523
16,234933.1,STANDING,4.57,-0.552
16,234966.2,STANDING,6.07,-0.411
16,234999.8,STANDING,5.43,-0.593
16,235033.3,STANDING,5.58,-0.516
16,235066.5,STANDING,5.39,-0.588
16,235099.8,STANDING,5.09,-0.489
16,235133.2,STANDING,4.80,-0.402
16,235166.2,STANDING,4.73,-0.367
16,235199.5,STANDING,4.67,-0.305
16,235233.0,STANDING,4.59,-0.334
16,235267.2,STANDING,4.49,-0.356
16,235299.8,STANDING,4.44,-0.367
16,235333.9,STANDING,4.46,-0.459
16,235366.5,STANDING,4.67,-0.456
16,235399.7,STANDING,5.11,-0.546
16,235433.3,STANDING,5.45,-0.599
16,235466.2,STANDING,5.71,-0.572
16,235499.6,STANDING,5.85,-0.507
16,235533.3,STANDING,5.81,-0.447
16,235566.6,STANDING,5.51,-0.333
16,235599.9,STANDING,5.21,-0.326
16,235634.0,STANDING,4.77,-0.295
16,235665.3,STANDING,4.40,-0.374
16,235699.9,STANDING,4.02,-0.410
16,235732.9,STANDING,3.61,-0.409
16,235766.2,STANDING,3.22,-0.426
16,235799.6,STANDING,2.85,-0.443
16,235832.9,STANDING,2.55,-0.358
16,235866.3,STANDING,2.30,-0.246
16,235899.7,STANDING,1.91,-0.199
16,235933.9,STANDING,1.45,-0.192
16,235966.3,STANDING,1.02,-0.186
16,235999.8,STANDING,0.63,-0.200
16,236032.9,STANDING,0.65,-0.211
16,236066.5,STANDING,0.96,-0.198
16,236099.6,STANDING,1.37,-0.175
16,236133.2,STANDING,1.90,-0.187
16,236166.3,STANDING,2.44,-0.221
16,236199.5,STANDING,2.97,-0.236
16,236233.3,STANDING,3.34,-0.223
16,236266.2,STANDING,3.60,-0.225
16,236299.5,STANDING,3.56,-0.200
16,236333.3,STANDING,3.42,-0.225
16,236365.2,STANDING,3.24,-0.208
16,236399.6,STANDING,3.17,-0.181
16,236433.2,STANDING,3.24,-0.143
16,236466.7,STANDING,3.29,-0.104
16,236499.5,STANDING,3.24,-0.076
16,236532.8,STANDING,3.07,-0.071
16,236567.2,STANDING,2.98,-0.061
16,236600.8,STANDING,2.89,-0.058
16,236633.9,STANDING,2.79,-0.049
16,236666.2,STANDING,2.69,-0.048
16,236700.7,STANDING,2.57,-0.056
16,236733.1,STANDING,2.40,-0.049
16,236766.3,STANDING,2.13,-0.044
16,236799.8,STANDING,1.88,-0.029
16,236833.0,STANDING,1.63,-0.039
16,236866.3,STANDING,1.43,-0.041
16,236899.7,STANDING,1.19,-0.036
16,236933.1,STANDING,1.02,-0.038
16,236966.4,STANDING,1.08,-0.049
16,236999.9,STANDING,1.40,-0.046
16,237033.1,STANDING,1.82,-0.029
16,237066.2,STANDING,2.29,-0.028
16,237099.5,STANDING,2.84,-0.033
16,237133.2,STANDING,3.48,-0.046
16,237166.2,STANDING,4.01,-0.028
16,237200.5,STANDING,4.57,-0.031
16,237233.2,STANDING,5.02,-0.038
16,237266.2,STANDING,5.46,-0.027
16,237299.8,STANDING,5.93,-0.018
16,237333.0,STANDING,6.30,-0.014
16,237366.6,STANDING,6.69,-0.021
16,237400.7,STANDING,7.02,-0.017
16,237432.9,STANDING,7.30,-0.013
16,237466.4,STANDING,7.55,-0.008
16,237499.7,STANDING,7.67,-0.002
16,237534.0,STANDING,7.68,0.003
16,237567.5,STANDING,7.62,0.011
16,237599.5,STANDING,7.59,0.036
16,237634.1,STANDING,7.61,0.039
16,237666.5,STANDING,7.69,0.042
16,237699.6,STANDING,7.83,0.046
16,237732.9,STANDING,7.99,0.052
16,237766.5,STANDING,8.15,0.044
16,237799.6,STANDING,8.37,0.049
16,237833.1,STANDING,8.58,0.054
16,237866.4,STANDING,8.76,0.045
16,237900.5,STANDING,8.92,0.039
16,237932.8,STANDING,9.04,0.034
16,237966.3,STANDING,9.12,0.059
16,238000.0,STANDING,9.33,0.120
16,238033.9,STANDING,9.73,0.156
16,238066.6,STANDING,10.09,0.239
16,238100.0,STANDING,10.55,0.285
16,238132.9,STANDING,10.95,0.323
16,238166.4,STANDING,11.13,0.348
16,238199.6,STANDING,11.13,0.404
16,238233.1,STANDING,11.10,0.354
16,238266.4,STANDING,11.36,0.313
16,238299.5,STANDING,11.94,0.333
16,238332.9,STANDING,12.99,0.328
16,238366.3,STANDING,14.56,0.229
16,238399.8,STANDING,16.70,0.282
16,238432.9,STANDING,18.95,0.285
16,238466.2,STANDING,21.10,0.333
16,238499.7,STANDING,22.22,0.428
16,238533.1,FALLING,22.33,0.482
16,238566.4,FALLING,22.35,0.495
16,238599.8,FALLING,21.44,0.458
16,238632.9,FALLING,19.02,0.515
16,238666.2,FALLING,15.95,0.398
16,238699.6,FALLING,11.34,0.377
16,238733.1,FALLING,8.02,0.357
16,238766.5,FALLING,8.49,0.127
16,238799.5,FALLING,12.10,-0.034
16,238832.9,FALLING,16.90,-0.069
16,238866.5,FALLING,22.01,0.069
16,238899.6,FALLING,28.20,0.039
16,238933.1,FALLING,36.46,0.031
16,238966.5,FALLING,44.88,0.030
16,238999.9,FALLING,53.04,0.023
16,239033.4,FALLEN,60.18,-0.087
16,239066.6,FALLEN,66.56,-0.098
16,239100.0,FALLEN,71.31,-0.068
16,239132.9,FALLEN,74.54,-0.039
16,239166.2,FALLEN,77.27,-0.020
16,239199.5,FALLEN,79.24,-0.000
16,239233.3,FALLEN,80.66,0.013
16,239266.6,FALLEN,81.49,0.034
16,239299.6,FALLEN,81.78,0.071
16,239332.9,FALLEN,81.83,0.049
16,239366.3,FALLEN,81.32,0.052
16,239399.5,FALLEN,80.73,0.035
16,239433.3,FALLEN,80.06,0.024
16,239466.2,FALLEN,79.40,0.021
16,239499.8,FALLEN,78.88,0.013
16,239532.9,FALLEN,78.54,0.007
16,239566.2,FALLEN,78.25,0.006
16,239599.6,FALLEN,77.95,0.010
16,239633.3,FALLEN,77.64,0.013
16,239666.6,FALLEN,77.21,0.016
16,239700.6,FALLEN,76.78,0.011
16,239732.9,FALLEN,76.24,0.014
16,239766.4,FALLEN,75.18,0.044
16,239800.6,FALLEN,73.74,0.067
16,239833.0,FALLEN,72.43,0.077
16,239866.4,FALLEN,71.10,0.066
16,239899.6,FALLEN,69.25,0.051
16,239933.0,FALLEN,67.17,0.016
16,239966.5,FALLEN,65.55,0.021
16,239999.8,FALLEN,64.18,0.045
16,240033.0,FALLEN,63.40,0.087
16,240066.3,FALLEN,62.37,0.105
16,240099.6,FALLEN,60.50,0.147
16,240133.1,FALLEN,58.70,0.116
16,240166.7,FALLEN,56.89,0.113
16,240199.7,FALLEN,56.42,0.095
16,240233.2,FALLEN,56.84,0.052
16,240266.4,FALLEN,57.45,0.029
16,240299.7,FALLEN,58.06,0.027
16,240332.8,FALLEN,58.05,0.027
16,240366.2,FALLEN,56.34,0.030
16,240399.5,FALLEN,53.43,0.028
16,240433.2,FALLEN,51.03,-0.061
16,240466.7,FALLEN,50.00,-0.160
16,240499.5,FALLEN,50.01,-0.190
16,240532.8,FALLEN,50.37,-0.227
16,240566.5,FALLEN,50.63,-0.280
16,240599.9,FALLEN,50.55,-0.203
16,240633.3,FALLEN,50.50,-0.122
16,240666.1,FALLEN,50.22,-0.062
16,240699.8,FALLEN,49.36,0.000
16,240733.3,FALLEN,47.47,0.093
16,240766.5,FALLEN,45.40,0.095
16,240799.8,STANDING,42.86,0.165
16,240833.1,STANDING,40.23,0.201
16,240866.4,STANDING,37.64,0.178
16,240899.6,STANDING,34.98,0.152
16,240933.9,STANDING,32.48,0.126
16,240966.3,STANDING,29.88,0.129
16,241000.7,STANDING,27.18,0.171
16,241033.1,STANDING,24.26,0.232
16,241066.5,STANDING,21.44,0.163
16,241099.8,STANDING,18.68,0.150
16,241133.0,STANDING,15.87,0.085
16,241167.3,STANDING,13.45,0.076
16,241199.5,STANDING,11.35,0.101
16,241232.9,STANDING,9.77,0.061
16,241266.4,STANDING,8.69,0.010
16,241299.5,STANDING,7.89,-0.010
16,241333.2,STANDING,7.19,-0.013
16,241366.4,STANDING,6.38,-0.100
16,241399.7,STANDING,5.48,-0.156
16,241432.9,STANDING,4.47,-0.205
16,241466.5,STANDING,3.49,-0.181
16,241499.8,STANDING,2.66,-0.099
16,241534.0,STANDING,2.28,-0.122
16,241566.2,STANDING,1.90,-0.128
16,241600.0,STANDING,1.75,-0.233
16,241632.8,STANDING,1.63,-0.121
16,241666.3,STANDING,1.30,-0.039
16,241699.6,STANDING,0.99,0.010
16,241733.0,STANDING,0.76,0.113
16,241766.3,STANDING,0.49,0.330
16,241799.6,FALLING,0.36,0.465
16,241833.2,FALLING,0.23,0.479
16,241866.2,FALLING,0.19,0.520
16,241899.8,FALLING,0.45,0.452
16,241933.2,FALLING,0.73,0.435
16,241967.3,FALLING,0.94,0.584
16,241999.5,FALLING,1.17,0.480
16,242032.9,FALLING,1.39,0.251
16,242066.5,FALLING,1.67,0.338
16,242099.7,FALLING,1.96,0.515
16,242134.0,FALLING,2.01,0.576
16,242166.4,FALLING,2.30,0.646
16,242199.6,FALLING,2.15,0.730
16,242233.3,FALLING,2.31,0.612
16,242266.6,FALLING,2.46,0.530
16,242299.8,FALLING,2.18,0.477
16,242333.2,FALLING,1.46,0.555
16,242366.2,FALLING,0.92,0.459
16,242399.5,FALLING,0.69,0.524
16,242433.0,FALLING,0.58,0.588
16,242466.2,FALLING,0.78,0.704
16,242500.0,FALLING,1.12,0.676
16,242533.1,FALLING,1.26,0.618
16,242566.2,FALLING,1.49,0.844
16,242599.5,FALLING,1.36,0.656
16,242633.3,FALLING,1.09,0.585
16,242666.5,FALLING,0.76,0.499
16,242699.6,FALLING,0.92,0.434
16,242733.0,FALLING,1.11,0.489
16,242766.2,FALLING,1.32,0.576
16,242799.6,FALLING,1.37,0.447
16,242833.0,STANDING,1.58,0.614
16,242866.2,FALLING,1.65,0.485
16,242899.9,FALLING,1.75,0.773
16,242933.0,FALLING,1.89,0.369
16,242966.3,FALLING,1.86,0.297
16,242999.6,FALLING,1.73,0.545
16,243033.0,FALLING,1.61,0.534
16,243066.5,FALLING,1.20,0.470
16,243099.8,FALLING,0.85,0.468
16,243133.0,FALLING,0.61,0.420
16,243166.5,FALLING,0.53,0.372
16,243199.5,FALLING,0.55,0.185
16,243233.0,FALLING,0.70,0.099
16,243266.3,FALLING,0.72,-0.003
17,243299.5,FALLING,0.58,0.104
17,243332.9,FALLING,0.45,0.146
17,243366.2,FALLING,0.37,0.298
17,243399.8,FALLING,0.28,0.148
17,243433.1,FALLING,0.23,0.145
17,243466.4,FALLING,0.22,0.078
17,243499.8,FALLING,0.18,0.259
17,243532.9,FALLING,0.16,0.211
17,243566.4,FALLING,0.11,0.160
17,243599.5,FALLING,0.09,0.069
17,243632.8,FALLING,0.12,0.031
17,243666.2,FALLING,0.16,0.001
17,243699.5,FALLING,0.44,0.047
17,243733.0,FALLING,0.61,0.030
17,243766.5,FALLING,0.72,0.007
17,243799.9,FALLING,0.80,-0.026
17,243833.1,FALLING,0.85,-0.190
17,243866.3,STANDING,0.85,-0.170
17,243900.6,STANDING,0.84,-0.110
17,243933.2,STANDING,0.80,-0.065
17,243966.5,STANDING,0.72,-0.075
17,243999.5,STANDING,0.56,-0.278
17,244032.8,STANDING,0.37,-0.233
17,244066.4,STANDING,0.32,-0.261
17,244099.7,STANDING,0.20,-0.278
17,244133.0,STANDING,0.12,-0.304
17,244167.2,STANDING,0.08,-0.189
17,244199.7,STANDING,0.05,-0.118
17,244232.9,STANDING,0.07,-0.265
17,244266.4,STANDING,0.07,-0.140
17,244299.6,STANDING,0.21,-0.059
17,244333.0,STANDING,0.40,-0.016
17,244366.6,STANDING,0.50,0.185
17,244399.5,STANDING,0.68,0.110
17,244432.9,STANDING,0.89,0.260
17,244466.5,STANDING,0.86,0.306
17,244500.0,STANDING,0.88,0.259
17,244534.0,STANDING,1.03,0.196
17,244566.5,STANDING,0.82,0.072
17,244599.8,STANDING,0.75,0.042
17,244632.9,STANDING,0.74,0.118
17,244666.5,STANDING,0.95,0.061
17,244699.8,STANDING,0.93,0.039
17,244733.0,STANDING,0.98,0.020
17,244766.7,STANDING,1.08,0.023
17,244799.8,STANDING,1.10,-0.026
17,244833.0,STANDING,1.24,-0.076
17,244866.3,STANDING,1.09,-0.155
17,244899.7,STANDING,0.95,-0.284
17,244932.9,STANDING,0.84,-0.215
17,244966.2,STANDING,0.72,-0.124
17,244999.8,STANDING,0.59,-0.069
17,245032.8,STANDING,0.56,-0.037
17,245066.3,STANDING,0.49,0.003
17,245099.9,STANDING,0.46,0.058
17,245133.3,STANDING,0.38,0.046
17,245166.2,STANDING,0.30,0.025
17,245199.5,STANDING,0.20,0.107
17,245234.0,STANDING,0.32,0.062
17,245266.1,STANDING,0.46,-0.047
17,245299.6,STANDING,0.51,-0.070
17,245332.9,STANDING,0.47,-0.059
17,245366.5,STANDING,0.47,-0.064
17,245399.5,STANDING,0.40,-0.039
17,245432.9,STANDING,0.39,-0.095
17,245466.3,STANDING,0.43,-0.076
17,245499.8,STANDING,0.45,-0.044
17,245533.0,STANDING,0.43,-0.078
17,245566.4,STANDING,0.41,-0.167
17,245599.7,STANDING,0.43,-0.159
17,245632.9,STANDING,0.54,-0.275
17,245666.6,STANDING,0.57,-0.456
17,245699.8,STANDING,0.40,-0.583
17,245733.3,STANDING,0.27,-0.569
17,245766.4,STANDING,0.17,-0.584
17,245799.5,STANDING,0.23,-0.391
17,245833.3,STANDING,0.18,-0.643
17,245866.5,STANDING,0.17,-0.548
17,245899.8,STANDING,0.25,-0.566
17,245934.0,STANDING,0.47,-0.395
17,245966.3,STANDING,0.71,-0.412
17,245999.7,STANDING,1.03,-0.596
17,246033.9,STANDING,1.33,-0.663
17,246066.2,STANDING,1.69,-0.883
17,246100.7,STANDING,1.97,-0.813
17,246134.1,STANDING,2.31,-0.953
17,246166.5,STANDING,2.68,-0.999
17,246199.5,STANDING,2.84,-0.588
17,246233.2,STANDING,2.94,-0.449
17,246266.5,STANDING,2.97,-0.449
17,246299.5,STANDING,2.99,-0.563
17,246332.8,STANDING,2.90,-0.442
17,246367.2,STANDING,2.74,-0.359
17,246399.6,STANDING,2.42,-0.311
17,246434.0,STANDING,1.69,-0.166
17,246466.5,STANDING,1.64,-0.629
17,246499.6,STANDING,1.53,-0.531
17,246533.0,STANDING,1.40,-0.552
17,246566.5,STANDING,1.27,-0.541
17,246599.5,STANDING,1.22,-0.544
17,246633.0,STANDING,1.16,-0.561
17,246666.7,STANDING,0.98,-0.498
17,246699.5,STANDING,0.81,-0.508
17,246733.1,STANDING,0.75,-0.491
17,246766.2,STANDING,0.81,-0.390
17,246799.7,STANDING,0.97,-0.347
17,246833.1,STANDING,1.11,-0.321
17,246866.5,STANDING,1.22,-0.293
17,246899.5,STANDING,1.36,-0.284
17,246933.1,STANDING,1.62,-0.250
17,246966.2,STANDING,1.97,-0.280
17,246999.5,STANDING,2.34,-0.243
17,247034.0,STANDING,2.76,-0.274
17,247067.6,STANDING,3.14,-0.328
17,247099.9,STANDING,3.50,-0.345
17,247133.3,STANDING,3.82,-0.398
17,247167.3,STANDING,4.00,-0.377
17,247199.5,STANDING,3.99,-0.330
17,247233.0,STANDING,3.92,-0.291
17,247266.3,STANDING,3.81,-0.249
17,247299.6,STANDING,3.63,-0.230
17,247333.0,STANDING,3.46,-0.268
17,247366.3,STANDING,3.26,-0.274
17,247399.7,STANDING,3.04,-0.233
17,247433.0,STANDING,2.77,-0.202
17,247466.5,STANDING,2.41,-0.199
17,247499.7,STANDING,2.10,-0.186
17,247533.0,STANDING,1.76,-0.194
17,247566.3,STANDING,1.43,-0.166
17,247599.7,STANDING,1.03,-0.140
17,247632.9,STANDING,0.65,-0.196
17,247666.2,STANDING,0.71,-0.188
17,247699.9,STANDING,1.10,-0.175
17,247733.0,STANDING,1.50,-0.165
17,247766.4,STANDING,1.79,-0.154
17,247799.5,STANDING,2.23,-0.170
17,247833.2,STANDING,2.65,-0.230
17,247866.3,STANDING,2.95,-0.232
17,247899.6,STANDING,3.23,-0.248
17,247934.1,STANDING,3.27,-0.243
17,247966.5,STANDING,3.15,-0.208
17,247999.8,STANDING,3.11,-0.203
17,248033.2,STANDING,3.07,-0.197
17,248066.6,STANDING,3.13,-0.188
17,248099.6,STANDING,3.32,-0.149
17,248133.2,STANDING,3.58,-0.131
17,248166.5,STANDING,3.71,-0.109
17,248199.8,STANDING,3.73,-0.107
17,248232.9,STANDING,3.64,-0.073
17,248266.3,STANDING,3.53,-0.056
17,248299.5,STANDING,3.27,-0.059
17,248333.0,STANDING,2.90,-0.058
17,248366.3,STANDING,2.51,-0.049
17,248399.6,STANDING,2.21,-0.034
17,248433.1,STANDING,2.00,-0.030
17,248466.2,STANDING,1.69,-0.021
17,248500.7,STANDING,1.34,-0.033
17,248533.2,STANDING,0.97,-0.059
17,248566.3,STANDING,0.67,-0.085
17,248600.8,STANDING,0.41,-0.082
17,248633.1,STANDING,0.30,-0.091
17,248666.3,STANDING,0.41,-0.098
17,248699.7,STANDING,0.53,-0.097
17,248733.3,STANDING,0.70,-0.066
17,248766.5,STANDING,0.68,-0.085
17,248799.8,STANDING,0.65,-0.092
17,248832.9,STANDING,0.56,-0.091
17,248866.3,STANDING,0.43,-0.089
17,248899.9,STANDING,0.38,-0.087
17,248932.8,STANDING,0.55,-0.101
17,248966.6,STANDING,0.82,-0.093
17,248999.6,STANDING,1.06,-0.070
17,249033.2,STANDING,1.18,-0.045
17,249066.4,STANDING,1.23,-0.037
17,249099.6,STANDING,1.31,-0.019
17,249133.1,STANDING,1.34,-0.004
17,249166.5,STANDING,1.42,-0.001
17,249199.5,STANDING,1.42,0.025
17,249232.8,STANDING,1.43,0.034
17,249266.2,STANDING,1.34,0.052
17,249300.0,STANDING,1.28,0.063
17,249333.3,STANDING,1.09,0.072
17,249366.5,STANDING,0.71,0.075
17,249399.6,STANDING,0.66,0.087
17,249433.0,STANDING,0.98,0.070
17,249466.4,STANDING,1.51,0.065
17,249499.6,STANDING,2.13,0.036
17,249533.0,STANDING,3.11,0.018
17,249566.3,STANDING,4.26,0.009
17,249599.8,STANDING,5.37,0.004
17,249632.8,STANDING,6.58,0.001
17,249666.3,STANDING,7.63,0.029
17,249700.6,STANDING,8.45,0.060
17,249732.8,STANDING,9.05,0.119
17,249766.4,STANDING,9.58,0.107
17,249799.7,STANDING,9.78,0.114
17,249832.8,STANDING,10.10,0.105
17,249867.3,STANDING,10.48,0.100
17,249899.8,STANDING,11.00,0.101
17,249933.0,STANDING,11.63,0.149
17,249966.4,STANDING,12.22,0.149
17,250000.7,STANDING,13.01,0.172
17,250032.9,STANDING,14.05,0.217
17,250067.3,STANDING,15.70,0.198
17,250100.0,STANDING,17.83,0.234
17,250132.9,STANDING,20.28,0.240
17,250166.5,STANDING,22.80,0.265
17,250199.6,STANDING,26.06,0.234
17,250233.2,STANDING,28.93,0.279
17,250266.7,STANDING,31.24,0.317
17,250299.7,STANDING,33.77,0.282
17,250333.0,STANDING,37.93,0.189
17,250367.4,STANDING,41.92,0.134
17,250399.8,STANDING,45.54,0.083
17,250434.2,STANDING,49.08,0.070
17,250466.2,STANDING,51.80,0.050
17,250500.7,STANDING,52.78,0.101
17,250534.0,STANDING,51.92,0.144
17,250566.2,STANDING,50.57,0.125
17,250598.6,STANDING,49.99,0.085
17,250634.0,STANDING,49.91,0.062
17,250674.6,STANDING,49.36,0.071
17,250699.6,STANDING,49.32,0.081
17,250733.1,STANDING,48.69,0.115
17,250766.3,STANDING,46.75,0.171
17,250799.6,STANDING,44.61,0.139
17,250833.0,STANDING,43.04,0.144
17,250867.3,STANDING,41.79,0.125
17,250899.7,STANDING,40.72,0.176
17,250932.8,STANDING,40.38,0.147
17,250966.3,STANDING,39.62,0.173
17,250999.6,STANDING,39.64,0.118
17,251034.0,STANDING,40.62,0.141
17,251066.3,STANDING,41.82,0.103
17,251100.6,STANDING,43.57,0.066
17,251132.0,STANDING,46.41,0.014
17,251166.2,STANDING,49.69,-0.020
17,251199.5,STANDING,53.44,-0.020
17,251232.9,STANDING,57.19,-0.026
17,251266.5,STANDING,60.96,-0.032
17,251300.8,STANDING,64.42,-0.027
17,251334.1,STANDING,67.54,-0.016
17,251366.4,STANDING,69.98,0.039
17,251399.8,STANDING,71.68,0.041
17,251432.9,STANDING,73.08,0.057
17,251466.4,STANDING,74.23,0.035
17,251499.6,STANDING,75.36,0.015
17,251533.0,STANDING,76.53,0.014
17,251565.6,STANDING,77.88,0.007
17,251599.8,STANDING,79.46,0.013
17,251633.9,STANDING,81.21,0.012
17,251666.3,STANDING,82.88,0.001
17,251699.9,STANDING,84.23,0.001
17,251734.1,STANDING,85.68,0.001
17,251766.4,STANDING,86.74,0.001
17,251799.6,STANDING,87.46,-0.012
17,251834.1,STANDING,88.05,-0.013
17,251866.2,STANDING,88.50,-0.014
17,251900.0,STANDING,89.01,-0.013
17,251933.3,STANDING,89.28,-0.006
17,251967.3,STANDING,89.40,-0.003
17,251999.5,STANDING,89.35,0.003
17,252033.0,STANDING,89.10,0.008
17,252067.4,STANDING,88.63,0.011
17,252099.7,STANDING,88.11,0.014
17,252133.2,STANDING,87.67,0.013
17,252166.3,STANDING,87.22,0.019
17,252199.1,STANDING,86.88,0.016
17,252232.9,STANDING,86.58,0.017
17,252267.3,STANDING,86.29,0.019
17,252299.6,STANDING,85.94,0.027
17,252332.9,STANDING,85.43,0.038
17,252366.6,STANDING,84.93,0.034
17,252399.6,STANDING,84.53,0.028
17,252433.0,STANDING,84.03,0.036
17,252467.4,STANDING,83.66,0.030
17,252499.7,STANDING,83.29,0.030
17,252533.0,STANDING,83.02,0.024
17,252566.4,STANDING,82.76,0.025
17,252599.6,STANDING,82.57,0.021
17,252632.9,STANDING,82.42,0.020
17,252666.4,STANDING,82.35,0.012
17,252699.7,STANDING,82.27,0.013
17,252733.0,STANDING,82.24,0.008
17,252766.3,STANDING,82.19,0.008
17,252799.6,STANDING,82.25,0.003
17,252833.0,STANDING,82.26,0.005
17,252867.4,STANDING,82.29,0.003
17,252899.7,STANDING,82.33,0.001
17,252934.0,STANDING,82.45,0.001
17,252967.6,STANDING,82.50,0.002
17,252999.8,STANDING,82.66,-0.001
17,253033.1,STANDING,82.68,0.005
17,253067.3,STANDING,82.73,-0.001
17,253099.7,STANDING,82.78,-0.000
17,253133.1,STANDING,82.74,0.002
17,253166.3,STANDING,82.76,-0.002
17,253200.7,STANDING,82.75,0.001
17,253233.1,STANDING,82.78,-0.002
17,253266.4,STANDING,82.79,0.002
17,253299.8,STANDING,82.76,0.000
17,253334.1,STANDING,82.75,0.002
17,253366.3,STANDING,82.81,-0.002
17,253400.0,STANDING,82.81,-0.001
17,253432.9,STANDING,82.81,-0.001
17,253466.2,STANDING,82.87,0.001
17,253500.8,STANDING,82.91,0.001
17,253532.9,STANDING,82.95,0.001
17,253566.4,STANDING,82.96,0.001
17,253599.7,STANDING,83.01,0.001
17,253633.0,STANDING,83.04,0.001
17,253666.4,STANDING,83.05,0.002
17,253700.7,STANDING,83.03,0.001
17,253733.1,STANDING,83.00,0.001
17,253767.3,STANDING,82.99,0.000
17,253799.6,STANDING,82.96,0.002
17,253833.2,STANDING,82.91,0.001
17,253866.3,STANDING,82.86,0.002
17,253899.6,STANDING,82.90,-0.001
17,253933.1,STANDING,82.92,-0.000
17,253966.2,STANDING,82.94,-0.001
17,253999.8,STANDING,82.95,-0.000
17,254032.9,STANDING,82.95,0.001
17,254067.6,STANDING,82.97,0.000
17,254099.8,STANDING,82.94,0.001
17,254133.9,STANDING,82.98,-0.002
17,254166.2,STANDING,82.99,-0.000
17,254200.0,STANDING,83.00,-0.001
17,254233.1,STANDING,83.00,-0.000
17,254266.5,STANDING,83.01,-0.000
17,254299.8,STANDING,83.01,0.001
17,254333.1,STANDING,83.08,-0.003
17,254367.4,STANDING,83.10,-0.001
17,254399.9,STANDING,83.12,-0.001
17,254433.0,STANDING,83.15,-0.001
17,254466.3,STANDING,83.13,0.001
17,254499.6,STANDING,83.14,-0.000
17,254533.1,STANDING,83.11,0.000
17,254566.4,STANDING,83.16,0.001
17,254599.6,STANDING,83.16,0.002
17,254633.9,STANDING,83.21,0.000
17,254666.2,STANDING,83.22,0.001
17,254699.6,STANDING,83.21,0.001
17,254732.9,STANDING,83.17,0.004
17,254766.4,STANDING,83.06,0.001
17,254799.8,STANDING,82.99,0.003
17,254833.2,STANDING,82.96,0.002
17,254866.5,STANDING,82.97,0.002
17,254899.8,STANDING,83.01,0.001
17,254934.0,STANDING,83.07,0.001
17,254966.3,STANDING,83.17,0.000
17,254999.7,STANDING,83.28,-0.002
17,255033.9,STANDING,83.36,-0.001
17,255066.2,STANDING,83.36,-0.002
17,255099.8,STANDING,83.15,-0.004
17,255132.9,STANDING,82.74,-0.011
17,255166.5,STANDING,82.22,-0.022
17,255199.5,STANDING,81.58,-0.034
17,255233.1,STANDING,81.10,-0.070
17,255266.5,STANDING,80.88,-0.098
17,255300.7,STANDING,80.32,-0.093
17,255333.1,STANDING,79.75,-0.073
17,255367.4,STANDING,78.80,-0.045
17,255400.7,STANDING,77.82,-0.060
17,255433.2,STANDING,76.57,-0.038
17,255466.2,STANDING,75.43,-0.021
17,255499.9,STANDING,74.06,0.010
17,255532.9,STANDING,72.45,0.027
17,255566.5,STANDING,71.00,0.040
17,255599.7,STANDING,70.21,0.052
17,255633.1,STANDING,69.49,0.054
17,255666.5,STANDING,69.07,0.073
17,255699.6,STANDING,68.37,0.130
17,255733.0,STANDING,68.34,0.106
17,255766.6,STANDING,68.58,0.073
17,255799.6,STANDING,69.17,0.029
17,255833.2,STANDING,69.83,0.001
17,255866.2,STANDING,71.22,-0.065
17,255899.8,STANDING,72.33,-0.090
17,255934.0,STANDING,73.29,-0.109
17,255966.5,STANDING,74.77,-0.161
17,255999.8,STANDING,75.59,-0.129
17,256032.9,STANDING,75.18,-0.059
17,256066.5,STANDING,74.16,-0.056
17,256099.6,STANDING,72.76,-0.056
17,256134.1,STANDING,71.23,-0.072
17,256166.5,STANDING,68.84,-0.059
17,256200.6,STANDING,66.71,-0.137
17,256234.0,STANDING,64.00,-0.133
17,256267.3,STANDING,61.59,-0.078
17,256299.7,STANDING,59.62,-0.023
17,256332.9,STANDING,56.83,0.016
17,256366.4,STANDING,52.83,0.141
17,256400.7,STANDING,48.21,0.172
17,256433.2,STANDING,43.67,0.160
17,256466.4,STANDING,39.67,0.169
17,256499.8,STANDING,35.83,0.189
17,256533.2,STANDING,32.38,0.175
17,256567.2,STANDING,29.47,0.134
17,256600.6,STANDING,26.95,0.110
17,256632.9,STANDING,24.91,0.107
17,256675.6,STANDING,23.24,0.121
17,256699.7,STANDING,22.28,0.093
17,256733.4,STANDING,21.79,0.066
17,256766.2,STANDING,21.29,0.023
17,256799.5,STANDING,20.81,-0.003
17,256833.0,STANDING,19.89,0.022
17,256866.2,STANDING,18.59,0.031
17,256900.6,STANDING,17.16,0.023
17,256933.0,STANDING,15.36,0.045
17,256966.3,STANDING,13.60,0.002
17,256999.8,STANDING,11.95,-0.005
17,257033.1,STANDING,10.39,-0.009
17,257066.3,STANDING,9.07,-0.009
17,257099.8,STANDING,8.13,-0.001
17,257132.9,STANDING,7.32,-0.005
17,257166.4,STANDING,6.87,-0.004
17,257199.8,STANDING,6.49,0.026
17,257232.9,STANDING,5.82,0.115
17,257266.3,STANDING,5.17,0.290
17,257308.0,STANDING,4.78,0.314
17,257332.9,FALLING,4.46,0.530
17,257366.5,FALLING,3.99,0.613
17,257399.9,FALLING,3.68,0.562
17,257432.9,FALLING,3.50,0.464
17,257466.5,FALLING,3.28,0.459
17,257499.7,FALLING,2.97,0.388
17,257533.0,FALLING,2.70,0.366
17,257566.2,FALLING,2.15,0.339
17,257599.9,FALLING,1.76,0.269
17,257632.9,FALLING,1.12,0.297
17,257666.2,FALLING,0.69,0.185
17,257699.8,FALLING,0.60,0.091
17,257733.0,FALLING,0.93,0.097
17,257766.6,FALLING,1.11,0.317
17,257799.6,FALLING,1.51,0.213
17,257833.0,FALLING,1.84,0.205
17,257866.5,FALLING,1.36,0.340
17,257900.7,FALLING,1.03,0.335
17,257933.1,FALLING,1.13,0.403
17,257967.4,FALLING,1.58,1.170
17,257999.9,FALLING,2.18,1.102
17,258034.0,FALLING,2.66,1.194
17,258066.4,FALLING,2.97,1.152
17,258099.6,FALLING,3.13,0.977
17,258141.3,FALLING,3.33,0.877
17,258166.3,FALLING,3.45,1.061
17,258199.6,FALLING,3.65,1.034
17,258233.2,FALLING,3.58,0.846
17,258267.3,FALLING,3.59,0.793
17,258299.5,FALLING,3.84,0.551
17,258333.0,STANDING,4.06,0.462
17,258367.5,FALLING,4.00,0.639
17,258399.6,FALLING,3.82,0.388
17,258433.2,FALLING,3.78,0.273
17,258466.3,FALLING,3.83,0.281
17,258507.9,FALLING,3.95,0.371
17,258541.6,FALLING,3.95,0.693
17,258566.2,FALLING,4.14,0.545
17,258599.7,FALLING,4.15,0.614
17,258632.9,FALLING,4.21,0.564
17,258674.7,FALLING,4.27,0.564
17,258709.0,FALLING,4.21,0.362
17,258733.0,FALLING,4.24,0.366
17,258766.4,FALLING,4.26,0.349
18,258800.6,FALLING,4.32,0.073
18,258833.2,FALLING,4.32,-0.003
18,258866.3,FALLING,4.31,0.076
18,258899.8,FALLING,4.32,0.298
18,258933.0,FALLING,4.30,0.138
18,258966.6,FALLING,4.31,0.005
18,258999.6,FALLING,4.31,-0.052
18,259033.1,FALLING,4.34,-0.064
18,259066.2,FALLING,4.33,-0.056
18,259099.9,FALLING,4.29,-0.030
18,259133.4,FALLING,4.32,-0.048
18,259166.3,FALLING,4.27,-0.053
18,259200.7,FALLING,4.20,-0.107
18,259234.0,FALLING,4.16,-0.074
18,259267.3,FALLING,4.09,-0.113
18,259300.7,FALLING,4.06,-0.121
18,259333.0,FALLING,4.02,-0.125
18,259366.4,FALLING,3.98,-0.078
18,259399.8,STANDING,3.98,0.035
18,259433.2,STANDING,3.94,-0.053
18,259467.4,STANDING,3.89,-0.019
18,259499.9,STANDING,3.95,0.009
18,259532.9,STANDING,4.14,0.007
18,259566.2,STANDING,4.23,-0.034
18,259599.6,STANDING,4.23,-0.141
18,259633.4,STANDING,4.50,-0.196
18,259667.4,STANDING,4.61,-0.145
18,259699.6,STANDING,4.61,-0.080
18,259733.1,STANDING,4.62,-0.020
18,259766.3,STANDING,4.59,-0.005
18,259799.6,STANDING,4.59,-0.003
18,259832.9,STANDING,4.59,-0.009
18,259866.3,STANDING,4.56,-0.089
18,259899.5,STANDING,4.59,-0.051
18,259933.2,STANDING,4.51,-0.061
18,259966.5,STANDING,4.60,-0.278
18,259999.6,STANDING,5.01,-0.330
18,260033.9,STANDING,5.26,-0.123
18,260066.4,STANDING,5.31,-0.030
18,260099.8,STANDING,5.33,0.054
18,260132.9,STANDING,5.25,0.043
18,260166.2,STANDING,5.22,0.049
18,260199.7,STANDING,5.19,0.038
18,260234.1,STANDING,5.15,0.188
18,260266.3,STANDING,5.17,0.130
18,260300.7,STANDING,5.14,0.092
18,260332.9,STANDING,5.10,0.214
18,260367.5,STANDING,5.05,0.252
18,260399.6,STANDING,4.98,0.150
18,260433.1,STANDING,4.95,0.040
18,260466.2,STANDING,4.96,0.087
18,260508.1,STANDING,4.91,0.045
18,260532.9,STANDING,4.88,-0.032
18,260566.4,STANDING,4.79,-0.133
18,260608.3,STANDING,4.76,-0.305
18,260632.9,STANDING,4.74,-0.168
18,260674.6,STANDING,4.68,-0.030
18,260708.0,STANDING,4.65,0.004
18,260732.9,STANDING,4.67,0.054
18,260774.7,STANDING,4.67,0.055
18,260799.6,STANDING,4.70,-0.005
18,260841.8,STANDING,4.72,0.002
18,260866.2,STANDING,4.66,0.017
18,260899.6,STANDING,4.65,0.028
18,260932.8,STANDING,4.67,0.086
18,260966.3,STANDING,4.71,0.057
18,261008.0,STANDING,4.77,0.120
18,261041.4,STANDING,4.80,0.058
18,261066.2,STANDING,4.83,-0.008
18,261100.8,STANDING,4.84,-0.136
18,261132.9,STANDING,4.83,-0.230
18,261166.2,STANDING,4.88,-0.152
18,261199.5,STANDING,4.89,-0.119
18,261233.1,STANDING,4.89,-0.065
18,261266.4,STANDING,4.85,-0.063
18,261299.8,STANDING,4.80,-0.224
18,261333.2,STANDING,4.83,-0.176
18,261366.2,STANDING,4.83,-0.097
18,261400.7,STANDING,4.84,-0.095
18,261432.9,STANDING,4.75,-0.065
18,261466.3,STANDING,4.82,-0.206
18,261499.9,STANDING,4.82,-0.304
18,261532.9,STANDING,4.91,-0.205
18,261575.0,STANDING,4.83,-0.194
18,261599.6,STANDING,4.81,-0.133
18,261632.9,STANDING,4.68,-0.287
18,261667.4,STANDING,4.55,-0.454
18,261699.8,STANDING,4.03,-0.344
18,261733.1,STANDING,3.18,-0.569
18,261766.8,STANDING,2.67,-0.558
18,261799.6,STANDING,2.34,-0.576
18,261834.0,STANDING,2.09,-1.002
18,261866.5,STANDING,1.85,-1.395
18,261899.8,STANDING,1.69,-1.350
18,261933.0,STANDING,1.55,-1.701
18,261966.5,STANDING,1.07,-1.481
18,261999.6,STANDING,1.27,-0.937
18,262032.9,STANDING,1.50,-0.912
18,262066.4,STANDING,1.83,-0.781
18,262100.6,STANDING,1.86,-0.763
18,262133.1,STANDING,1.47,-0.710
18,262166.7,STANDING,1.05,-0.593
18,262199.5,STANDING,0.74,-0.543
18,262233.1,STANDING,0.54,-0.364
18,262266.3,STANDING,0.42,-0.349
18,262299.8,STANDING,0.58,-0.354
18,262333.2,STANDING,0.75,-0.338
18,262375.0,STANDING,0.90,-0.250
18,262408.1,STANDING,1.03,-0.289
18,262441.3,STANDING,1.03,-0.304
18,262474.7,STANDING,1.13,-0.317
18,262508.0,STANDING,1.13,-0.467
18,262541.3,STANDING,0.97,-0.460
18,262575.1,STANDING,0.84,-0.483
18,262599.6,STANDING,0.73,-0.602
18,262634.0,STANDING,0.56,-0.542
18,262666.3,STANDING,0.45,-0.520
18,262700.0,STANDING,0.55,-0.502
18,262733.0,STANDING,0.94,-0.494
18,262766.4,STANDING,1.41,-0.391
18,262799.7,STANDING,1.85,-0.323
18,262834.1,STANDING,2.36,-0.283
18,262866.5,STANDING,2.65,-0.229
18,262899.6,STANDING,2.90,-0.203
18,262941.4,STANDING,3.10,-0.243
18,262966.5,STANDING,3.20,-0.275
18,262999.7,STANDING,3.19,-0.293
18,263041.3,STANDING,3.29,-0.220
18,263074.7,STANDING,3.28,-0.258
18,263099.6,STANDING,3.36,-0.199
18,263132.9,STANDING,3.45,-0.244
18,263166.5,STANDING,3.22,-0.250
18,263200.9,STANDING,2.94,-0.254
18,263233.2,STANDING,2.50,-0.320
18,263267.3,STANDING,1.95,-0.209
18,263299.6,STANDING,1.32,-0.135
18,263333.1,STANDING,1.16,-0.059
18,263367.5,STANDING,0.88,-0.074
18,263400.6,STANDING,0.54,-0.127
18,263433.1,STANDING,0.37,-0.190
18,263466.2,STANDING,0.43,-0.216
18,263499.8,STANDING,0.44,-0.176
18,263532.9,STANDING,0.32,-0.187
18,263566.3,STANDING,0.24,-0.180
18,263600.0,STANDING,0.22,-0.186
18,263632.9,STANDING,0.20,-0.137
18,263666.5,STANDING,0.21,-0.120
18,263699.8,STANDING,0.32,-0.083
18,263732.9,STANDING,0.49,-0.058
18,263766.6,STANDING,0.76,-0.065
18,263800.6,STANDING,1.13,-0.106
18,263833.1,STANDING,1.61,-0.131
18,263866.3,STANDING,2.23,-0.139
18,263907.9,STANDING,2.82,-0.120
18,263941.5,STANDING,3.27,-0.122
18,263966.2,STANDING,3.57,-0.126
18,264008.1,STANDING,3.72,-0.118
18,264041.4,STANDING,3.73,-0.121
18,264075.0,STANDING,3.64,-0.086
18,264107.9,STANDING,3.50,-0.067
18,264132.9,STANDING,3.39,-0.070
18,264166.3,STANDING,3.22,-0.060
18,264199.7,STANDING,2.93,-0.046
18,264233.2,STANDING,2.54,-0.037
18,264275.0,STANDING,2.03,-0.032
18,264308.4,STANDING,1.51,-0.043
18,264341.7,STANDING,0.96,-0.047
18,264374.6,STANDING,0.76,-0.025
18,264399.5,STANDING,0.82,-0.016
18,264432.9,STANDING,0.95,-0.012
18,264466.3,STANDING,1.07,-0.021
18,264499.7,STANDING,1.26,-0.037
18,264534.2,STANDING,1.40,-0.038
18,264566.4,STANDING,1.53,-0.044
18,264599.8,STANDING,1.65,-0.041
18,264634.1,STANDING,1.81,-0.042
18,264667.3,STANDING,1.76,-0.037
18,264707.9,STANDING,1.76,-0.031
18,264732.9,STANDING,1.71,-0.022
18,264774.8,STANDING,1.79,-0.020
18,264799.6,STANDING,1.90,-0.011
18,264841.3,STANDING,2.02,-0.008
18,264874.7,STANDING,2.09,-0.004
18,264908.1,STANDING,2.17,-0.002
18,264941.7,STANDING,2.15,0.004
18,264966.2,STANDING,2.03,0.010
18,265008.4,STANDING,1.83,0.007
18,265032.9,STANDING,1.54,0.014
18,265075.1,STANDING,1.27,0.014
18,265108.3,STANDING,0.91,0.014
18,265133.0,STANDING,0.60,0.030
18,265166.3,STANDING,0.60,0.037
18,265199.8,STANDING,0.70,0.055
18,265233.9,STANDING,0.98,0.054
18,265266.6,STANDING,1.49,0.054
18,265299.7,STANDING,2.13,0.055
18,265334.1,STANDING,2.82,0.072
18,265366.3,STANDING,3.52,0.131
18,265399.5,STANDING,4.38,0.229
18,265434.0,STANDING,5.27,0.196
18,265466.5,STANDING,6.17,0.247
18,265499.8,STANDING,7.02,0.214
18,265541.4,STANDING,7.87,0.172
18,265575.0,STANDING,8.71,0.179
18,265607.9,STANDING,10.13,0.075
18,265632.9,STANDING,11.56,0.050
18,265665.3,STANDING,13.43,0.037
18,265708.0,STANDING,16.43,0.023
18,265733.1,STANDING,21.50,0.075
18,265766.7,STANDING,27.80,0.118
18,265800.7,STANDING,36.22,0.095
18,265833.0,STANDING,45.99,0.133
18,265867.3,STANDING,57.29,0.134
18,265898.9,STANDING,63.80,0.257
18,265933.3,STANDING,56.04,0.403
18,265974.6,STANDING,47.37,0.354
18,266009.1,STANDING,43.69,0.380
18,266033.0,FALLING,37.31,0.520
18,266065.6,FALLING,32.33,0.536
18,266099.9,FALLING,29.90,0.412
18,266141.7,FALLING,26.55,0.313
18,266174.7,FALLING,25.67,0.188
18,266198.7,FALLING,23.09,0.256
18,266241.3,FALLING,21.45,0.158
18,266266.4,FALLING,21.74,0.128
18,266299.8,FALLING,18.52,0.132
18,266341.4,FALLING,16.54,0.046
18,266375.0,FALLING,14.36,-0.008
18,266399.5,FALLING,12.74,-0.037
18,266434.0,FALLING,11.08,-0.031
18,266466.3,FALLING,10.12,-0.024
18,266507.5,FALLING,8.26,-0.008
18,266540.4,FALLING,8.96,-0.016
18,266567.3,FALLING,8.97,-0.135
18,266600.8,FALLING,12.75,-0.250
18,266632.9,FALLING,15.23,-0.148
18,266674.7,FALLING,17.49,-0.097
18,266700.7,FALLING,19.05,-0.035
18,266733.2,FALLING,19.43,-0.049
18,266775.0,FALLING,23.75,-0.092
18,266808.1,FALLING,32.02,-0.111
18,266840.4,FALLING,34.57,-0.036
18,266873.9,FALLING,34.28,0.008
18,266899.6,FALLING,31.25,0.109
18,266933.2,FALLING,26.45,0.157
18,266974.5,FALLING,21.76,0.124
18,266999.9,FALLING,19.23,0.081
18,267041.4,STANDING,17.94,0.065
18,267074.7,STANDING,16.99,0.032
18,267108.0,STANDING,16.35,0.004
18,267141.3,STANDING,15.99,-0.030
18,267174.7,STANDING,16.25,-0.088
18,267208.2,STANDING,16.55,-0.115
18,267241.7,STANDING,18.53,-0.130
18,267267.3,STANDING,20.74,-0.173
18,267299.6,STANDING,21.67,-0.098
18,267333.9,STANDING,22.85,-0.121
18,267366.5,STANDING,22.22,-0.133
18,267398.7,STANDING,20.26,-0.068
18,267441.3,STANDING,19.67,-0.067
18,267474.7,STANDING,18.62,-0.038
18,267508.4,STANDING,17.06,-0.085
18,267541.7,STANDING,15.15,-0.119
18,267575.0,STANDING,14.42,-0.047
18,267608.0,STANDING,13.56,-0.006
18,267641.3,STANDING,12.98,0.004
18,267674.7,STANDING,12.37,0.003
18,267699.8,STANDING,11.99,0.003
18,267741.4,STANDING,11.55,0.006
18,267775.3,STANDING,12.87,-0.081
18,267808.3,STANDING,13.96,-0.043
18,267842.3,STANDING,13.79,0.024
18,267875.0,STANDING,13.24,0.009
18,267907.9,STANDING,13.51,-0.027
18,267933.2,STANDING,14.52,-0.033
18,267966.5,STANDING,18.80,-0.071
18,268008.0,STANDING,26.78,-0.064
18,268040.4,STANDING,37.10,-0.043
18,268067.0,STANDING,58.01,-0.021
18,268108.0,STANDING,65.01,0.056
18,268141.4,STANDING,74.10,0.058
18,268174.8,STANDING,76.44,0.109
18,268208.4,STANDING,79.94,0.127
18,268233.0,STANDING,76.58,0.100
18,268274.7,STANDING,61.22,0.068
18,268308.0,STANDING,51.14,0.062
18,268341.7,STANDING,47.26,0.106
18,268374.9,STANDING,39.45,0.089
18,268407.9,STANDING,33.97,0.060
18,268432.9,STANDING,34.72,0.084
18,268475.6,STANDING,36.89,0.089
18,268499.6,STANDING,48.51,0.103
18,268533.1,STANDING,64.25,0.103
18,268574.7,STANDING,72.80,0.096
18,268608.1,STANDING,79.08,0.055
18,268633.2,STANDING,76.94,0.116
18,268674.6,STANDING,80.04,0.041
18,268699.6,STANDING,81.41,0.185
18,268741.4,STANDING,81.84,0.157
18,268775.3,STANDING,80.97,0.212
18,268799.5,STANDING,73.97,0.308
18,268841.4,STANDING,68.46,0.238
18,268874.7,STANDING,65.05,0.173
18,268909.1,STANDING,63.34,0.182
18,268942.3,STANDING,62.67,0.211
18,268975.0,STANDING,61.06,0.215
18,269008.1,STANDING,61.01,0.173
18,269041.4,STANDING,61.13,0.143
18,269066.3,STANDING,63.04,0.069
18,269108.0,STANDING,65.28,0.034
18,269132.9,STANDING,68.08,-0.011
18,269174.7,STANDING,70.93,-0.024
18,269208.0,STANDING,73.28,-0.023
18,269234.0,STANDING,74.66,-0.009
18,269274.7,STANDING,75.43,0.005
18,269307.9,STANDING,76.22,-0.006
18,269341.7,STANDING,76.55,-0.004
18,269366.2,STANDING,76.70,-0.006
18,269408.3,STANDING,76.68,-0.005
18,269442.3,STANDING,76.55,-0.005
18,269474.7,STANDING,76.87,-0.005
18,269509.1,STANDING,76.82,-0.001
18,269541.3,STANDING,76.60,0.001
18,269566.3,STANDING,76.13,0.004
18,269599.6,STANDING,75.73,-0.001
18,269632.9,STANDING,75.03,0.014
18,269667.4,STANDING,73.59,-0.006
18,269700.7,STANDING,72.12,-0.010
18,269733.0,STANDING,71.43,-0.040
18,269767.4,STANDING,71.18,-0.061
18,269799.9,STANDING,71.63,-0.101
18,269841.3,STANDING,74.92,-0.153
18,269875.1,STANDING,79.15,-0.212
18,269907.9,STANDING,82.93,-0.253
18,269933.1,STANDING,84.93,-0.295
18,269974.7,STANDING,86.85,-0.251
18,270008.4,STANDING,87.89,-0.196
18,270041.2,STANDING,88.08,-0.146
18,270075.0,STANDING,88.10,-0.189
18,270107.9,STANDING,87.00,-0.153
18,270141.7,STANDING,87.62,-0.189
18,270174.8,STANDING,87.89,-0.190
18,270208.4,STANDING,88.68,-0.131
18,270241.7,STANDING,88.86,-0.094
18,270274.6,STANDING,88.29,-0.176
18,270307.9,STANDING,88.58,-0.106
18,270332.9,STANDING,89.06,-0.118
18,270374.7,STANDING,88.08,-0.089
18,270408.3,STANDING,87.03,-0.076
18,270441.7,STANDING,87.30,-0.051
18,270475.0,STANDING,86.89,-0.056
18,270508.4,STANDING,87.08,-0.053
18,270541.7,STANDING,86.43,-0.039
18,270574.6,STANDING,86.94,-0.043
18,270608.4,STANDING,88.14,-0.033
18,270632.9,STANDING,88.37,-0.028
18,270674.7,STANDING,88.60,-0.028
18,270708.2,STANDING,88.69,-0.020
18,270741.7,STANDING,88.78,-0.040
18,270775.1,STANDING,89.01,-0.035
18,270799.6,STANDING,89.27,-0.022
18,270842.4,STANDING,88.45,-0.051
18,270875.6,STANDING,87.58,-0.061
18,270899.6,STANDING,86.67,-0.062
18,270941.7,STANDING,84.91,-0.079
18,270975.1,STANDING,83.02,-0.074
18,271008.4,STANDING,81.45,-0.073
18,271041.8,STANDING,79.83,-0.062
18,271066.3,STANDING,77.98,-0.087
18,271108.0,STANDING,78.21,-0.067
18,271141.3,STANDING,78.00,-0.045
18,271175.0,STANDING,77.46,-0.030
18,271207.9,STANDING,77.30,-0.083
18,271241.3,STANDING,75.90,-0.098
18,271266.2,STANDING,75.06,-0.033
18,271299.6,STANDING,73.86,-0.064
18,271333.0,STANDING,72.82,-0.191
18,271366.5,STANDING,71.36,-0.056
18,271408.0,STANDING,66.39,-0.155
18,271441.3,STANDING,64.04,-0.127
18,271475.6,STANDING,60.26,-0.159
18,271508.3,STANDING,57.58,-0.055
18,271541.2,STANDING,53.45,-0.157
18,271574.7,STANDING,50.14,-0.175
18,271609.0,STANDING,48.43,-0.199
18,271641.5,STANDING,47.95,-0.193
18,271675.6,STANDING,50.39,-0.164
18,271707.9,STANDING,53.90,-0.141
18,271741.4,STANDING,57.74,-0.208
18,271775.1,STANDING,62.95,-0.156
18,271807.9,STANDING,69.02,-0.100
18,271841.7,STANDING,76.06,-0.231
18,271874.6,STANDING,79.91,-0.239
18,271907.9,STANDING,83.78,-0.209
18,271932.9,STANDING,84.87,-0.219
18,271974.8,STANDING,84.99,-0.061
18,271999.6,STANDING,83.10,0.120
18,272041.4,STANDING,78.28,0.073
18,272075.0,STANDING,73.63,0.109
18,272108.9,STANDING,67.40,0.218
18,272141.2,STANDING,59.44,0.329
18,272174.6,STANDING,52.27,0.293
18,272199.6,STANDING,45.21,0.445
18,272241.3,STANDING,38.31,0.448
18,272274.7,FALLING,31.47,0.479
18,272307.9,FALLING,24.91,0.327
18,272341.8,FALLING,19.29,0.284
18,272374.6,FALLING,14.76,0.082
18,272408.4,FALLING,11.39,-0.025
18,272441.7,FALLING,8.95,-0.055
18,272474.6,FALLING,7.53,-0.090
18,272508.3,FALLING,6.97,-0.192
18,272532.9,FALLING,6.80,-0.330
18,272574.7,FALLING,6.64,-0.300
18,272608.1,FALLING,6.42,-0.274
18,272641.6,FALLING,6.25,-0.236
18,272674.9,FALLING,6.09,-0.220
18,272708.4,FALLING,5.88,-0.211
18,272741.5,FALLING,5.70,-0.190
18,272775.8,FALLING,5.50,-0.197
18,272808.3,FALLING,5.27,-0.185
18,272842.4,FALLING,5.10,-0.135
18,272874.7,FALLING,4.95,-0.107
18,272908.1,FALLING,4.81,-0.070
18,272941.3,FALLING,4.73,-0.068
18,272974.7,FALLING,4.62,-0.059
18,273007.9,FALLING,4.56,-0.057
18,273042.5,FALLING,4.31,-0.036
18,273074.7,FALLING,4.13,-0.028
18,273108.1,FALLING,3.98,-0.016
18,273141.2,FALLING,3.87,-0.010
18,273175.0,FALLING,3.77,-0.020
18,273208.2,FALLING,3.61,-0.010
18,273241.4,FALLING,3.44,0.000
18,273274.9,STANDING,3.18,0.003
18,273307.9,STANDING,2.90,0.005
18,273341.7,STANDING,2.55,0.006
18,273374.6,STANDING,2.17,0.004
18,273407.9,STANDING,1.78,0.004
18,273441.6,STANDING,1.40,0.005
18,273474.6,STANDING,1.14,0.009
18,273508.4,STANDING,1.11,0.005
18,273541.7,STANDING,1.11,0.024
18,273575.6,STANDING,1.06,0.017
18,273607.9,STANDING,1.00,0.011
18,273641.3,STANDING,0.97,0.007
18,273675.0,STANDING,0.94,0.013
18,273707.9,STANDING,0.97,0.012
18,273741.2,STANDING,0.95,0.006
18,273775.0,STANDING,0.89,0.005
18,273808.2,STANDING,0.85,0.003
18,273841.3,STANDING,0.79,0.003
18,273874.9,STANDING,0.72,0.002
18,273907.9,STANDING,0.66,0.003
18,273941.4,STANDING,0.62,0.004
18,273974.9,STANDING,0.57,0.004
18,274009.0,STANDING,0.54,-0.003
18,274041.3,STANDING,0.50,-0.002
18,274075.0,STANDING,0.46,-0.001
18,274108.4,STANDING,0.43,-0.000
18,274141.3,STANDING,0.40,0.001
18,274174.6,STANDING,0.38,0.004
18,274208.4,STANDING,0.38,0.001
18,274241.7,STANDING,0.41,0.006
18,274274.6,STANDING,0.50,-0.002
18,274307.9,STANDING,0.62,0.001
18,274341.6,STANDING,0.83,0.001
18,274375.0,STANDING,1.08,0.022
18,274407.9,STANDING,1.38,0.028
18,274441.2,STANDING,1.76,0.036
18,274474.8,STANDING,2.19,0.047
18,274508.4,STANDING,2.61,0.030
18,274541.6,STANDING,2.84,0.020
18,274574.9,STANDING,3.05,0.014
18,274608.3,STANDING,3.37,0.009
18,274641.2,STANDING,3.71,0.085
18,274674.6,STANDING,4.03,0.071
18,274699.6,STANDING,4.48,0.098
18,274741.4,STANDING,5.12,0.100
18,274774.7,STANDING,5.84,0.049
18,274808.3,STANDING,6.73,0.037
18,274841.7,STANDING,7.66,0.032
18,274875.7,STANDING,8.47,0.047
18,274908.0,STANDING,9.02,0.102
18,274941.4,STANDING,9.35,0.136
18,274974.7,STANDING,9.51,0.170
18,275009.0,STANDING,9.86,0.118
18,275041.5,STANDING,10.32,0.090
18,275075.0,STANDING,10.73,0.027
18,275107.9,STANDING,10.89,-0.002
18,275141.7,STANDING,10.61,0.022
18,275174.7,STANDING,10.50,0.061
18,275209.0,STANDING,10.03,0.088
18,275241.3,STANDING,9.69,0.122
18,275274.6,STANDING,9.51,0.083
18,275308.2,STANDING,9.25,0.103
18,275342.3,STANDING,8.59,0.117
18,275375.0,STANDING,7.79,0.127
18,275409.2,STANDING,7.63,0.172
18,275442.2,STANDING,8.09,0.160
18,275475.0,STANDING,7.85,0.176
18,275508.0,STANDING,7.79,0.178
18,275541.5,STANDING,8.32,0.179
18,275575.7,STANDING,9.38,0.200
18,275608.0,STANDING,7.83,0.235
18,275641.2,STANDING,6.64,0.156
18,275666.2,STANDING,5.89,0.111
18,275708.1,STANDING,4.38,0.161
18,275741.6,STANDING,3.10,0.158
18,275775.0,STANDING,2.21,0.122
18,275808.0,STANDING,1.97,0.084
18,275841.5,STANDING,2.46,0.012
18,275874.6,STANDING,1.97,0.062
18,275907.9,STANDING,2.30,0.068
18,275941.7,STANDING,2.76,0.039
18,275974.6,STANDING,2.33,0.056
18,276008.3,STANDING,1.86,0.101
18,276041.3,STANDING,1.39,0.167
18,276074.6,STANDING,1.62,0.072
18,276108.0,STANDING,1.43,0.059
18,276141.5,STANDING,0.96,0.066
18,276175.0,STANDING,1.16,0.009
18,276208.4,STANDING,2.66,-0.060
18,276242.5,STANDING,2.16,-0.100
18,276275.0,STANDING,3.89,-0.065
18,276308.4,STANDING,5.72,-0.042
18,276341.2,STANDING,7.99,-0.028
18,276375.0,STANDING,10.59,0.008
18,276408.1,STANDING,10.84,0.005
18,276442.4,STANDING,8.81,0.018
18,276475.9,STANDING,5.76,0.045
18,276507.9,STANDING,4.94,0.089
18,276541.3,STANDING,7.38,0.063
18,276575.0,STANDING,8.98,0.115
18,276608.4,STANDING,12.97,0.176
18,276641.7,STANDING,17.05,0.200
18,276674.7,STANDING,19.71,0.182
18,276709.0,STANDING,21.44,0.110
18,276741.6,STANDING,22.93,0.111
18,276774.6,STANDING,23.45,0.148
18,276808.0,STANDING,22.80,0.156
18,276841.6,STANDING,23.20,0.084
18,276874.8,STANDING,24.29,0.028
18,276908.1,STANDING,25.16,0.027
18,276941.4,STANDING,26.31,0.002
18,276975.7,STANDING,27.03,0.008
18,277009.1,STANDING,27.13,0.007
18,277041.4,STANDING,27.19,0.002
18,277075.0,STANDING,26.72,-0.005
18,277108.8,STANDING,25.76,-0.013
18,277141.7,STANDING,24.92,-0.011
18,277174.6,STANDING,23.82,-0.022
18,277207.9,STANDING,22.73,-0.040
18,277241.7,STANDING,21.72,-0.024
18,277275.1,STANDING,20.03,-0.053
18,277307.9,STANDING,17.66,-0.042
18,277341.3,STANDING,15.11,-0.070
18,277374.6,STANDING,12.65,-0.041
18,277408.0,STANDING,11.14,-0.070
18,277441.7,STANDING,10.12,-0.075
18,277475.1,STANDING,8.51,-0.071
18,277508.2,STANDING,7.16,-0.072
18,277541.6,STANDING,5.81,-0.056
18,277575.7,STANDING,5.08,-0.021
18,277608.1,STANDING,4.91,-0.037
18,277642.5,STANDING,4.84,-0.029
18,277675.0,STANDING,4.69,-0.032
18,277709.2,STANDING,4.51,-0.071
18,277741.7,STANDING,4.06,-0.068
18,277774.8,STANDING,3.42,-0.111
18,277808.0,STANDING,2.06,-0.139
18,277842.4,STANDING,2.29,-0.101
18,277874.7,STANDING,3.45,-0.091
18,277908.1,STANDING,4.65,-0.042
18,277941.3,STANDING,7.07,-0.045
18,277975.0,STANDING,8.79,-0.050
18,278008.4,STANDING,12.28,-0.042
18,278041.6,STANDING,15.14,-0.017
18,278075.7,STANDING,22.40,-0.040
18,278108.4,STANDING,37.95,-0.068
18,278142.3,STANDING,47.63,-0.037
18,278175.1,STANDING,62.51,-0.040
18,278208.4,STANDING,70.98,-0.003
18,278241.3,STANDING,73.20,-0.003
18,278275.0,STANDING,79.24,0.064
18,278308.4,STANDING,82.32,0.103
18,278342.5,STANDING,84.27,0.098
18,278374.6,STANDING,85.84,0.093
18,278409.2,STANDING,84.27,0.108
18,278441.2,STANDING,76.32,0.081
18,278475.7,STANDING,75.86,0.103
18,278508.0,STANDING,79.89,0.128
18,278541.2,STANDING,76.14,0.169
18,278574.6,STANDING,70.83,0.201
18,278600.0,STANDING,68.87,0.159
18,278641.4,STANDING,64.32,0.163
18,278674.8,STANDING,56.75,0.159
18,278708.0,STANDING,44.47,0.230
18,278741.4,STANDING,37.87,0.206
18,278774.7,STANDING,31.27,0.274
18,278808.0,STANDING,28.92,0.199
18,278842.3,STANDING,28.25,0.206
18,278874.9,STANDING,26.72,0.211
18,278908.2,STANDING,27.60,0.131
18,278941.7,STANDING,28.35,0.148
18,278975.1,STANDING,28.83,0.120
18,279009.2,STANDING,30.20,0.096
18,279041.7,STANDING,31.73,0.102
18,279075.1,STANDING,32.52,0.100
18,279108.0,STANDING,32.33,0.133
18,279142.4,STANDING,33.70,0.046
18,279174.6,STANDING,36.44,0.029
18,279208.4,STANDING,38.41,-0.016
18,279241.3,STANDING,41.32,0.012
18,279275.0,STANDING,43.44,0.013
18,279308.3,STANDING,42.55,0.099
18,279341.3,STANDING,41.36,0.089
18,279375.0,STANDING,40.35,0.127
18,279408.4,STANDING,39.31,0.109
18,279441.6,STANDING,38.95,0.058
18,279475.1,STANDING,39.91,0.028
18,279508.3,STANDING,40.54,-0.003
18,279541.6,STANDING,44.01,0.020
18,279575.7,STANDING,45.34,0.035
18,279609.2,STANDING,46.55,0.025
18,279641.7,STANDING,46.60,0.023
18,279675.9,STANDING,45.12,0.038
18,279707.9,STANDING,44.39,0.020
18,279741.3,STANDING,42.20,-0.001
18,279775.0,STANDING,42.32,0.009
18,279808.0,STANDING,43.02,0.017
18,279841.6,STANDING,45.20,-0.041
18,279874.6,STANDING,45.94,-0.026
18,279908.0,STANDING,44.61,-0.009
18,279941.7,STANDING,42.30,-0.005
18,279974.7,STANDING,41.33,-0.062
18,280008.3,STANDING,41.44,-0.036
18,280041.4,STANDING,41.39,-0.031
18,280075.1,STANDING,40.20,-0.056
18,280107.9,STANDING,40.98,-0.027
18,280141.3,STANDING,42.08,-0.001
18,280175.8,STANDING,42.03,0.033
18,280208.4,STANDING,41.88,-0.014
18,280241.4,STANDING,43.57,-0.155
18,280274.7,STANDING,45.28,-0.076
18,280309.0,STANDING,44.71,-0.054
18,280341.6,STANDING,43.95,-0.048
18,280374.9,STANDING,42.73,-0.015
18,280408.0,STANDING,41.55,-0.094
18,280441.3,STANDING,40.76,-0.070
18,280474.7,STANDING,40.16,-0.073
18,280508.1,STANDING,40.26,-0.139
18,280541.4,STANDING,39.77,-0.124
18,280574.6,STANDING,40.02,-0.129
18,280608.4,STANDING,40.00,-0.136
18,280641.8,STANDING,38.75,-0.042
18,280674.8,STANDING,37.78,-0.008
18,280708.2,STANDING,36.92,-0.041
18,280741.3,STANDING,36.25,-0.070
18,280774.9,STANDING,36.07,-0.030
18,280808.1,STANDING,35.69,-0.026
18,280841.7,STANDING,36.07,-0.098
18,280867.3,STANDING,35.13,-0.152
18,280908.4,STANDING,35.45,-0.118
18,280941.3,STANDING,34.99,-0.134
18,280975.9,STANDING,34.46,-0.085
18,281009.2,STANDING,34.56,-0.100
18,281041.7,STANDING,35.57,-0.142
18,281075.1,STANDING,35.71,-0.127
18,281108.0,STANDING,35.98,-0.121
18,281141.6,STANDING,36.12,-0.081
18,281174.6,STANDING,36.81,-0.128
18,281208.4,STANDING,35.96,-0.096
18,281241.6,STANDING,35.07,-0.058
18,281275.6,STANDING,34.51,-0.085
18,281308.3,STANDING,33.28,-0.080
18,281341.3,STANDING,32.06,-0.068
18,281375.7,STANDING,30.50,-0.065
18,281408.9,STANDING,29.03,-0.049
18,281441.7,STANDING,27.90,-0.064
18,281474.8,STANDING,26.25,-0.043
18,281508.4,STANDING,24.50,-0.050
18,281541.7,STANDING,23.54,-0.109
18,281575.1,STANDING,24.37,-0.167
18,281608.1,STANDING,29.51,-0.273
18,281641.7,STANDING,33.04,-0.235
18,281675.7,STANDING,36.56,-0.191
18,281708.4,STANDING,38.44,-0.118
18,281741.7,STANDING,36.52,-0.051
18,281775.8,STANDING,34.41,0.002
18,281808.6,STANDING,33.47,0.025
18,281842.6,STANDING,28.13,0.073
18,281873.8,STANDING,21.25,0.101
18,281908.1,STANDING,14.41,0.073
18,281941.3,STANDING,9.60,0.049
18,281975.7,STANDING,6.55,0.049
18,282007.1,STANDING,4.63,0.059
18,282040.4,STANDING,2.85,0.028
18,282074.6,STANDING,3.52,0.009
18,282099.7,STANDING,4.73,-0.080
18,282141.4,STANDING,5.34,-0.082
18,282174.8,STANDING,5.53,-0.060
18,282208.1,STANDING,5.10,-0.024
18,282241.6,STANDING,4.71,-0.018
18,282275.0,STANDING,4.21,-0.031
18,282307.3,STANDING,3.89,-0.026
18,282341.5,STANDING,3.43,-0.090
18,282375.1,STANDING,2.21,-0.051
18,282409.1,STANDING,1.48,-0.013
18,282441.4,STANDING,1.43,-0.007
18,282474.7,STANDING,1.80,-0.002
18,282508.4,STANDING,2.28,0.000
18,282541.3,STANDING,2.91,0.014
18,282575.7,STANDING,3.60,0.013
18,282607.9,STANDING,4.14,-0.016
18,282641.5,STANDING,4.44,-0.013
18,282674.6,STANDING,4.91,-0.034
18,282708.0,STANDING,5.23,-0.048
18,282740.6,STANDING,5.71,-0.122
18,282773.6,STANDING,6.34,-0.110
18,282808.7,STANDING,6.58,-0.166
18,282841.8,STANDING,6.75,-0.189
18,282875.0,STANDING,6.97,-0.178
18,282909.0,STANDING,7.55,-0.200
18,282941.7,STANDING,8.28,-0.226
18,282974.9,STANDING,9.12,-0.256
18,283007.9,STANDING,10.06,-0.286
18,283040.4,STANDING,11.02,-0.283
18,283075.0,STANDING,12.03,-0.263
18,283107.9,STANDING,12.87,-0.248
18,283141.7,STANDING,13.17,-0.191
18,283175.0,STANDING,13.12,-0.095
18,283208.3,STANDING,12.91,-0.036
18,283241.6,STANDING,12.57,-0.022
18,283274.9,STANDING,12.10,-0.016
18,283308.1,STANDING,11.56,-0.001
18,283341.7,STANDING,11.06,-0.016
18,283374.6,STANDING,10.59,-0.040
18,283408.0,STANDING,10.06,-0.047
18,283441.7,STANDING,9.48,-0.051
18,283475.1,STANDING,8.79,-0.039
18,283508.4,STANDING,7.99,-0.041
18,283541.4,STANDING,7.09,-0.041
18,283574.7,STANDING,6.12,-0.027
18,283607.0,STANDING,5.16,-0.018
18,283641.7,STANDING,4.26,-0.009
18,283674.9,STANDING,3.50,-0.003
18,283708.0,STANDING,2.82,0.000
18,283741.6,STANDING,2.25,0.001
18,283774.6,STANDING,1.70,-0.005
18,283808.3,STANDING,1.27,-0.007
18,283841.7,STANDING,1.04,-0.013
18,283874.8,STANDING,0.74,-0.008
18,283908.2,STANDING,0.49,-0.012
18,283941.5,STANDING,0.30,-0.005
18,283974.9,STANDING,0.29,-0.003
18,284009.1,STANDING,0.24,0.002
18,284042.3,STANDING,0.22,0.007
18,284074.9,STANDING,0.20,0.015
18,284108.4,STANDING,0.13,0.048
18,284141.5,STANDING,0.21,0.050
18,284175.1,STANDING,0.22,0.036
18,284209.2,STANDING,0.31,0.045
18,284241.3,STANDING,0.45,0.048
18,284275.0,STANDING,0.66,0.033
18,284309.0,STANDING,1.17,0.037
18,284341.3,STANDING,1.73,0.050
18,284374.6,STANDING,2.19,0.051
18,284408.2,STANDING,2.70,0.063
18,284441.7,STANDING,3.43,0.091
18,284475.8,STANDING,4.29,0.126
18,284509.0,STANDING,4.85,0.192
18,284541.3,STANDING,5.07,0.181
18,284574.6,STANDING,5.54,0.067
18,284599.7,STANDING,5.91,0.015
18,284641.4,STANDING,6.16,-0.005
18,284675.7,STANDING,6.25,0.013
18,284709.0,STANDING,6.68,0.097
18,284741.7,STANDING,7.20,0.190
18,284774.6,STANDING,7.49,0.207
18,284808.1,STANDING,7.36,0.252
18,284842.3,STANDING,6.89,0.213
18,284875.7,STANDING,6.09,0.183
18,284908.3,STANDING,5.24,0.227
18,284941.7,STANDING,10.81,0.278
18,284975.2,STANDING,6.70,0.344
18,285009.0,STANDING,10.14,0.311
18,285041.5,STANDING,7.37,0.281
18,285075.0,STANDING,9.62,0.210
18,285108.0,STANDING,7.31,0.234
18,285141.3,STANDING,8.02,0.253
18,285175.7,STANDING,9.47,0.275
18,285199.6,STANDING,12.68,0.118
18,285241.4,STANDING,26.56,0.016
18,285274.7,STANDING,32.77,0.002
18,285308.1,STANDING,34.43,0.038
18,285341.3,STANDING,33.85,0.102
18,285374.6,STANDING,31.28,0.120
18,285400.8,STANDING,29.89,0.019
18,285442.4,STANDING,30.67,-0.011
18,285475.8,STANDING,28.77,0.008
18,285508.0,STANDING,28.58,0.008
18,285541.4,STANDING,27.70,-0.006
18,285574.7,STANDING,27.98,0.006
18,285608.3,STANDING,28.06,-0.039
18,285641.6,STANDING,27.95,-0.034
18,285674.7,STANDING,29.34,-0.015
18,285708.0,STANDING,34.45,-0.137
18,285741.3,STANDING,36.27,-0.102
18,285775.6,STANDING,35.25,-0.056
18,285808.1,STANDING,35.63,-0.226
18,285841.6,STANDING,35.66,-0.282
18,285874.8,STANDING,34.69,-0.214
18,285907.9,STANDING,34.19,-0.238
18,285933.0,STANDING,31.94,-0.177
18,285974.9,STANDING,28.84,-0.112
18,286009.1,STANDING,26.75,-0.109
18,286042.3,STANDING,26.05,-0.089
18,286075.0,STANDING,24.72,-0.018
18,286108.0,STANDING,23.75,-0.097
18,286141.6,STANDING,21.69,-0.054
18,286175.8,STANDING,18.89,-0.166
18,286207.9,STANDING,15.97,-0.112
18,286241.4,STANDING,12.52,-0.152
18,286274.8,STANDING,9.08,-0.180
18,286308.4,STANDING,6.48,-0.252
18,286341.7,STANDING,4.43,-0.284
18,286375.0,STANDING,3.08,-0.261
18,286408.1,STANDING,2.00,-0.263
18,286441.7,STANDING,1.36,-0.262
18,286474.8,STANDING,1.19,-0.231
18,286508.3,STANDING,1.42,-0.222
18,286541.3,STANDING,1.74,-0.148
18,286575.0,STANDING,1.95,-0.116
18,286609.0,STANDING,1.96,-0.107
18,286641.5,STANDING,1.92,-0.130
18,286674.6,STANDING,1.85,-0.089
18,286708.0,STANDING,1.83,-0.076
18,286741.5,STANDING,1.79,-0.072
18,286774.8,STANDING,1.71,-0.070
18,286808.5,STANDING,1.68,-0.090
18,286841.3,STANDING,1.71,-0.094
18,286874.6,STANDING,1.83,-0.100
18,286908.2,STANDING,1.97,-0.077
18,286941.7,STANDING,2.07,-0.074
18,286974.6,STANDING,2.13,-0.043
18,287008.1,STANDING,2.07,-0.036
18,287041.7,STANDING,2.02,-0.048
18,287074.7,STANDING,2.00,-0.060
18,287108.3,STANDING,2.00,-0.066
18,287141.3,STANDING,2.00,-0.079
18,287175.0,STANDING,1.98,-0.043
18,287208.3,STANDING,1.98,-0.023
18,287241.5,STANDING,2.01,-0.004
18,287274.7,STANDING,2.05,-0.009
18,287308.2,STANDING,2.10,-0.003
18,287341.3,STANDING,2.16,-0.002
18,287374.8,STANDING,2.13,0.001
18,287409.1,STANDING,2.02,0.002
18,287441.4,STANDING,1.89,-0.003
18,287474.7,STANDING,1.75,-0.006
18,287507.9,STANDING,1.63,-0.003
18,287541.3,STANDING,1.53,-0.002
18,287574.7,STANDING,1.45,-0.001
18,287608.3,STANDING,1.37,0.002
18,287641.4,STANDING,1.21,0.004
18,287674.9,STANDING,1.09,0.006
18,287708.2,STANDING,0.92,0.019
18,287741.3,STANDING,0.77,0.013
18,287774.9,STANDING,0.68,0.029
18,287808.1,STANDING,0.62,0.033
18,287842.4,STANDING,0.61,0.047
18,287874.9,STANDING,0.62,0.035
18,287908.1,STANDING,0.74,0.019
18,287941.3,STANDING,0.99,0.011
18,287974.8,STANDING,1.27,0.026
18,288008.3,STANDING,1.46,0.132
18,288041.5,STANDING,1.48,0.244
18,288075.9,STANDING,1.23,0.269
18,288107.9,STANDING,1.15,0.290
18,288141.6,STANDING,1.43,0.317
18,288175.7,STANDING,1.82,0.218
18,288208.3,STANDING,2.00,0.205
18,288241.6,STANDING,1.57,0.205
18,288274.6,STANDING,1.00,0.142
18,288308.2,STANDING,0.75,0.144
18,288341.5,STANDING,1.74,0.281
18,288374.6,STANDING,1.23,0.342
18,288408.4,FALLING,4.61,0.588
18,288441.7,FALLING,8.40,0.443
18,288475.2,FALLING,14.37,0.306
18,288508.2,FALLING,19.07,0.396
18,288541.3,FALLING,20.95,0.498
18,288574.7,FALLING,24.12,0.239
18,288608.0,FALLING,30.13,0.196
18,288641.4,FALLING,35.07,0.176
18,288674.8,FALLING,40.66,0.161
18,288709.1,FALLING,43.10,0.174
18,288741.2,FALLING,44.84,0.120
18,288775.0,FALLING,46.67,0.042
18,288809.0,FALLING,47.86,0.046
18,288841.3,FALLING,49.25,0.030
18,288875.1,FALLING,49.10,0.045
18,288908.0,FALLING,49.25,0.011
18,288941.7,FALLING,50.39,-0.006
18,288975.1,FALLING,51.93,-0.027
18,289007.9,FALLING,53.64,-0.029
18,289041.3,FALLING,54.65,-0.031
18,289074.6,FALLING,55.33,-0.002
18,289107.9,FALLING,55.90,-0.015
18,289141.3,FALLING,56.24,-0.014
18,289174.7,FALLING,55.74,-0.016
18,289208.1,FALLING,54.77,-0.011
18,289241.4,FALLING,52.19,-0.013
18,289275.0,FALLING,49.71,-0.062
18,289308.2,FALLING,47.24,-0.086
18,289341.4,FALLING,45.79,-0.103
18,289374.8,FALLING,44.48,-0.123
18,289408.0,FALLING,42.06,-0.089
18,289441.3,STANDING,39.67,-0.074
18,289474.7,STANDING,37.29,-0.032
18,289508.2,STANDING,34.46,0.063
18,289541.6,STANDING,31.40,0.100
18,289574.6,STANDING,28.60,0.110
18,289608.0,STANDING,25.86,0.082
18,289641.6,STANDING,23.46,0.051
18,289675.6,STANDING,21.19,0.045
18,289708.4,STANDING,19.37,0.040
18,289741.7,STANDING,17.50,-0.011
18,289774.7,STANDING,15.42,0.014
18,289808.7,STANDING,13.28,-0.014
18,289841.8,STANDING,11.19,-0.047
18,289875.1,STANDING,9.61,-0.051
18,289908.1,STANDING,8.47,-0.099
18,289941.3,STANDING,7.68,-0.188
18,289974.7,STANDING,6.81,-0.333
18,290008.3,STANDING,6.19,-0.160
18,290041.3,STANDING,6.37,-0.137
18,290074.6,STANDING,6.45,-0.112
18,290108.0,STANDING,6.24,-0.029
18,290141.6,STANDING,5.81,-0.041
18,290174.6,STANDING,5.34,-0.061
18,290207.9,STANDING,4.79,-0.107
18,290241.3,STANDING,4.57,-0.102
18,290275.7,STANDING,4.38,-0.053
18,290308.3,STANDING,4.13,-0.078
18,290341.7,STANDING,3.63,-0.070
18,290374.9,STANDING,3.26,-0.021
18,290407.9,STANDING,2.81,-0.018
18,290441.3,STANDING,2.33,0.057
18,290474.6,STANDING,1.90,0.120
18,290508.3,STANDING,1.68,0.133
18,290541.3,STANDING,1.52,0.139
18,290574.8,STANDING,1.46,0.175
18,290607.9,STANDING,1.40,0.214
18,290641.6,STANDING,1.27,0.235
18,290674.9,STANDING,1.20,0.265
18,290708.2,STANDING,1.10,0.294
18,290741.6,STANDING,1.24,0.314
18,290775.1,STANDING,1.58,0.328
18,290808.2,STANDING,1.84,0.264
18,290841.7,STANDING,2.11,0.274
18,290874.8,STANDING,2.31,0.192
18,290908.4,STANDING,2.68,0.217
18,290941.8,STANDING,2.81,0.260
18,290974.6,STANDING,2.77,0.301
18,291008.0,STANDING,2.86,0.363
18,291041.3,STANDING,3.04,0.374
18,291074.8,STANDING,3.27,0.351
18,291108.0,STANDING,3.38,0.392
18,291141.4,STANDING,3.38,0.394
18,291174.7,STANDING,3.22,0.259
18,291208.1,STANDING,3.04,0.306
18,291241.4,STANDING,2.91,0.346
18,291274.6,STANDING,2.70,0.296
18,291308.0,STANDING,2.42,0.328
18,291341.4,STANDING,2.16,0.328
18,291375.0,STANDING,1.89,0.293
18,291408.0,STANDING,1.55,0.277
18,291441.2,STANDING,1.25,0.266
18,291474.6,STANDING,0.91,0.268
18,291508.0,STANDING,0.70,0.387
18,291541.3,STANDING,0.58,0.420
18,291566.3,FALLING,0.84,0.720
18,291608.1,FALLING,1.05,0.611
18,291632.9,FALLING,1.04,0.503
18,291674.9,FALLING,1.35,0.682
18,291708.0,FALLING,1.43,0.679
18,291741.6,FALLING,1.72,0.691
18,291774.6,FALLING,1.66,0.515
18,291808.5,FALLING,1.36,0.373
18,291841.7,FALLING,1.09,0.419
18,291875.1,FALLING,0.78,0.432
18,291908.4,FALLING,0.71,0.558
18,291941.5,FALLING,0.94,0.389
18,291975.1,FALLING,1.21,0.444
18,292008.4,FALLING,1.53,0.504
18,292041.3,FALLING,1.96,0.472
18,292074.7,FALLING,2.13,0.593
18,292108.3,FALLING,2.14,0.297
18,292141.3,FALLING,2.07,0.484
18,292174.8,FALLING,1.99,0.320
18,292208.1,FALLING,1.96,0.208
18,292241.5,FALLING,2.00,0.306
18,292274.7,FALLING,2.12,0.255
18,292307.9,FALLING,2.27,0.313
18,292341.5,FALLING,2.35,0.284
18,292374.9,FALLING,2.53,0.402
18,292408.0,FALLING,2.47,0.394
18,292441.2,FALLING,2.73,0.245
18,292474.6,FALLING,2.76,0.575
18,292508.1,FALLING,2.86,0.439
18,292541.3,FALLING,2.81,0.418
18,292574.6,STANDING,2.81,0.417
18,292608.1,STANDING,2.67,0.384
18,292641.4,STANDING,2.72,0.278
18,292674.8,STANDING,2.90,0.198
18,292708.0,STANDING,3.17,0.211
18,292741.3,STANDING,3.16,0.225
18,292774.7,STANDING,3.00,0.438
18,292808.0,FALLING,2.68,0.567
18,292841.4,FALLING,2.41,0.616
18,292874.9,FALLING,2.24,0.436
18,292908.1,FALLING,2.16,0.279
18,292941.5,FALLING,2.06,0.216
18,292974.6,FALLING,2.00,0.200
18,293007.9,FALLING,1.86,0.327
18,293041.6,FALLING,1.70,0.348
18,293074.7,FALLING,1.58,0.281
18,293108.2,FALLING,1.52,0.143
18,293141.3,FALLING,1.39,0.026
18,293174.9,FALLING,1.23,0.092
18,293208.0,FALLING,1.05,0.045
18,293241.6,FALLING,0.89,0.016
18,293275.8,FALLING,0.71,0.127
18,293308.3,FALLING,0.67,0.194
18,293341.3,FALLING,0.54,0.090
18,293374.6,FALLING,0.43,0.191
18,293408.3,FALLING,0.36,0.107
18,293441.5,FALLING,0.27,0.046
18,293474.8,FALLING,0.23,0.124
18,293508.0,FALLING,0.23,0.143
18,293541.4,FALLING,0.22,0.069
18,293574.9,FALLING,0.29,0.249
18,293608.1,FALLING,0.57,0.419
18,293641.5,FALLING,0.85,0.248
18,293674.8,FALLING,0.99,0.137
18,293708.2,FALLING,1.07,0.139
18,293741.5,FALLING,1.14,0.073
18,293774.8,FALLING,1.18,0.072
18,293808.0,FALLING,1.23,0.029
18,293841.7,STANDING,1.29,0.047
18,293874.7,STANDING,1.39,0.162
18,293908.4,STANDING,1.48,0.104
18,293941.6,STANDING,1.57,0.094
18,293974.9,STANDING,1.69,0.048
18,294008.2,STANDING,1.75,0.025
18,294041.3,STANDING,1.83,-0.027
18,294074.8,STANDING,1.85,-0.107
18,294108.1,STANDING,1.79,-0.061
18,294141.5,STANDING,1.70,-0.067
18,294174.8,STANDING,1.65,-0.137
18,294208.2,STANDING,1.60,-0.164
18,294241.7,STANDING,1.60,-0.105
18,294274.7,STANDING,1.53,-0.067
18,294308.1,STANDING,1.45,-0.112
19,294341.8,STANDING,1.41,-0.067
19,294374.6,STANDING,1.41,-0.107
19,294408.4,STANDING,1.40,-0.094
19,294441.8,STANDING,1.38,-0.160
19,294474.9,STANDING,1.36,-0.105
19,294508.1,STANDING,1.31,-0.106
19,294541.6,STANDING,1.27,-0.049
19,294575.1,STANDING,1.22,-0.046
19,294608.0,STANDING,1.18,-0.035
19,294641.3,STANDING,1.06,-0.078
19,294675.0,STANDING,1.01,-0.038
19,294708.0,STANDING,0.86,-0.046
19,294741.5,STANDING,0.84,-0.165
19,294775.0,STANDING,0.86,-0.180
19,294808.1,STANDING,0.91,-0.171
19,294841.8,STANDING,0.98,-0.323
19,294875.7,STANDING,1.11,-0.338
19,294908.0,STANDING,1.14,-0.480
19,294941.5,STANDING,1.33,-0.527
19,294966.4,STANDING,1.57,-0.500
19,295008.1,STANDING,1.83,-0.686
19,295041.4,STANDING,2.17,-0.548
19,295074.8,STANDING,2.25,-0.659
19,295108.1,STANDING,2.26,-0.508
19,295141.3,STANDING,2.12,-0.285
19,295174.6,STANDING,1.81,-0.263
19,295208.4,STANDING,1.52,-0.443
19,295241.7,STANDING,1.12,-0.878
19,295275.9,STANDING,0.83,-0.943
19,295308.3,STANDING,0.59,-1.023
19,295341.3,STANDING,0.95,-1.130
19,295374.8,STANDING,1.68,-1.437
19,295408.3,STANDING,2.63,-1.353
19,295441.5,STANDING,3.60,-1.429
19,295474.8,STANDING,4.21,-0.715
19,295508.4,STANDING,4.78,-1.074
19,295541.7,STANDING,4.81,-1.239
19,295575.1,STANDING,4.70,-1.119
19,295608.0,STANDING,4.24,-0.781
19,295641.3,STANDING,3.73,-0.647
19,295675.0,STANDING,3.35,-0.248
19,295708.3,STANDING,2.74,-0.181
19,295741.5,STANDING,1.65,-0.264
19,295774.7,STANDING,1.67,-0.283
19,295808.1,STANDING,2.08,-0.312
19,295841.6,STANDING,2.61,-0.366
19,295874.9,STANDING,2.79,-0.435
19,295908.0,STANDING,2.78,-0.609
19,295941.4,STANDING,2.48,-0.607
19,295974.9,STANDING,2.01,-0.575
19,296008.1,STANDING,1.51,-0.489
19,296041.6,STANDING,0.91,-0.414
19,296075.0,STANDING,0.59,-0.333
19,296108.0,STANDING,0.36,-0.316
19,296142.3,STANDING,0.35,-0.307
19,296175.0,STANDING,0.57,-0.280
19,296208.1,STANDING,0.89,-0.263
19,296241.5,STANDING,1.49,-0.287
19,296274.8,STANDING,2.03,-0.268
19,296308.2,STANDING,2.28,-0.394
19,296341.5,STANDING,2.34,-0.402
19,296374.8,STANDING,1.93,-0.496
19,296408.1,STANDING,1.23,-0.387
19,296441.5,STANDING,1.11,-0.420
19,296474.9,STANDING,0.99,-0.368
19,296508.1,STANDING,1.04,-0.381
19,296541.5,STANDING,1.15,-0.326
19,296574.8,STANDING,1.18,-0.273
19,296608.1,STANDING,1.29,-0.225
19,296641.4,STANDING,1.44,-0.217
19,296675.1,STANDING,1.68,-0.158
19,296708.0,STANDING,2.08,-0.132
19,296741.3,STANDING,2.67,-0.130
19,296774.6,STANDING,3.48,-0.129
19,296808.0,STANDING,4.43,-0.096
19,296841.4,STANDING,5.55,-0.086
19,296874.9,STANDING,6.74,-0.092
19,296908.3,STANDING,7.86,-0.077
19,296941.4,STANDING,9.08,-0.059
19,296974.8,STANDING,10.21,-0.051
19,297008.2,STANDING,11.18,-0.100
19,297041.7,STANDING,12.47,-0.087
19,297074.7,STANDING,14.15,-0.127
19,297108.3,STANDING,16.21,-0.187
19,297141.3,STANDING,18.16,-0.189
19,297175.1,STANDING,19.74,-0.097
19,297208.1,STANDING,22.14,-0.089
19,297241.7,STANDING,25.39,-0.052
19,297275.0,STANDING,29.84,-0.103
19,297308.2,STANDING,35.28,-0.089
19,297341.5,STANDING,41.01,-0.050
19,297375.7,STANDING,47.57,-0.072
19,297408.2,STANDING,56.09,-0.125
19,297441.3,STANDING,62.95,-0.074
19,297473.8,STANDING,70.61,-0.027
19,297507.2,STANDING,77.86,0.000
19,297533.1,STANDING,82.17,0.175
19,297574.7,STANDING,83.04,0.145
19,297599.7,STANDING,80.28,0.102
19,297641.4,STANDING,75.77,0.083
19,297674.7,STANDING,70.29,0.073
19,297707.3,STANDING,65.18,0.104
19,297741.3,STANDING,60.79,0.111
19,297774.7,STANDING,57.03,0.130
19,297808.2,STANDING,54.61,0.183
19,297841.8,STANDING,53.06,0.233
19,297875.1,STANDING,51.53,0.277
19,297908.0,STANDING,51.41,0.282
19,297941.3,STANDING,51.23,0.212
19,297974.7,STANDING,50.94,0.159
19,298007.9,STANDING,51.70,0.183
19,298041.8,STANDING,52.44,0.151
19,298075.1,STANDING,53.44,0.152
19,298108.0,STANDING,54.24,0.108
19,298141.6,STANDING,55.44,0.109
19,298175.8,STANDING,55.74,0.096
19,298208.2,STANDING,56.23,0.130
19,298241.6,STANDING,56.41,0.069
19,298275.1,STANDING,56.95,0.096
19,298308.3,STANDING,57.28,0.072
19,298341.7,STANDING,58.03,0.095
19,298374.9,STANDING,59.84,0.175
19,298408.0,STANDING,60.41,0.099
19,298440.4,STANDING,61.30,0.100
19,298474.2,STANDING,60.69,0.053
19,298508.1,STANDING,60.97,0.060
19,298541.7,STANDING,60.83,0.044
19,298573.7,STANDING,60.74,0.032
19,298608.3,STANDING,60.68,0.034
19,298641.5,STANDING,60.71,0.032
19,298674.9,STANDING,61.03,0.032
19,298707.3,STANDING,61.43,0.025
19,298741.4,STANDING,61.47,0.012
19,298774.8,STANDING,61.36,0.016
19,298808.1,STANDING,61.43,0.042
19,298841.4,STANDING,61.63,0.048
19,298874.8,STANDING,62.63,0.108
19,298908.0,STANDING,63.72,0.115
19,298941.5,STANDING,64.88,0.124
19,298975.0,STANDING,66.64,0.165
19,299008.0,STANDING,68.75,0.218
19,299041.4,STANDING,71.26,0.239
19,299074.0,STANDING,74.05,0.251
19,299108.2,STANDING,77.87,0.334
19,299142.3,STANDING,81.46,0.331
19,299174.8,STANDING,84.01,0.380
19,299208.3,STANDING,84.89,0.306
19,299241.6,STANDING,82.44,0.381
19,299273.7,STANDING,81.06,0.317
19,299308.0,STANDING,80.74,0.240
19,299341.4,STANDING,80.54,0.202
19,299374.8,STANDING,80.91,0.139
19,299408.2,STANDING,82.36,0.093
19,299441.5,STANDING,83.43,0.067
19,299475.7,STANDING,84.71,0.039
19,299508.0,STANDING,85.71,0.023
19,299541.3,STANDING,84.73,-0.009
19,299574.7,STANDING,82.05,0.029
19,299608.5,STANDING,78.53,0.004
19,299641.3,STANDING,75.07,0.042
19,299675.8,STANDING,71.32,0.019
19,299708.4,STANDING,67.99,0.007
19,299741.3,STANDING,65.30,0.000
19,299774.0,STANDING,62.86,0.009
19,299808.3,STANDING,61.11,0.018
19,299841.3,STANDING,59.04,-0.000
19,299876.0,STANDING,57.51,0.012
19,299907.9,STANDING,56.90,-0.000
19,299942.6,STANDING,56.16,-0.006
19,299975.1,STANDING,55.44,-0.010
19,300008.2,STANDING,55.18,0.038
19,300041.7,STANDING,52.53,0.042
19,300075.7,STANDING,52.90,0.007
19,300108.1,STANDING,52.90,0.079
19,300141.6,STANDING,53.61,-0.035
19,300175.1,STANDING,54.10,-0.040
19,300208.4,STANDING,54.49,-0.002
19,300240.4,STANDING,54.22,-0.015
19,300275.1,STANDING,54.64,-0.011
19,300307.9,STANDING,54.90,-0.016
19,300342.5,STANDING,55.05,0.001
19,300374.8,STANDING,55.14,0.003
19,300408.3,STANDING,55.17,-0.002
19,300441.4,STANDING,55.18,-0.001
19,300475.0,STANDING,55.26,-0.005
19,300508.4,STANDING,55.31,-0.001
19,300541.3,STANDING,55.27,-0.002
19,300574.7,STANDING,55.17,-0.001
19,300609.0,STANDING,55.09,-0.001
19,300641.8,STANDING,55.05,0.001
19,300674.6,STANDING,54.86,-0.002
19,300708.0,STANDING,54.75,0.001
19,300741.8,STANDING,54.59,-0.002
19,300774.8,STANDING,54.46,-0.003
19,300808.0,STANDING,54.41,-0.017
19,300841.4,STANDING,54.88,-0.009
19,300875.7,STANDING,55.73,-0.029
19,300908.2,STANDING,57.54,-0.029
19,300941.3,STANDING,59.01,-0.030
19,300975.0,STANDING,60.22,-0.054
19,301009.0,STANDING,60.62,-0.099
19,301041.3,STANDING,60.84,-0.051
19,301075.0,STANDING,61.12,-0.071
19,301108.0,STANDING,61.25,-0.117
19,301141.2,STANDING,61.55,-0.057
19,301174.7,STANDING,61.80,-0.018
19,301208.4,STANDING,61.68,-0.004
19,301241.3,STANDING,61.70,0.012
19,301274.7,STANDING,61.70,0.014
19,301308.3,STANDING,62.24,0.013
19,301341.6,STANDING,63.09,0.016
19,301374.6,STANDING,64.29,0.017
19,301408.3,STANDING,67.24,0.010
19,301441.8,STANDING,70.06,0.019
19,301475.2,STANDING,73.21,0.005
19,301508.5,STANDING,74.95,0.007
19,301541.5,STANDING,78.41,-0.027
19,301575.0,STANDING,79.93,-0.041
19,301608.0,STANDING,81.22,-0.055
19,301641.4,STANDING,82.75,-0.049
19,301675.9,STANDING,85.37,-0.037
19,301708.0,STANDING,85.53,-0.066
19,301741.5,STANDING,84.23,-0.052
19,301774.7,STANDING,83.54,-0.083
19,301808.2,STANDING,83.08,-0.123
19,301841.4,STANDING,82.50,-0.154
19,301875.7,STANDING,82.91,-0.169
19,301909.1,STANDING,83.98,-0.183
19,301941.3,STANDING,84.93,-0.165
19,301975.7,STANDING,85.80,-0.173
19,302008.1,STANDING,86.53,-0.223
19,302042.4,STANDING,84.87,-0.250
19,302074.8,STANDING,84.81,-0.194
19,302108.1,STANDING,84.52,-0.191
19,302141.5,STANDING,84.12,-0.134
19,302174.8,STANDING,85.03,-0.072
19,302208.1,STANDING,85.50,-0.075
19,302241.5,STANDING,86.22,-0.059
19,302274.7,STANDING,86.64,-0.041
19,302308.1,STANDING,87.01,-0.027
19,302341.3,STANDING,87.47,-0.009
19,302374.7,STANDING,88.22,-0.016
19,302408.5,STANDING,87.91,-0.020
19,302441.6,STANDING,87.51,-0.055
19,302474.7,STANDING,86.12,-0.112
19,302508.4,STANDING,82.71,-0.081
19,302541.3,STANDING,79.33,-0.073
19,302574.7,STANDING,74.76,-0.042
19,302608.4,STANDING,70.15,-0.031
19,302641.9,STANDING,65.39,-0.026
19,302675.1,STANDING,59.86,-0.035
19,302708.3,STANDING,54.92,0.027
19,302741.6,STANDING,49.84,0.033
19,302774.7,STANDING,44.76,0.039
19,302808.0,STANDING,39.69,0.037
19,302841.5,STANDING,34.98,0.041
19,302875.0,STANDING,30.00,0.194
19,302908.1,STANDING,24.96,0.247
19,302941.5,STANDING,19.78,0.286
19,302974.8,STANDING,15.27,0.300
19,303008.3,STANDING,11.52,0.224
19,303041.3,STANDING,8.50,0.169
19,303074.9,STANDING,5.80,0.109
19,303108.5,STANDING,3.94,0.085
19,303141.4,STANDING,2.39,0.075
19,303174.6,STANDING,2.33,0.050
19,303208.0,STANDING,3.59,-0.062
19,303241.5,STANDING,5.36,-0.131
19,303274.8,STANDING,7.44,-0.237
19,303309.1,STANDING,9.05,-0.265
19,303341.6,STANDING,10.41,-0.308
19,303375.0,STANDING,11.41,-0.193
19,303408.1,STANDING,11.52,-0.056
19,303441.6,STANDING,10.77,-0.002
19,303474.6,STANDING,10.27,0.018
19,303508.0,STANDING,9.88,0.061
19,303541.6,STANDING,9.73,0.063
19,303575.0,STANDING,9.93,0.062
19,303608.5,STANDING,9.95,0.216
19,303641.4,STANDING,9.83,0.337
19,303674.6,STANDING,9.52,0.411
19,303708.2,FALLING,8.97,0.498
19,303741.4,FALLING,8.34,0.554
19,303774.7,FALLING,7.73,0.658
19,303808.4,FALLING,7.02,0.622
19,303841.7,FALLING,6.17,0.528
19,303874.7,FALLING,5.50,0.592
19,303908.0,FALLING,4.92,0.646
19,303941.6,FALLING,4.78,0.450
19,303975.1,FALLING,4.73,0.335
19,304008.4,FALLING,4.57,0.266
19,304041.3,FALLING,4.36,0.230
19,304074.9,FALLING,4.21,0.134
19,304108.0,FALLING,4.06,0.085
19,304141.3,FALLING,3.88,0.164
19,304174.7,FALLING,3.60,0.171
19,304208.3,FALLING,3.36,0.177
19,304241.7,FALLING,3.13,0.191
19,304274.9,FALLING,3.18,0.075
19,304308.2,FALLING,2.89,0.183
19,304341.4,FALLING,2.56,0.316
19,304374.7,FALLING,2.46,0.435
19,304408.0,FALLING,2.52,0.390
19,304441.6,FALLING,2.41,0.746
19,304474.9,FALLING,2.15,1.315
19,304508.2,FALLING,2.06,1.481
19,304541.4,FALLING,1.91,1.611
19,304574.7,FALLING,1.81,1.605
19,304608.5,FALLING,2.03,1.574
19,304641.8,FALLING,1.93,1.362
19,304675.1,FALLING,1.55,0.992
19,304708.4,STANDING,1.39,0.729
19,304741.3,FALLING,1.37,0.671
19,304775.1,FALLING,1.66,0.624
19,304808.0,FALLING,1.81,0.712
19,304841.3,FALLING,2.06,0.372
19,304874.7,FALLING,2.25,0.293
19,304908.1,FALLING,2.52,0.376
19,304941.5,FALLING,2.95,0.420
19,304974.8,FALLING,3.25,0.190
19,305008.1,FALLING,3.56,0.140
19,305041.5,FALLING,3.66,0.184
19,305074.8,FALLING,3.75,0.201
19,305108.2,FALLING,3.92,0.298
19,305141.5,FALLING,4.05,0.164
19,305174.8,FALLING,4.11,0.208
19,305208.1,FALLING,4.04,0.033
19,305241.7,FALLING,4.07,-0.039
20,305274.6,FALLING,4.01,-0.049
20,305308.2,FALLING,4.06,-0.053
20,305341.8,FALLING,4.16,0.065
20,305375.9,FALLING,4.33,0.079
20,305408.1,FALLING,4.36,0.093
20,305441.5,FALLING,4.29,0.051
20,305474.8,FALLING,4.22,0.405
20,305508.1,FALLING,4.09,0.312
20,305541.4,FALLING,3.93,0.219
20,305574.8,FALLING,3.75,0.380
20,305608.1,FALLING,3.64,0.258
20,305641.5,FALLING,3.51,0.107
20,305675.1,FALLING,3.34,0.022
20,305708.5,FALLING,3.25,-0.011
20,305741.5,STANDING,3.14,-0.030
20,305774.8,STANDING,3.02,-0.302
20,305808.0,STANDING,2.49,-0.291
20,305841.3,STANDING,1.95,-0.540
20,305875.7,STANDING,1.73,-0.402
20,305908.3,STANDING,1.79,-0.206
20,305941.6,STANDING,1.79,-0.678
20,305974.7,STANDING,1.54,-0.547
20,306008.0,STANDING,1.43,-0.353
20,306041.6,STANDING,1.49,-0.546
20,306074.7,STANDING,1.94,-0.512
20,306108.2,STANDING,2.30,-0.323
20,306141.7,STANDING,2.46,-0.192
20,306174.8,STANDING,2.63,-0.296
20,306208.1,STANDING,2.94,-0.240
20,306241.3,STANDING,3.18,-0.163
20,306274.7,STANDING,3.27,-0.047
20,306309.1,STANDING,3.31,-0.008
20,306341.4,STANDING,3.30,0.019
20,306374.7,STANDING,3.26,-0.005
20,306408.0,STANDING,3.19,-0.008
20,306441.4,STANDING,2.99,0.003
20,306474.6,STANDING,2.66,0.023
20,306508.1,STANDING,2.41,0.139
20,306541.4,STANDING,2.20,0.089
20,306574.7,STANDING,1.83,0.192
20,306608.0,STANDING,1.61,0.115
20,306641.4,STANDING,1.51,-0.024
20,306667.3,STANDING,1.54,-0.012
20,306713.7,STANDING,1.54,0.151
20,306738.4,STANDING,1.53,0.080
20,306778.9,STANDING,1.52,0.080
20,306812.1,STANDING,1.49,0.049
20,306845.4,STANDING,1.44,0.043
20,306878.8,STANDING,1.42,0.055
20,306912.2,STANDING,1.38,0.037
20,306945.5,STANDING,1.33,-0.031
20,306978.9,STANDING,1.26,0.065
20,307003.9,STANDING,1.23,-0.158
20,307045.5,STANDING,1.20,0.006
20,307078.8,STANDING,1.23,-0.227
20,307112.2,STANDING,1.25,0.053
20,307145.5,STANDING,1.31,-0.065
20,307178.8,STANDING,1.38,0.097
20,307203.8,STANDING,1.51,0.055
20,307245.5,STANDING,1.47,0.062
20,307278.8,STANDING,1.57,0.032
20,307312.7,STANDING,1.54,0.191
20,307337.2,STANDING,1.49,-0.284
20,307378.8,STANDING,1.45,-0.108
20,307412.6,STANDING,1.52,-0.095
20,307437.2,STANDING,1.61,-0.085
20,307479.1,STANDING,1.54,-0.131
20,307513.3,STANDING,1.57,-0.211
20,307546.6,STANDING,1.55,-0.117
20,307578.8,STANDING,1.76,-0.284
20,307612.2,STANDING,1.95,-0.144
20,307638.2,STANDING,2.10,0.065
20,307675.2,STANDING,2.23,0.019
20,307708.0,STANDING,2.21,0.248
20,307739.2,STANDING,2.36,-0.040
20,307772.5,STANDING,2.44,0.012
20,307805.0,STANDING,2.30,0.072
20,307837.1,STANDING,2.12,0.211
20,307879.2,STANDING,1.99,0.131
20,307911.3,STANDING,1.92,0.150
20,307945.8,STANDING,1.99,-0.084
20,307970.4,STANDING,1.94,0.049
20,308012.1,STANDING,1.99,0.020
20,308038.0,STANDING,1.89,0.033
20,308079.0,STANDING,1.73,0.061
20,308112.4,STANDING,1.65,0.088
20,308145.4,STANDING,1.59,0.059
20,308180.0,STANDING,1.60,0.024
20,308203.7,STANDING,1.62,0.014
20,308238.1,STANDING,1.55,0.023
20,308270.5,STANDING,1.52,-0.040